# CatNapClub cap: CapRed. Generated by StudentModels/make_cap.py
o CapRed
v 0.000000 0.000000 0.560000
v 0.043578 0.000000 0.557869
v 0.086824 0.000000 0.551492
v 0.129410 0.000000 0.540918
v 0.171010 0.000000 0.526228
v 0.211309 0.000000 0.507532
v 0.250000 0.000000 0.484974
v 0.286788 0.000000 0.458725
v 0.321394 0.000000 0.428985
v 0.353553 0.000000 0.395980
v 0.383022 0.000000 0.359961
v 0.409576 0.000000 0.321203
v 0.433013 0.000000 0.280000
v 0.453154 0.000000 0.236666
v 0.469846 0.000000 0.191531
v 0.482963 0.000000 0.144939
v 0.492404 0.000000 0.097243
v 0.498097 0.000000 0.048807
v 0.500000 0.000000 0.000000
v 0.498097 0.000000 -0.048807
v 0.492404 0.000000 -0.097243
v 0.482963 0.000000 -0.144939
v 0.469846 0.000000 -0.191531
v 0.453154 0.000000 -0.236666
v 0.433013 0.000000 -0.280000
v 0.409576 0.000000 -0.321203
v 0.383022 0.000000 -0.359961
v 0.353553 0.000000 -0.395980
v 0.321394 0.000000 -0.428985
v 0.286788 0.000000 -0.458725
v 0.250000 0.000000 -0.484974
v 0.211309 0.000000 -0.507532
v 0.171010 0.000000 -0.526228
v 0.129410 0.000000 -0.540918
v 0.086824 0.000000 -0.551492
v 0.043578 0.000000 -0.557869
v 0.000000 0.000000 -0.560000
v -0.043578 0.000000 -0.557869
v -0.086824 0.000000 -0.551492
v -0.129410 0.000000 -0.540918
v -0.171010 0.000000 -0.526228
v -0.211309 0.000000 -0.507532
v -0.250000 0.000000 -0.484974
v -0.286788 0.000000 -0.458725
v -0.321394 0.000000 -0.428985
v -0.353553 0.000000 -0.395980
v -0.383022 0.000000 -0.359961
v -0.409576 0.000000 -0.321203
v -0.433013 0.000000 -0.280000
v -0.453154 0.000000 -0.236666
v -0.469846 0.000000 -0.191531
v -0.482963 0.000000 -0.144939
v -0.492404 0.000000 -0.097243
v -0.498097 0.000000 -0.048807
v -0.500000 0.000000 -0.000000
v -0.498097 0.000000 0.048807
v -0.492404 0.000000 0.097243
v -0.482963 0.000000 0.144939
v -0.469846 0.000000 0.191531
v -0.453154 0.000000 0.236666
v -0.433013 0.000000 0.280000
v -0.409576 0.000000 0.321203
v -0.383022 0.000000 0.359961
v -0.353553 0.000000 0.395980
v -0.321394 0.000000 0.428985
v -0.286788 0.000000 0.458725
v -0.250000 0.000000 0.484974
v -0.211309 0.000000 0.507532
v -0.171010 0.000000 0.526228
v -0.129410 0.000000 0.540918
v -0.086824 0.000000 0.551492
v -0.043578 0.000000 0.557869
v 0.000000 0.067050 0.570516
v 0.043990 0.066991 0.568373
v 0.087648 0.066815 0.561959
v 0.130647 0.066522 0.551323
v 0.172662 0.066116 0.536543
v 0.213376 0.065598 0.517730
v 0.252483 0.064973 0.495024
v 0.289686 0.064246 0.468594
v 0.324705 0.063422 0.438637
v 0.357273 0.062507 0.405379
v 0.387143 0.061508 0.369067
v 0.414088 0.060433 0.329974
v 0.437901 0.059289 0.288394
v 0.458399 0.058085 0.244639
v 0.475425 0.056830 0.199039
v 0.488847 0.055535 0.151937
v 0.498558 0.054207 0.103691
v 0.504483 0.052858 0.054666
v 0.506571 0.051499 0.005233
v 0.504805 0.050138 -0.044231
v 0.499193 0.048786 -0.093351
v 0.489774 0.047455 -0.141750
v 0.476617 0.046153 -0.189058
v 0.459820 0.044892 -0.234915
v 0.439507 0.043680 -0.278966
v 0.415830 0.042527 -0.320875
v 0.388969 0.041442 -0.360317
v 0.359127 0.040433 -0.396990
v 0.326531 0.039508 -0.430609
v 0.291429 0.038674 -0.460915
v 0.254089 0.037938 -0.487673
v 0.214797 0.037305 -0.510676
v 0.173854 0.036779 -0.529745
v 0.131574 0.036365 -0.544732
v 0.088282 0.036066 -0.555522
v 0.044312 0.035884 -0.562029
v 0.000000 0.035823 -0.564204
v -0.044312 0.035884 -0.562029
v -0.088282 0.036066 -0.555522
v -0.131574 0.036365 -0.544732
v -0.173854 0.036779 -0.529745
v -0.214797 0.037305 -0.510676
v -0.254089 0.037938 -0.487673
v -0.291429 0.038674 -0.460915
v -0.326531 0.039508 -0.430609
v -0.359127 0.040433 -0.396990
v -0.388969 0.041442 -0.360317
v -0.415830 0.042527 -0.320875
v -0.439507 0.043680 -0.278966
v -0.459820 0.044892 -0.234915
v -0.476617 0.046153 -0.189058
v -0.489774 0.047455 -0.141750
v -0.499193 0.048786 -0.093351
v -0.504805 0.050138 -0.044231
v -0.506571 0.051499 0.005233
v -0.504483 0.052858 0.054666
v -0.498558 0.054207 0.103691
v -0.488847 0.055535 0.151937
v -0.475425 0.056830 0.199039
v -0.458399 0.058085 0.244639
v -0.437901 0.059289 0.288394
v -0.414088 0.060433 0.329974
v -0.387143 0.061508 0.369067
v -0.357273 0.062507 0.405379
v -0.324705 0.063422 0.438637
v -0.289686 0.064246 0.468594
v -0.252483 0.064973 0.495024
v -0.213376 0.065598 0.517730
v -0.172662 0.066116 0.536543
v -0.130647 0.066522 0.551323
v -0.087648 0.066815 0.561959
v -0.043990 0.066991 0.568373
v 0.000000 0.116988 0.578976
v 0.044243 0.116885 0.576828
v 0.088156 0.116578 0.570400
v 0.131412 0.116068 0.559739
v 0.173690 0.115359 0.544922
v 0.214672 0.114457 0.526058
v 0.254052 0.113367 0.503284
v 0.291536 0.112099 0.476767
v 0.326839 0.110660 0.446701
v 0.359696 0.109063 0.413308
v 0.389858 0.107318 0.376833
v 0.417093 0.105439 0.337546
v 0.441193 0.103439 0.295738
v 0.461972 0.101334 0.251720
v 0.479267 0.099138 0.205820
v 0.492941 0.096869 0.158382
v 0.502885 0.094543 0.109761
v 0.509015 0.092178 0.060325
v 0.511279 0.089792 0.010448
v 0.509651 0.087403 -0.039491
v 0.504138 0.085030 -0.089112
v 0.494774 0.082689 -0.138035
v 0.481623 0.080401 -0.185884
v 0.464780 0.078181 -0.232290
v 0.444367 0.076047 -0.276894
v 0.420537 0.074016 -0.319350
v 0.393467 0.072104 -0.359329
v 0.363361 0.070325 -0.396516
v 0.330448 0.068693 -0.430622
v 0.294979 0.067222 -0.461379
v 0.257226 0.065922 -0.488544
v 0.217479 0.064803 -0.511904
v 0.176046 0.063870 -0.531274
v 0.133245 0.063128 -0.546502
v 0.089409 0.062581 -0.557465
v 0.044879 0.062241 -0.564078
v 0.000000 0.062125 -0.566289
v -0.044879 0.062241 -0.564078
v -0.089409 0.062581 -0.557465
v -0.133245 0.063128 -0.546502
v -0.176046 0.063870 -0.531274
v -0.217479 0.064803 -0.511904
v -0.257226 0.065922 -0.488544
v -0.294979 0.067222 -0.461379
v -0.330448 0.068693 -0.430622
v -0.363361 0.070325 -0.396516
v -0.393467 0.072104 -0.359329
v -0.420537 0.074016 -0.319350
v -0.444367 0.076047 -0.276894
v -0.464780 0.078181 -0.232290
v -0.481623 0.080401 -0.185884
v -0.494774 0.082689 -0.138035
v -0.504138 0.085030 -0.089112
v -0.509651 0.087403 -0.039491
v -0.511279 0.089792 0.010448
v -0.509015 0.092178 0.060325
v -0.502885 0.094543 0.109761
v -0.492941 0.096869 0.158382
v -0.479267 0.099138 0.205820
v -0.461972 0.101334 0.251720
v -0.441193 0.103439 0.295738
v -0.417093 0.105439 0.337546
v -0.389858 0.107318 0.376833
v -0.359696 0.109063 0.413308
v -0.326839 0.110660 0.446701
v -0.291536 0.112099 0.476767
v -0.254052 0.113367 0.503284
v -0.214672 0.114457 0.526058
v -0.173690 0.115359 0.544922
v -0.131412 0.116068 0.559739
v -0.088156 0.116578 0.570400
v -0.044243 0.116885 0.576828
v 0.000000 0.161861 0.585228
v 0.044327 0.161719 0.583084
v 0.088327 0.161295 0.576665
v 0.131676 0.160593 0.566018
v 0.174053 0.159616 0.551219
v 0.215145 0.158371 0.532374
v 0.254647 0.156869 0.509617
v 0.292264 0.155119 0.483112
v 0.327714 0.153135 0.453049
v 0.360730 0.150930 0.419646
v 0.391063 0.148520 0.383146
v 0.418480 0.145924 0.343814
v 0.442769 0.143159 0.301937
v 0.463742 0.140247 0.257825
v 0.481233 0.137209 0.211801
v 0.495101 0.134067 0.164210
v 0.505231 0.130845 0.115404
v 0.511537 0.127568 0.065752
v 0.513961 0.124259 0.015628
v 0.512473 0.120944 -0.034587
v 0.507074 0.117648 -0.084512
v 0.497795 0.114397 -0.133762
v 0.484697 0.111215 -0.181957
v 0.467871 0.108128 -0.228724
v 0.447437 0.105159 -0.273699
v 0.423544 0.102332 -0.316529
v 0.396370 0.099668 -0.356877
v 0.366120 0.097189 -0.394426
v 0.333021 0.094915 -0.428876
v 0.297328 0.092863 -0.459955
v 0.259314 0.091049 -0.487414
v 0.219273 0.089483 -0.511033
v 0.177517 0.088171 -0.530622
v 0.134370 0.087109 -0.546025
v 0.090170 0.086301 -0.557116
v 0.045263 0.085779 -0.563807
v 0.000000 0.085595 -0.566043
v -0.045263 0.085779 -0.563807
v -0.090170 0.086301 -0.557116
v -0.134370 0.087109 -0.546025
v -0.177517 0.088171 -0.530622
v -0.219273 0.089483 -0.511033
v -0.259314 0.091049 -0.487414
v -0.297328 0.092863 -0.459955
v -0.333021 0.094915 -0.428876
v -0.366120 0.097189 -0.394426
v -0.396370 0.099668 -0.356877
v -0.423544 0.102332 -0.316529
v -0.447437 0.105159 -0.273699
v -0.467871 0.108128 -0.228724
v -0.484697 0.111215 -0.181957
v -0.497795 0.114397 -0.133762
v -0.507074 0.117648 -0.084512
v -0.512473 0.120944 -0.034587
v -0.513961 0.124259 0.015628
v -0.511537 0.127568 0.065752
v -0.505231 0.130845 0.115404
v -0.495101 0.134067 0.164210
v -0.481233 0.137209 0.211801
v -0.463742 0.140247 0.257825
v -0.442769 0.143159 0.301937
v -0.418480 0.145924 0.343814
v -0.391063 0.148520 0.383146
v -0.360730 0.150930 0.419646
v -0.327714 0.153135 0.453049
v -0.292264 0.155119 0.483112
v -0.254647 0.156869 0.509617
v -0.215145 0.158371 0.532374
v -0.174053 0.159616 0.551219
v -0.131676 0.160593 0.566018
v -0.088327 0.161295 0.576665
v -0.044327 0.161719 0.583084
v 0.000000 0.203427 0.589138
v 0.044232 0.203250 0.587004
v 0.088142 0.202721 0.580620
v 0.131408 0.201844 0.570028
v 0.173714 0.200624 0.555303
v 0.214749 0.199071 0.536549
v 0.254210 0.197194 0.513897
v 0.291806 0.195008 0.487506
v 0.327255 0.192528 0.457564
v 0.360293 0.189771 0.424283
v 0.390667 0.186757 0.387901
v 0.418147 0.183509 0.348680
v 0.442520 0.180048 0.306903
v 0.463593 0.176401 0.262874
v 0.481199 0.172594 0.216915
v 0.495194 0.168655 0.169365
v 0.505460 0.164614 0.120577
v 0.511907 0.160500 0.070916
v 0.514471 0.156345 0.020755
v 0.513120 0.152180 -0.029524
v 0.507850 0.148037 -0.079538
v 0.498688 0.143948 -0.128902
v 0.485691 0.139944 -0.177235
v 0.468946 0.136057 -0.224158
v 0.448571 0.132318 -0.269305
v 0.424713 0.128755 -0.312318
v 0.397548 0.125397 -0.352857
v 0.367280 0.122270 -0.390598
v 0.334136 0.119401 -0.425238
v 0.298372 0.116811 -0.456498
v 0.260261 0.114518 -0.484125
v 0.220101 0.112535 -0.507894
v 0.178205 0.110857 -0.527613
v 0.134902 0.109468 -0.543120
v 0.090532 0.108367 -0.554288
v 0.045446 0.107621 -0.561026
v 0.000000 0.107350 -0.563278
v -0.045446 0.107621 -0.561026
v -0.090532 0.108367 -0.554288
v -0.134902 0.109468 -0.543120
v -0.178205 0.110857 -0.527613
v -0.220101 0.112535 -0.507894
v -0.260261 0.114518 -0.484125
v -0.298372 0.116811 -0.456498
v -0.334136 0.119401 -0.425238
v -0.367280 0.122270 -0.390598
v -0.397548 0.125397 -0.352857
v -0.424713 0.128755 -0.312318
v -0.448571 0.132318 -0.269305
v -0.468946 0.136057 -0.224158
v -0.485691 0.139944 -0.177235
v -0.498688 0.143948 -0.128902
v -0.507850 0.148037 -0.079538
v -0.513120 0.152180 -0.029524
v -0.514471 0.156345 0.020755
v -0.511907 0.160500 0.070916
v -0.505460 0.164614 0.120577
v -0.495194 0.168655 0.169365
v -0.481199 0.172594 0.216915
v -0.463593 0.176401 0.262874
v -0.442520 0.180048 0.306903
v -0.418147 0.183509 0.348680
v -0.390667 0.186757 0.387901
v -0.360293 0.189771 0.424283
v -0.327255 0.192528 0.457564
v -0.291806 0.195008 0.487506
v -0.254210 0.197194 0.513897
v -0.214749 0.199071 0.536549
v -0.173714 0.200624 0.555303
v -0.131408 0.201844 0.570028
v -0.088142 0.202721 0.580620
v -0.044232 0.203250 0.587004
v 0.000000 0.242337 0.590587
v 0.043952 0.242129 0.588474
v 0.087587 0.241505 0.582148
v 0.130587 0.240470 0.571653
v 0.172642 0.239031 0.557061
v 0.213444 0.237198 0.538473
v 0.252696 0.234983 0.516016
v 0.290107 0.232402 0.489846
v 0.325401 0.229473 0.460145
v 0.358312 0.226216 0.427122
v 0.388593 0.222655 0.391008
v 0.416010 0.218814 0.352061
v 0.440352 0.214721 0.310558
v 0.461425 0.210405 0.266798
v 0.479060 0.205898 0.221100
v 0.493111 0.201233 0.173796
v 0.503457 0.196444 0.125238
v 0.510004 0.191567 0.075786
v 0.512686 0.186639 0.025812
v 0.511466 0.181696 -0.024305
v 0.506337 0.176777 -0.074182
v 0.497322 0.171920 -0.123436
v 0.484474 0.167161 -0.171682
v 0.467877 0.162540 -0.218543
v 0.447646 0.158091 -0.263650
v 0.423925 0.153851 -0.306644
v 0.396888 0.149854 -0.347179
v 0.366735 0.146131 -0.384931
v 0.333696 0.142712 -0.419593
v 0.298022 0.139625 -0.450882
v 0.259990 0.136889 -0.478542
v 0.219897 0.134514 -0.502346
v 0.178056 0.132481 -0.522097
v 0.134799 0.130750 -0.537632
v 0.090467 0.129313 -0.548821
v 0.045415 0.128288 -0.555573
v 0.000000 0.127904 -0.557829
v -0.045415 0.128288 -0.555573
v -0.090467 0.129313 -0.548821
v -0.134799 0.130750 -0.537632
v -0.178056 0.132481 -0.522097
v -0.219897 0.134514 -0.502346
v -0.259990 0.136889 -0.478542
v -0.298022 0.139625 -0.450882
v -0.333696 0.142712 -0.419593
v -0.366735 0.146131 -0.384931
v -0.396888 0.149854 -0.347179
v -0.423925 0.153851 -0.306644
v -0.447646 0.158091 -0.263650
v -0.467877 0.162540 -0.218543
v -0.484474 0.167161 -0.171682
v -0.497322 0.171920 -0.123436
v -0.506337 0.176777 -0.074182
v -0.511466 0.181696 -0.024305
v -0.512686 0.186639 0.025812
v -0.510004 0.191567 0.075786
v -0.503457 0.196444 0.125238
v -0.493111 0.201233 0.173796
v -0.479060 0.205898 0.221100
v -0.461425 0.210405 0.266798
v -0.440352 0.214721 0.310558
v -0.416010 0.218814 0.352061
v -0.388593 0.222655 0.391008
v -0.358312 0.226216 0.427122
v -0.325401 0.229473 0.460145
v -0.290107 0.232402 0.489846
v -0.252696 0.234983 0.516016
v -0.213444 0.237198 0.538473
v -0.172642 0.239031 0.557061
v -0.130587 0.240470 0.571653
v -0.087587 0.241505 0.582148
v -0.043952 0.242129 0.588474
v 0.000000 0.278868 0.589482
v 0.043480 0.278632 0.587397
v 0.086648 0.277923 0.581156
v 0.129194 0.276747 0.570801
v 0.170812 0.275112 0.556402
v 0.211201 0.273029 0.538055
v 0.250067 0.270512 0.515886
v 0.287125 0.267578 0.490046
v 0.322101 0.264248 0.460711
v 0.354734 0.260543 0.428084
v 0.384778 0.256491 0.392393
v 0.412001 0.252119 0.353886
v 0.436192 0.247458 0.312838
v 0.457159 0.242542 0.269540
v 0.474731 0.237406 0.224304
v 0.488761 0.232088 0.177460
v 0.499126 0.226626 0.129352
v 0.505730 0.221061 0.080337
v 0.508504 0.215434 0.030782
v 0.507408 0.209789 -0.018938
v 0.502431 0.204168 -0.068441
v 0.493593 0.198616 -0.117347
v 0.480943 0.193174 -0.165273
v 0.464563 0.187887 -0.211843
v 0.444562 0.182795 -0.256686
v 0.421083 0.177941 -0.299445
v 0.394295 0.173362 -0.339774
v 0.364399 0.169096 -0.377345
v 0.331619 0.165177 -0.411851
v 0.296207 0.161637 -0.443008
v 0.258437 0.158496 -0.470559
v 0.218605 0.155756 -0.494273
v 0.177025 0.153377 -0.513954
v 0.134027 0.151284 -0.529435
v 0.089953 0.149461 -0.540588
v 0.045158 0.148101 -0.547317
v 0.000000 0.147579 -0.549566
v -0.045158 0.148101 -0.547317
v -0.089953 0.149461 -0.540588
v -0.134027 0.151284 -0.529435
v -0.177025 0.153377 -0.513954
v -0.218605 0.155756 -0.494273
v -0.258437 0.158496 -0.470559
v -0.296207 0.161637 -0.443008
v -0.331619 0.165177 -0.411851
v -0.364399 0.169096 -0.377345
v -0.394295 0.173362 -0.339774
v -0.421083 0.177941 -0.299445
v -0.444562 0.182795 -0.256686
v -0.464563 0.187887 -0.211843
v -0.480943 0.193174 -0.165273
v -0.493593 0.198616 -0.117347
v -0.502431 0.204168 -0.068441
v -0.507408 0.209789 -0.018938
v -0.508504 0.215434 0.030782
v -0.505730 0.221061 0.080337
v -0.499126 0.226626 0.129352
v -0.488761 0.232088 0.177460
v -0.474731 0.237406 0.224304
v -0.457159 0.242542 0.269540
v -0.436192 0.247458 0.312838
v -0.412001 0.252119 0.353886
v -0.384778 0.256491 0.392393
v -0.354734 0.260543 0.428084
v -0.322101 0.264248 0.460711
v -0.287125 0.267578 0.490046
v -0.250067 0.270512 0.515886
v -0.211201 0.273029 0.538055
v -0.170812 0.275112 0.556402
v -0.129194 0.276747 0.570801
v -0.086648 0.277923 0.581156
v -0.043480 0.278632 0.587397
v 0.000000 0.313130 0.585754
v 0.042812 0.312868 0.583706
v 0.085318 0.312085 0.577575
v 0.127218 0.310787 0.567403
v 0.168209 0.308980 0.553257
v 0.207999 0.306679 0.535229
v 0.246299 0.303897 0.513442
v 0.282830 0.300654 0.488041
v 0.317323 0.296971 0.459198
v 0.349520 0.292874 0.427110
v 0.379180 0.288390 0.391997
v 0.406073 0.283552 0.354103
v 0.429990 0.278392 0.313693
v 0.450740 0.272948 0.271053
v 0.468153 0.267258 0.226488
v 0.482081 0.261363 0.180321
v 0.492401 0.255307 0.132890
v 0.499015 0.249134 0.084544
v 0.501853 0.242891 0.035647
v 0.500871 0.236625 -0.013432
v 0.496056 0.230383 -0.062317
v 0.487424 0.224214 -0.110630
v 0.475022 0.218167 -0.157994
v 0.458926 0.212288 -0.204034
v 0.439244 0.206626 -0.248383
v 0.416115 0.201225 -0.290683
v 0.389703 0.196129 -0.330593
v 0.360207 0.191380 -0.367784
v 0.327847 0.187016 -0.401951
v 0.292872 0.183071 -0.432809
v 0.255554 0.179566 -0.460101
v 0.216185 0.176489 -0.483597
v 0.175078 0.173771 -0.503099
v 0.132561 0.171295 -0.518442
v 0.088973 0.169037 -0.529496
v 0.044667 0.167291 -0.536167
v 0.000000 0.166609 -0.538396
v -0.044667 0.167291 -0.536167
v -0.088973 0.169037 -0.529496
v -0.132561 0.171295 -0.518442
v -0.175078 0.173771 -0.503099
v -0.216185 0.176489 -0.483597
v -0.255554 0.179566 -0.460101
v -0.292872 0.183071 -0.432809
v -0.327847 0.187016 -0.401951
v -0.360207 0.191380 -0.367784
v -0.389703 0.196129 -0.330593
v -0.416115 0.201225 -0.290683
v -0.439244 0.206626 -0.248383
v -0.458926 0.212288 -0.204034
v -0.475022 0.218167 -0.157994
v -0.487424 0.224214 -0.110630
v -0.496056 0.230383 -0.062317
v -0.500871 0.236625 -0.013432
v -0.501853 0.242891 0.035647
v -0.499015 0.249134 0.084544
v -0.492401 0.255307 0.132890
v -0.482081 0.261363 0.180321
v -0.468153 0.267258 0.226488
v -0.450740 0.272948 0.271053
v -0.429990 0.278392 0.313693
v -0.406073 0.283552 0.354103
v -0.379180 0.288390 0.391997
v -0.349520 0.292874 0.427110
v -0.317323 0.296971 0.459198
v -0.282830 0.300654 0.488041
v -0.246299 0.303897 0.513442
v -0.207999 0.306679 0.535229
v -0.168209 0.308980 0.553257
v -0.127218 0.310787 0.567403
v -0.085318 0.312085 0.577575
v -0.042812 0.312868 0.583706
v 0.000000 0.345149 0.579362
v 0.041945 0.344866 0.577359
v 0.083594 0.344020 0.571366
v 0.124651 0.342617 0.561419
v 0.164824 0.340665 0.547586
v 0.203828 0.338177 0.529955
v 0.241380 0.335170 0.508644
v 0.277208 0.331663 0.483793
v 0.311049 0.327681 0.455569
v 0.342651 0.323249 0.424161
v 0.371776 0.318398 0.389784
v 0.398201 0.313162 0.352674
v 0.421717 0.307576 0.313088
v 0.442138 0.301680 0.271305
v 0.459293 0.295516 0.227621
v 0.473036 0.289128 0.182352
v 0.483245 0.282563 0.135826
v 0.489821 0.275870 0.088388
v 0.492692 0.269097 0.040392
v 0.491813 0.262297 -0.007799
v 0.487168 0.255521 -0.055817
v 0.478771 0.248823 -0.103289
v 0.466665 0.242254 -0.149842
v 0.450923 0.235866 -0.195109
v 0.431650 0.229712 -0.238727
v 0.408978 0.223840 -0.280342
v 0.383071 0.218298 -0.319615
v 0.354120 0.213132 -0.356223
v 0.322343 0.208384 -0.389861
v 0.287985 0.204087 -0.420247
v 0.251312 0.200260 -0.447128
v 0.212613 0.196875 -0.470273
v 0.172197 0.193824 -0.489487
v 0.130385 0.190944 -0.504605
v 0.087516 0.188213 -0.515497
v 0.043937 0.186045 -0.522071
v 0.000000 0.185189 -0.524268
v -0.043937 0.186045 -0.522071
v -0.087516 0.188213 -0.515497
v -0.130385 0.190944 -0.504605
v -0.172197 0.193824 -0.489487
v -0.212613 0.196875 -0.470273
v -0.251312 0.200260 -0.447128
v -0.287985 0.204087 -0.420247
v -0.322343 0.208384 -0.389861
v -0.354120 0.213132 -0.356223
v -0.383071 0.218298 -0.319615
v -0.408978 0.223840 -0.280342
v -0.431650 0.229712 -0.238727
v -0.450923 0.235866 -0.195109
v -0.466665 0.242254 -0.149842
v -0.478771 0.248823 -0.103289
v -0.487168 0.255521 -0.055817
v -0.491813 0.262297 -0.007799
v -0.492692 0.269097 0.040392
v -0.489821 0.275870 0.088388
v -0.483245 0.282563 0.135826
v -0.473036 0.289128 0.182352
v -0.459293 0.295516 0.227621
v -0.442138 0.301680 0.271305
v -0.421717 0.307576 0.313088
v -0.398201 0.313162 0.352674
v -0.371776 0.318398 0.389784
v -0.342651 0.323249 0.424161
v -0.311049 0.327681 0.455569
v -0.277208 0.331663 0.483793
v -0.241380 0.335170 0.508644
v -0.203828 0.338177 0.529955
v -0.164824 0.340665 0.547586
v -0.124651 0.342617 0.561419
v -0.083594 0.344020 0.571366
v -0.041945 0.344866 0.577359
v 0.000000 0.374911 0.570294
v 0.040881 0.374611 0.568346
v 0.081475 0.373714 0.562515
v 0.121495 0.372225 0.552838
v 0.160659 0.370154 0.539377
v 0.198688 0.367515 0.522219
v 0.235310 0.364324 0.501478
v 0.270259 0.360602 0.477287
v 0.303280 0.356375 0.449807
v 0.334127 0.351669 0.419223
v 0.362568 0.346518 0.385739
v 0.388384 0.340956 0.349584
v 0.411373 0.335021 0.311007
v 0.431349 0.328755 0.270278
v 0.448147 0.322203 0.227686
v 0.461623 0.315410 0.183534
v 0.471653 0.308427 0.138145
v 0.478140 0.301305 0.091852
v 0.481013 0.294098 0.045000
v 0.480224 0.286858 -0.002056
v 0.475757 0.279643 -0.048955
v 0.467623 0.272508 -0.095335
v 0.455861 0.265509 -0.140830
v 0.440542 0.258701 -0.185079
v 0.421765 0.252140 -0.227727
v 0.399661 0.245879 -0.268427
v 0.374386 0.239968 -0.306845
v 0.346127 0.234457 -0.342663
v 0.315098 0.229390 -0.375581
v 0.281536 0.224800 -0.405324
v 0.245703 0.220697 -0.431638
v 0.207881 0.217032 -0.454299
v 0.168373 0.213652 -0.473112
v 0.127495 0.210351 -0.487917
v 0.085579 0.207124 -0.498584
v 0.042965 0.204522 -0.505022
v 0.000000 0.203489 -0.507174
v -0.042965 0.204522 -0.505022
v -0.085579 0.207124 -0.498584
v -0.127495 0.210351 -0.487917
v -0.168373 0.213652 -0.473112
v -0.207881 0.217032 -0.454299
v -0.245703 0.220697 -0.431638
v -0.281536 0.224800 -0.405324
v -0.315098 0.229390 -0.375581
v -0.346127 0.234457 -0.342663
v -0.374386 0.239968 -0.306845
v -0.399661 0.245879 -0.268427
v -0.421765 0.252140 -0.227727
v -0.440542 0.258701 -0.185079
v -0.455861 0.265509 -0.140830
v -0.467623 0.272508 -0.095335
v -0.475757 0.279643 -0.048955
v -0.480224 0.286858 -0.002056
v -0.481013 0.294098 0.045000
v -0.478140 0.301305 0.091852
v -0.471653 0.308427 0.138145
v -0.461623 0.315410 0.183534
v -0.448147 0.322203 0.227686
v -0.431349 0.328755 0.270278
v -0.411373 0.335021 0.311007
v -0.388384 0.340956 0.349584
v -0.362568 0.346518 0.385739
v -0.334127 0.351669 0.419223
v -0.303280 0.356375 0.449807
v -0.270259 0.360602 0.477287
v -0.235310 0.364324 0.501478
v -0.198688 0.367515 0.522219
v -0.160659 0.370154 0.539377
v -0.121495 0.372225 0.552838
v -0.081475 0.373714 0.562515
v -0.040881 0.374611 0.568346
v 0.000000 0.402381 0.558571
v 0.039622 0.402068 0.556686
v 0.078967 0.401132 0.551042
v 0.117759 0.399578 0.541676
v 0.155724 0.397416 0.528647
v 0.192595 0.394661 0.512039
v 0.228106 0.391329 0.491958
v 0.262002 0.387443 0.468535
v 0.294036 0.383028 0.441925
v 0.323970 0.378113 0.412302
v 0.351578 0.372731 0.379866
v 0.376647 0.366919 0.344835
v 0.398982 0.360716 0.307450
v 0.418401 0.354166 0.267972
v 0.434743 0.347315 0.226677
v 0.447866 0.340211 0.183862
v 0.457651 0.332907 0.139835
v 0.464000 0.325455 0.094922
v 0.466842 0.317912 0.049456
v 0.466131 0.310333 0.003781
v 0.461849 0.302779 -0.041753
v 0.454003 0.295306 -0.086792
v 0.442633 0.287974 -0.130982
v 0.427804 0.280842 -0.173971
v 0.409612 0.273966 -0.215413
v 0.388182 0.267403 -0.254969
v 0.363666 0.261207 -0.292314
v 0.336244 0.255427 -0.327138
v 0.306124 0.250111 -0.359148
v 0.273537 0.245288 -0.388073
v 0.238736 0.240956 -0.413668
v 0.201997 0.237036 -0.435711
v 0.163614 0.233331 -0.454014
v 0.123896 0.229599 -0.468418
v 0.083165 0.225879 -0.478797
v 0.041754 0.222861 -0.485061
v 0.000000 0.221663 -0.487155
v -0.041754 0.222861 -0.485061
v -0.083165 0.225879 -0.478797
v -0.123896 0.229599 -0.468418
v -0.163614 0.233331 -0.454014
v -0.201997 0.237036 -0.435711
v -0.238736 0.240956 -0.413668
v -0.273537 0.245288 -0.388073
v -0.306124 0.250111 -0.359148
v -0.336244 0.255427 -0.327138
v -0.363666 0.261207 -0.292314
v -0.388182 0.267403 -0.254969
v -0.409612 0.273966 -0.215413
v -0.427804 0.280842 -0.173971
v -0.442633 0.287974 -0.130982
v -0.454003 0.295306 -0.086792
v -0.461849 0.302779 -0.041753
v -0.466131 0.310333 0.003781
v -0.466842 0.317912 0.049456
v -0.464000 0.325455 0.094922
v -0.457651 0.332907 0.139835
v -0.447866 0.340211 0.183862
v -0.434743 0.347315 0.226677
v -0.418401 0.354166 0.267972
v -0.398982 0.360716 0.307450
v -0.376647 0.366919 0.344835
v -0.351578 0.372731 0.379866
v -0.323970 0.378113 0.412302
v -0.294036 0.383028 0.441925
v -0.262002 0.387443 0.468535
v -0.228106 0.391329 0.491958
v -0.192595 0.394661 0.512039
v -0.155724 0.397416 0.528647
v -0.117759 0.399578 0.541676
v -0.078967 0.401132 0.551042
v -0.039622 0.402068 0.556686
v 0.000000 0.427520 0.544244
v 0.038174 0.427198 0.542430
v 0.076081 0.426235 0.536998
v 0.113457 0.424636 0.527984
v 0.150040 0.422413 0.515443
v 0.185571 0.419578 0.499457
v 0.219797 0.416150 0.480127
v 0.252471 0.412151 0.457578
v 0.283355 0.407608 0.431957
v 0.312221 0.402550 0.403432
v 0.338850 0.397010 0.372193
v 0.363039 0.391027 0.338451
v 0.384596 0.384641 0.302437
v 0.403348 0.377895 0.264398
v 0.419137 0.370839 0.224604
v 0.431826 0.363521 0.183336
v 0.441298 0.355995 0.140895
v 0.447460 0.348316 0.097590
v 0.450241 0.340541 0.053744
v 0.449595 0.332729 0.009690
v 0.445503 0.324939 -0.034236
v 0.437973 0.317233 -0.077693
v 0.427039 0.309671 -0.120337
v 0.412766 0.302314 -0.161829
v 0.395244 0.295220 -0.201833
v 0.374592 0.288448 -0.240023
v 0.350959 0.282052 -0.276084
v 0.324516 0.276086 -0.309713
v 0.295463 0.270593 -0.340629
v 0.264024 0.265598 -0.368569
v 0.230444 0.261082 -0.393294
v 0.194989 0.256930 -0.414590
v 0.157943 0.252903 -0.432274
v 0.119605 0.248747 -0.446191
v 0.080286 0.244566 -0.456219
v 0.040309 0.241186 -0.462272
v 0.000000 0.239851 -0.464296
v -0.040309 0.241186 -0.462272
v -0.080286 0.244566 -0.456219
v -0.119605 0.248747 -0.446191
v -0.157943 0.252903 -0.432274
v -0.194989 0.256930 -0.414590
v -0.230444 0.261082 -0.393294
v -0.264024 0.265598 -0.368569
v -0.295463 0.270593 -0.340629
v -0.324516 0.276086 -0.309713
v -0.350959 0.282052 -0.276084
v -0.374592 0.288448 -0.240023
v -0.395244 0.295220 -0.201833
v -0.412766 0.302314 -0.161829
v -0.427039 0.309671 -0.120337
v -0.437973 0.317233 -0.077693
v -0.445503 0.324939 -0.034236
v -0.449595 0.332729 0.009690
v -0.450241 0.340541 0.053744
v -0.447460 0.348316 0.097590
v -0.441298 0.355995 0.140895
v -0.431826 0.363521 0.183336
v -0.419137 0.370839 0.224604
v -0.403348 0.377895 0.264398
v -0.384596 0.384641 0.302437
v -0.363039 0.391027 0.338451
v -0.338850 0.397010 0.372193
v -0.312221 0.402550 0.403432
v -0.283355 0.407608 0.431957
v -0.252471 0.412151 0.457578
v -0.219797 0.416150 0.480127
v -0.185571 0.419578 0.499457
v -0.150040 0.422413 0.515443
v -0.113457 0.424636 0.527984
v -0.076081 0.426235 0.536998
v -0.038174 0.427198 0.542430
v 0.000000 0.450290 0.527393
v 0.036543 0.449963 0.525657
v 0.072831 0.448986 0.520462
v 0.108612 0.447364 0.511838
v 0.143635 0.445108 0.499842
v 0.177654 0.442231 0.484548
v 0.210425 0.438753 0.466055
v 0.241715 0.434695 0.444480
v 0.271293 0.430084 0.419964
v 0.298943 0.424950 0.392667
v 0.324455 0.419327 0.362771
v 0.347632 0.413252 0.330476
v 0.368294 0.406768 0.296002
v 0.386271 0.399919 0.259587
v 0.401414 0.392753 0.221486
v 0.413590 0.385321 0.181971
v 0.422688 0.377676 0.141326
v 0.428615 0.369875 0.099850
v 0.431304 0.361975 0.057851
v 0.430711 0.354037 0.015647
v 0.426816 0.346122 -0.026439
v 0.419626 0.338290 -0.068080
v 0.409173 0.330603 -0.108947
v 0.395518 0.323123 -0.148714
v 0.378747 0.315911 -0.187059
v 0.358975 0.309025 -0.223669
v 0.336342 0.302521 -0.258240
v 0.311013 0.296450 -0.290484
v 0.283181 0.290854 -0.320128
v 0.253057 0.285747 -0.346921
v 0.220879 0.281087 -0.370631
v 0.186900 0.276723 -0.391055
v 0.151394 0.272383 -0.408015
v 0.114647 0.267831 -0.421363
v 0.076959 0.263259 -0.430982
v 0.038639 0.259603 -0.436788
v 0.000000 0.258172 -0.438729
v -0.038639 0.259603 -0.436788
v -0.076959 0.263259 -0.430982
v -0.114647 0.267831 -0.421363
v -0.151394 0.272383 -0.408015
v -0.186900 0.276723 -0.391055
v -0.220879 0.281087 -0.370631
v -0.253057 0.285747 -0.346921
v -0.283181 0.290854 -0.320128
v -0.311013 0.296450 -0.290484
v -0.336342 0.302521 -0.258240
v -0.358975 0.309025 -0.223669
v -0.378747 0.315911 -0.187059
v -0.395518 0.323123 -0.148714
v -0.409173 0.330603 -0.108947
v -0.419626 0.338290 -0.068080
v -0.426816 0.346122 -0.026439
v -0.430711 0.354037 0.015647
v -0.431304 0.361975 0.057851
v -0.428615 0.369875 0.099850
v -0.422688 0.377676 0.141326
v -0.413590 0.385321 0.181971
v -0.401414 0.392753 0.221486
v -0.386271 0.399919 0.259587
v -0.368294 0.406768 0.296002
v -0.347632 0.413252 0.330476
v -0.324455 0.419327 0.362771
v -0.298943 0.424950 0.392667
v -0.271293 0.430084 0.419964
v -0.241715 0.434695 0.444480
v -0.210425 0.438753 0.466055
v -0.177654 0.442231 0.484548
v -0.143635 0.445108 0.499842
v -0.108612 0.447364 0.511838
v -0.072831 0.448986 0.520462
v -0.036543 0.449963 0.525657
v 0.000000 0.470664 0.508128
v 0.034739 0.470337 0.506479
v 0.069237 0.469359 0.501542
v 0.103253 0.467735 0.493347
v 0.136549 0.465475 0.481947
v 0.168891 0.462594 0.467412
v 0.200049 0.459111 0.449836
v 0.229799 0.455047 0.429332
v 0.257925 0.450429 0.406031
v 0.284218 0.445287 0.380086
v 0.308480 0.439655 0.351669
v 0.330525 0.433571 0.320970
v 0.350178 0.427076 0.288198
v 0.367281 0.420215 0.253580
v 0.381690 0.413036 0.217357
v 0.393280 0.405589 0.179786
v 0.401942 0.397930 0.141140
v 0.407590 0.390114 0.101700
v 0.410160 0.382198 0.061762
v 0.409608 0.374243 0.021625
v 0.405916 0.366310 -0.018401
v 0.399089 0.358461 -0.058006
v 0.389158 0.350757 -0.096877
v 0.376181 0.343260 -0.134704
v 0.360240 0.336030 -0.171181
v 0.341442 0.329126 -0.206008
v 0.319922 0.322604 -0.238898
v 0.295836 0.316512 -0.269575
v 0.269367 0.310884 -0.297779
v 0.240717 0.305721 -0.323271
v 0.210111 0.300951 -0.345832
v 0.177791 0.296391 -0.365266
v 0.144017 0.291760 -0.381404
v 0.109062 0.286871 -0.394105
v 0.073210 0.282015 -0.403259
v 0.036757 0.278201 -0.408783
v 0.000000 0.276726 -0.410630
v -0.036757 0.278201 -0.408783
v -0.073210 0.282015 -0.403259
v -0.109062 0.286871 -0.394105
v -0.144017 0.291760 -0.381404
v -0.177791 0.296391 -0.365266
v -0.210111 0.300951 -0.345832
v -0.240717 0.305721 -0.323271
v -0.269367 0.310884 -0.297779
v -0.295836 0.316512 -0.269575
v -0.319922 0.322604 -0.238898
v -0.341442 0.329126 -0.206008
v -0.360240 0.336030 -0.171181
v -0.376181 0.343260 -0.134704
v -0.389158 0.350757 -0.096877
v -0.399089 0.358461 -0.058006
v -0.405916 0.366310 -0.018401
v -0.409608 0.374243 0.021625
v -0.410160 0.382198 0.061762
v -0.407590 0.390114 0.101700
v -0.401942 0.397930 0.141140
v -0.393280 0.405589 0.179786
v -0.381690 0.413036 0.217357
v -0.367281 0.420215 0.253580
v -0.350178 0.427076 0.288198
v -0.330525 0.433571 0.320970
v -0.308480 0.439655 0.351669
v -0.284218 0.445287 0.380086
v -0.257925 0.450429 0.406031
v -0.229799 0.455047 0.429332
v -0.200049 0.459111 0.449836
v -0.168891 0.462594 0.467412
v -0.136549 0.465475 0.481947
v -0.103253 0.467735 0.493347
v -0.069237 0.469359 0.501542
v -0.034739 0.470337 0.506479
v 0.000000 0.488628 0.486589
v 0.032775 0.488305 0.485033
v 0.065321 0.487338 0.480375
v 0.097414 0.485732 0.472643
v 0.128827 0.483499 0.461888
v 0.159340 0.480652 0.448175
v 0.188737 0.477209 0.431593
v 0.216804 0.473192 0.412248
v 0.243340 0.468627 0.390265
v 0.268146 0.463545 0.365787
v 0.291036 0.457978 0.338977
v 0.311834 0.451964 0.310014
v 0.330376 0.445544 0.279095
v 0.346512 0.438763 0.246434
v 0.360106 0.431667 0.212260
v 0.371040 0.424307 0.176814
v 0.379213 0.416736 0.140353
v 0.384542 0.409010 0.103144
v 0.386966 0.401186 0.065464
v 0.386445 0.393323 0.027597
v 0.382962 0.385482 -0.010166
v 0.376521 0.377724 -0.047531
v 0.367152 0.370109 -0.084205
v 0.354909 0.362698 -0.119893
v 0.339869 0.355551 -0.154306
v 0.322134 0.348726 -0.187164
v 0.301831 0.342274 -0.218194
v 0.279107 0.336240 -0.247136
v 0.254134 0.330647 -0.273746
v 0.227105 0.325474 -0.297796
v 0.198229 0.320624 -0.319081
v 0.167737 0.315889 -0.337416
v 0.135873 0.311009 -0.352641
v 0.102894 0.305877 -0.364625
v 0.069070 0.300881 -0.373260
v 0.034678 0.297045 -0.378472
v 0.000000 0.295581 -0.380215
v -0.034678 0.297045 -0.378472
v -0.069070 0.300881 -0.373260
v -0.102894 0.305877 -0.364625
v -0.135873 0.311009 -0.352641
v -0.167737 0.315889 -0.337416
v -0.198229 0.320624 -0.319081
v -0.227105 0.325474 -0.297796
v -0.254134 0.330647 -0.273746
v -0.279107 0.336240 -0.247136
v -0.301831 0.342274 -0.218194
v -0.322134 0.348726 -0.187164
v -0.339869 0.355551 -0.154306
v -0.354909 0.362698 -0.119893
v -0.367152 0.370109 -0.084205
v -0.376521 0.377724 -0.047531
v -0.382962 0.385482 -0.010166
v -0.386445 0.393323 0.027597
v -0.386966 0.401186 0.065464
v -0.384542 0.409010 0.103144
v -0.379213 0.416736 0.140353
v -0.371040 0.424307 0.176814
v -0.360106 0.431667 0.212260
v -0.346512 0.438763 0.246434
v -0.330376 0.445544 0.279095
v -0.311834 0.451964 0.310014
v -0.291036 0.457978 0.338977
v -0.268146 0.463545 0.365787
v -0.243340 0.468627 0.390265
v -0.216804 0.473192 0.412248
v -0.188737 0.477209 0.431593
v -0.159340 0.480652 0.448175
v -0.128827 0.483499 0.461888
v -0.097414 0.485732 0.472643
v -0.065321 0.487338 0.480375
v -0.032775 0.488305 0.485033
v 0.000000 0.504183 0.462936
v 0.030663 0.503868 0.461480
v 0.061112 0.502924 0.457120
v 0.091136 0.501358 0.449885
v 0.120524 0.499180 0.439819
v 0.149069 0.496403 0.426986
v 0.176568 0.493044 0.411468
v 0.202823 0.489126 0.393364
v 0.227642 0.484674 0.372793
v 0.250843 0.479717 0.349888
v 0.272250 0.474288 0.324802
v 0.291698 0.468423 0.297703
v 0.309035 0.462162 0.268776
v 0.324120 0.455549 0.238220
v 0.336826 0.448630 0.206250
v 0.347043 0.441454 0.173093
v 0.354677 0.434073 0.138988
v 0.359651 0.426541 0.104185
v 0.361907 0.418914 0.068944
v 0.361409 0.411249 0.033530
v 0.358141 0.403606 -0.001784
v 0.352108 0.396044 -0.036725
v 0.343337 0.388622 -0.071016
v 0.331879 0.381399 -0.104385
v 0.317807 0.374433 -0.136560
v 0.301216 0.367777 -0.167279
v 0.282224 0.361480 -0.196288
v 0.260971 0.355576 -0.223344
v 0.237617 0.350074 -0.248218
v 0.212340 0.344932 -0.270700
v 0.185339 0.340027 -0.290595
v 0.156828 0.335153 -0.307733
v 0.127035 0.330098 -0.321964
v 0.096201 0.324855 -0.333164
v 0.064577 0.319888 -0.341236
v 0.032422 0.316173 -0.346107
v 0.000000 0.314777 -0.347736
v -0.032422 0.316173 -0.346107
v -0.064577 0.319888 -0.341236
v -0.096201 0.324855 -0.333164
v -0.127035 0.330098 -0.321964
v -0.156828 0.335153 -0.307733
v -0.185339 0.340027 -0.290595
v -0.212340 0.344932 -0.270700
v -0.237617 0.350074 -0.248218
v -0.260971 0.355576 -0.223344
v -0.282224 0.361480 -0.196288
v -0.301216 0.367777 -0.167279
v -0.317807 0.374433 -0.136560
v -0.331879 0.381399 -0.104385
v -0.343337 0.388622 -0.071016
v -0.352108 0.396044 -0.036725
v -0.358141 0.403606 -0.001784
v -0.361409 0.411249 0.033530
v -0.361907 0.418914 0.068944
v -0.359651 0.426541 0.104185
v -0.354677 0.434073 0.138988
v -0.347043 0.441454 0.173093
v -0.336826 0.448630 0.206250
v -0.324120 0.455549 0.238220
v -0.309035 0.462162 0.268776
v -0.291698 0.468423 0.297703
v -0.272250 0.474288 0.324802
v -0.250843 0.479717 0.349888
v -0.227642 0.484674 0.372793
v -0.202823 0.489126 0.393364
v -0.176568 0.493044 0.411468
v -0.149069 0.496403 0.426986
v -0.120524 0.499180 0.439819
v -0.091136 0.501358 0.449885
v -0.061112 0.502924 0.457120
v -0.030663 0.503868 0.461480
v 0.000000 0.517348 0.437354
v 0.028419 0.517044 0.436004
v 0.056640 0.516136 0.431960
v 0.084466 0.514630 0.425249
v 0.111701 0.512533 0.415913
v 0.138152 0.509861 0.404012
v 0.163633 0.506630 0.389621
v 0.187958 0.502860 0.372834
v 0.210950 0.498577 0.353760
v 0.232440 0.493809 0.332524
v 0.252265 0.488587 0.309267
v 0.270273 0.482946 0.284148
v 0.286321 0.476926 0.257336
v 0.300281 0.470567 0.229017
v 0.312036 0.463915 0.199391
v 0.321482 0.457017 0.168669
v 0.328534 0.449922 0.137072
v 0.333122 0.442683 0.104833
v 0.335192 0.435353 0.072191
v 0.334711 0.427989 0.039394
v 0.331665 0.420646 0.006692
v 0.326059 0.413381 -0.025660
v 0.317919 0.406251 -0.057408
v 0.307293 0.399312 -0.088297
v 0.294248 0.392617 -0.118079
v 0.278874 0.386215 -0.146511
v 0.261279 0.380148 -0.173357
v 0.241593 0.374437 -0.198393
v 0.219964 0.369074 -0.221409
v 0.196559 0.363995 -0.242210
v 0.171559 0.359069 -0.260616
v 0.145164 0.354116 -0.276471
v 0.117584 0.348999 -0.289636
v 0.089042 0.343811 -0.299997
v 0.059771 0.339051 -0.307463
v 0.030009 0.335590 -0.311969
v 0.000000 0.334311 -0.313475
v -0.030009 0.335590 -0.311969
v -0.059771 0.339051 -0.307463
v -0.089042 0.343811 -0.299997
v -0.117584 0.348999 -0.289636
v -0.145164 0.354116 -0.276471
v -0.171559 0.359069 -0.260616
v -0.196559 0.363995 -0.242210
v -0.219964 0.369074 -0.221409
v -0.241593 0.374437 -0.198393
v -0.261279 0.380148 -0.173357
v -0.278874 0.386215 -0.146511
v -0.294248 0.392617 -0.118079
v -0.307293 0.399312 -0.088297
v -0.317919 0.406251 -0.057408
v -0.326059 0.413381 -0.025660
v -0.331665 0.420646 0.006692
v -0.334711 0.427989 0.039394
v -0.335192 0.435353 0.072191
v -0.333122 0.442683 0.104833
v -0.328534 0.449922 0.137072
v -0.321482 0.457017 0.168669
v -0.312036 0.463915 0.199391
v -0.300281 0.470567 0.229017
v -0.286321 0.476926 0.257336
v -0.270273 0.482946 0.284148
v -0.252265 0.488587 0.309267
v -0.232440 0.493809 0.332524
v -0.210950 0.498577 0.353760
v -0.187958 0.502860 0.372834
v -0.163633 0.506630 0.389621
v -0.138152 0.509861 0.404012
v -0.111701 0.512533 0.415913
v -0.084466 0.514630 0.425249
v -0.056640 0.516136 0.431960
v -0.028419 0.517044 0.436004
v 0.000000 0.528157 0.410045
v 0.026060 0.527870 0.408805
v 0.051938 0.527009 0.405093
v 0.077451 0.525579 0.398932
v 0.102422 0.523591 0.390363
v 0.126671 0.521057 0.379439
v 0.150028 0.517994 0.366232
v 0.172322 0.514420 0.350827
v 0.193391 0.510360 0.333325
v 0.213078 0.505840 0.313842
v 0.231236 0.500891 0.292508
v 0.247725 0.495546 0.269468
v 0.262415 0.489842 0.244880
v 0.275187 0.483818 0.218914
v 0.285935 0.477518 0.191754
v 0.294566 0.470985 0.163594
v 0.301002 0.464268 0.134638
v 0.305177 0.457415 0.105097
v 0.307047 0.450478 0.075194
v 0.306579 0.443509 0.045153
v 0.303763 0.436561 0.015205
v 0.298603 0.429688 -0.014418
v 0.291124 0.422941 -0.043482
v 0.281371 0.416373 -0.071756
v 0.269406 0.410031 -0.099013
v 0.255311 0.403959 -0.125029
v 0.239187 0.398185 -0.149592
v 0.221151 0.392717 -0.172496
v 0.201341 0.387530 -0.193549
v 0.179908 0.382551 -0.212573
v 0.157019 0.377660 -0.229407
v 0.132856 0.372724 -0.243905
v 0.107611 0.367696 -0.255943
v 0.081488 0.362747 -0.265417
v 0.054699 0.358362 -0.272243
v 0.027462 0.355266 -0.276363
v 0.000000 0.354141 -0.277740
v -0.027462 0.355266 -0.276363
v -0.054699 0.358362 -0.272243
v -0.081488 0.362747 -0.265417
v -0.107611 0.367696 -0.255943
v -0.132856 0.372724 -0.243905
v -0.157019 0.377660 -0.229407
v -0.179908 0.382551 -0.212573
v -0.201341 0.387530 -0.193549
v -0.221151 0.392717 -0.172496
v -0.239187 0.398185 -0.149592
v -0.255311 0.403959 -0.125029
v -0.269406 0.410031 -0.099013
v -0.281371 0.416373 -0.071756
v -0.291124 0.422941 -0.043482
v -0.298603 0.429688 -0.014418
v -0.303763 0.436561 0.015205
v -0.306579 0.443509 0.045153
v -0.307047 0.450478 0.075194
v -0.305177 0.457415 0.105097
v -0.301002 0.464268 0.134638
v -0.294566 0.470985 0.163594
v -0.285935 0.477518 0.191754
v -0.275187 0.483818 0.218914
v -0.262415 0.489842 0.244880
v -0.247725 0.495546 0.269468
v -0.231236 0.500891 0.292508
v -0.213078 0.505840 0.313842
v -0.193391 0.510360 0.333325
v -0.172322 0.514420 0.350827
v -0.150028 0.517994 0.366232
v -0.126671 0.521057 0.379439
v -0.102422 0.523591 0.390363
v -0.077451 0.525579 0.398932
v -0.051938 0.527009 0.405093
v -0.026060 0.527870 0.408805
v 0.000000 0.536664 0.381221
v 0.023603 0.536395 0.380096
v 0.047040 0.535592 0.376730
v 0.070145 0.534258 0.371142
v 0.092757 0.532402 0.363371
v 0.114713 0.530037 0.353465
v 0.135856 0.527178 0.341490
v 0.156034 0.523844 0.327523
v 0.175099 0.520056 0.311658
v 0.192909 0.515841 0.294000
v 0.209329 0.511225 0.274668
v 0.224234 0.506242 0.253794
v 0.237506 0.500924 0.231522
v 0.249040 0.495310 0.208007
v 0.258738 0.489440 0.183416
v 0.266518 0.483354 0.157925
v 0.272309 0.477098 0.131720
v 0.276054 0.470717 0.104992
v 0.277713 0.464259 0.077942
v 0.277258 0.457773 0.050775
v 0.274679 0.451308 0.023697
v 0.269982 0.444914 -0.003080
v 0.263191 0.438630 -0.029347
v 0.254347 0.432509 -0.054894
v 0.243506 0.426592 -0.079517
v 0.230744 0.420909 -0.103015
v 0.216152 0.415478 -0.125195
v 0.199837 0.410296 -0.145875
v 0.181922 0.405327 -0.164880
v 0.162545 0.400502 -0.182052
v 0.141856 0.395732 -0.197245
v 0.120020 0.390951 -0.210328
v 0.097210 0.386189 -0.221190
v 0.073609 0.381658 -0.229737
v 0.049409 0.377785 -0.235896
v 0.024806 0.375130 -0.239613
v 0.000000 0.374181 -0.240856
v -0.024806 0.375130 -0.239613
v -0.049409 0.377785 -0.235896
v -0.073609 0.381658 -0.229737
v -0.097210 0.386189 -0.221190
v -0.120020 0.390951 -0.210328
v -0.141856 0.395732 -0.197245
v -0.162545 0.400502 -0.182052
v -0.181922 0.405327 -0.164880
v -0.199837 0.410296 -0.145875
v -0.216152 0.415478 -0.125195
v -0.230744 0.420909 -0.103015
v -0.243506 0.426592 -0.079517
v -0.254347 0.432509 -0.054894
v -0.263191 0.438630 -0.029347
v -0.269982 0.444914 -0.003080
v -0.274679 0.451308 0.023697
v -0.277258 0.457773 0.050775
v -0.277713 0.464259 0.077942
v -0.276054 0.470717 0.104992
v -0.272309 0.477098 0.131720
v -0.266518 0.483354 0.157925
v -0.258738 0.489440 0.183416
v -0.249040 0.495310 0.208007
v -0.237506 0.500924 0.231522
v -0.224234 0.506242 0.253794
v -0.209329 0.511225 0.274668
v -0.192909 0.515841 0.294000
v -0.175099 0.520056 0.311658
v -0.156034 0.523844 0.327523
v -0.135856 0.527178 0.341490
v -0.114713 0.530037 0.353465
v -0.092757 0.532402 0.363371
v -0.070145 0.534258 0.371142
v -0.047040 0.535592 0.376730
v -0.023603 0.536395 0.380096
v 0.000000 0.542935 0.351108
v 0.021066 0.542689 0.350102
v 0.041982 0.541952 0.347092
v 0.062602 0.540729 0.342097
v 0.082778 0.539028 0.335149
v 0.102366 0.536860 0.326295
v 0.121225 0.534240 0.315592
v 0.139219 0.531185 0.303111
v 0.156215 0.527715 0.288937
v 0.172086 0.523853 0.273163
v 0.186713 0.519627 0.255898
v 0.199984 0.515064 0.237261
v 0.211794 0.510197 0.217380
v 0.222050 0.505060 0.196396
v 0.230666 0.499689 0.174457
v 0.237568 0.494123 0.151722
v 0.242695 0.488403 0.128356
v 0.245997 0.482570 0.104532
v 0.247439 0.476669 0.080427
v 0.246998 0.470744 0.056224
v 0.244665 0.464841 0.032109
v 0.240448 0.459004 0.008268
v 0.234368 0.453259 -0.015112
v 0.226462 0.447646 -0.037846
v 0.216783 0.442207 -0.059752
v 0.205396 0.436961 -0.080652
v 0.192386 0.431918 -0.100375
v 0.177846 0.427065 -0.118760
v 0.161887 0.422370 -0.135654
v 0.144631 0.417785 -0.150915
v 0.126214 0.413264 -0.164415
v 0.106778 0.408802 -0.176039
v 0.086480 0.404483 -0.185688
v 0.065482 0.400519 -0.193281
v 0.043952 0.397250 -0.198751
v 0.022066 0.395069 -0.202052
v 0.000000 0.394301 -0.203156
v -0.022066 0.395069 -0.202052
v -0.043952 0.397250 -0.198751
v -0.065482 0.400519 -0.193281
v -0.086480 0.404483 -0.185688
v -0.106778 0.408802 -0.176039
v -0.126214 0.413264 -0.164415
v -0.144631 0.417785 -0.150915
v -0.161887 0.422370 -0.135654
v -0.177846 0.427065 -0.118760
v -0.192386 0.431918 -0.100375
v -0.205396 0.436961 -0.080652
v -0.216783 0.442207 -0.059752
v -0.226462 0.447646 -0.037846
v -0.234368 0.453259 -0.015112
v -0.240448 0.459004 0.008268
v -0.244665 0.464841 0.032109
v -0.246998 0.470744 0.056224
v -0.247439 0.476669 0.080427
v -0.245997 0.482570 0.104532
v -0.242695 0.488403 0.128356
v -0.237568 0.494123 0.151722
v -0.230666 0.499689 0.174457
v -0.222050 0.505060 0.196396
v -0.211794 0.510197 0.217380
v -0.199984 0.515064 0.237261
v -0.186713 0.519627 0.255898
v -0.172086 0.523853 0.273163
v -0.156215 0.527715 0.288937
v -0.139219 0.531185 0.303111
v -0.121225 0.534240 0.315592
v -0.102366 0.536860 0.326295
v -0.082778 0.539028 0.335149
v -0.062602 0.540729 0.342097
v -0.041982 0.541952 0.347092
v -0.021066 0.542689 0.350102
v 0.000000 0.547052 0.319932
v 0.018467 0.546831 0.319049
v 0.036803 0.546169 0.316404
v 0.054876 0.545071 0.312017
v 0.072558 0.543545 0.305914
v 0.089722 0.541599 0.298138
v 0.106243 0.539248 0.288740
v 0.122001 0.536507 0.277783
v 0.136880 0.533394 0.265342
v 0.150768 0.529931 0.251500
v 0.163562 0.526142 0.236354
v 0.175163 0.522052 0.220008
v 0.185480 0.517691 0.202577
v 0.194430 0.513089 0.184183
v 0.201941 0.508280 0.164960
v 0.207949 0.503298 0.145046
v 0.212401 0.498179 0.124586
v 0.215254 0.492962 0.103732
v 0.216478 0.487685 0.082639
v 0.216055 0.482388 0.061469
v 0.213978 0.477113 0.040382
v 0.210254 0.471899 0.019542
v 0.204904 0.466784 -0.000889
v 0.197961 0.461724 -0.020749
v 0.189472 0.456805 -0.039879
v 0.179494 0.452039 -0.058126
v 0.168102 0.447429 -0.075341
v 0.155378 0.442966 -0.091384
v 0.141419 0.438631 -0.106122
v 0.126333 0.434404 -0.119433
v 0.110235 0.430284 -0.131205
v 0.093253 0.426308 -0.141341
v 0.075521 0.422578 -0.149753
v 0.057181 0.419275 -0.156371
v 0.038379 0.416640 -0.161140
v 0.019268 0.414927 -0.164017
v 0.000000 0.414331 -0.164979
v -0.019268 0.414927 -0.164017
v -0.038379 0.416640 -0.161140
v -0.057181 0.419275 -0.156371
v -0.075521 0.422578 -0.149753
v -0.093253 0.426308 -0.141341
v -0.110235 0.430284 -0.131205
v -0.126333 0.434404 -0.119433
v -0.141419 0.438631 -0.106122
v -0.155378 0.442966 -0.091384
v -0.168102 0.447429 -0.075341
v -0.179494 0.452039 -0.058126
v -0.189472 0.456805 -0.039879
v -0.197961 0.461724 -0.020749
v -0.204904 0.466784 -0.000889
v -0.210254 0.471899 0.019542
v -0.213978 0.477113 0.040382
v -0.216055 0.482388 0.061469
v -0.216478 0.487685 0.082639
v -0.215254 0.492962 0.103732
v -0.212401 0.498179 0.124586
v -0.207949 0.503298 0.145046
v -0.201941 0.508280 0.164960
v -0.194430 0.513089 0.184183
v -0.185480 0.517691 0.202577
v -0.175163 0.522052 0.220008
v -0.163562 0.526142 0.236354
v -0.150768 0.529931 0.251500
v -0.136880 0.533394 0.265342
v -0.122001 0.536507 0.277783
v -0.106243 0.539248 0.288740
v -0.089722 0.541599 0.298138
v -0.072558 0.543545 0.305914
v -0.054876 0.545071 0.312017
v -0.036803 0.546169 0.316404
v -0.018467 0.546831 0.319049
v 0.000000 0.549106 0.287923
v 0.015825 0.548913 0.287164
v 0.031537 0.548334 0.284892
v 0.047023 0.547373 0.281123
v 0.062171 0.546038 0.275882
v 0.076871 0.544336 0.269205
v 0.091017 0.542280 0.261136
v 0.104505 0.539883 0.251731
v 0.117235 0.537162 0.241054
v 0.129113 0.534135 0.229179
v 0.140048 0.530824 0.216188
v 0.149956 0.527253 0.202173
v 0.158761 0.523445 0.187232
v 0.166392 0.519429 0.171473
v 0.172788 0.515233 0.155009
v 0.177894 0.510887 0.137959
v 0.181667 0.506425 0.120449
v 0.184071 0.501878 0.102609
v 0.185080 0.497282 0.084572
v 0.184681 0.492670 0.066476
v 0.182870 0.488078 0.048458
v 0.179653 0.483541 0.030658
v 0.175049 0.479096 0.013214
v 0.169087 0.474738 -0.003736
v 0.161807 0.470375 -0.020058
v 0.153262 0.466133 -0.035620
v 0.143512 0.462018 -0.050299
v 0.132630 0.458027 -0.063974
v 0.120699 0.454162 -0.076533
v 0.107810 0.450429 -0.087873
v 0.094063 0.446854 -0.097901
v 0.079566 0.443493 -0.106532
v 0.064432 0.440439 -0.113695
v 0.048782 0.437822 -0.119330
v 0.032740 0.435796 -0.123389
v 0.016436 0.434508 -0.125838
v 0.000000 0.434065 -0.126657
v -0.016436 0.434508 -0.125838
v -0.032740 0.435796 -0.123389
v -0.048782 0.437822 -0.119330
v -0.064432 0.440439 -0.113695
v -0.079566 0.443493 -0.106532
v -0.094063 0.446854 -0.097901
v -0.107810 0.450429 -0.087873
v -0.120699 0.454162 -0.076533
v -0.132630 0.458027 -0.063974
v -0.143512 0.462018 -0.050299
v -0.153262 0.466133 -0.035620
v -0.161807 0.470375 -0.020058
v -0.169087 0.474738 -0.003736
v -0.175049 0.479096 0.013214
v -0.179653 0.483541 0.030658
v -0.182870 0.488078 0.048458
v -0.184681 0.492670 0.066476
v -0.185080 0.497282 0.084572
v -0.184071 0.501878 0.102609
v -0.181667 0.506425 0.120449
v -0.177894 0.510887 0.137959
v -0.172788 0.515233 0.155009
v -0.166392 0.519429 0.171473
v -0.158761 0.523445 0.187232
v -0.149956 0.527253 0.202173
v -0.140048 0.530824 0.216188
v -0.129113 0.534135 0.229179
v -0.117235 0.537162 0.241054
v -0.104505 0.539883 0.251731
v -0.091017 0.542280 0.261136
v -0.076871 0.544336 0.269205
v -0.062171 0.546038 0.275882
v -0.047023 0.547373 0.281123
v -0.031537 0.548334 0.284892
v -0.015825 0.548913 0.287164
v 0.000000 0.549200 0.255301
v 0.013158 0.549036 0.254669
v 0.026222 0.548546 0.252775
v 0.039095 0.547733 0.249633
v 0.051686 0.546603 0.245265
v 0.063901 0.545162 0.239700
v 0.075652 0.543422 0.232976
v 0.086852 0.541394 0.225142
v 0.097419 0.539093 0.216250
v 0.107272 0.536534 0.206363
v 0.116337 0.533736 0.195552
v 0.124545 0.530718 0.183892
v 0.131833 0.527502 0.171466
v 0.138142 0.524112 0.158366
v 0.143421 0.520571 0.144684
v 0.147628 0.516905 0.130523
v 0.150725 0.513143 0.115985
v 0.152685 0.509311 0.101180
v 0.153488 0.505439 0.086219
v 0.153123 0.501556 0.071215
v 0.151587 0.497691 0.056283
v 0.148889 0.493874 0.041537
v 0.145042 0.490136 0.027093
v 0.140073 0.486505 0.013064
v 0.134016 0.483000 -0.000440
v 0.126915 0.479337 -0.013312
v 0.118820 0.475788 -0.025447
v 0.109793 0.472364 -0.036749
v 0.099902 0.469077 -0.047126
v 0.089222 0.465951 -0.056494
v 0.077836 0.463021 -0.064775
v 0.065833 0.460338 -0.071901
v 0.053306 0.457970 -0.077814
v 0.040356 0.456000 -0.082465
v 0.027084 0.454512 -0.085815
v 0.013596 0.453583 -0.087836
v 0.000000 0.453268 -0.088512
v -0.013596 0.453583 -0.087836
v -0.027084 0.454512 -0.085815
v -0.040356 0.456000 -0.082465
v -0.053306 0.457970 -0.077814
v -0.065833 0.460338 -0.071901
v -0.077836 0.463021 -0.064775
v -0.089222 0.465951 -0.056494
v -0.099902 0.469077 -0.047126
v -0.109793 0.472364 -0.036749
v -0.118820 0.475788 -0.025447
v -0.126915 0.479337 -0.013312
v -0.134016 0.483000 -0.000440
v -0.140073 0.486505 0.013064
v -0.145042 0.490136 0.027093
v -0.148889 0.493874 0.041537
v -0.151587 0.497691 0.056283
v -0.153123 0.501556 0.071215
v -0.153488 0.505439 0.086219
v -0.152685 0.509311 0.101180
v -0.150725 0.513143 0.115985
v -0.147628 0.516905 0.130523
v -0.143421 0.520571 0.144684
v -0.138142 0.524112 0.158366
v -0.131833 0.527502 0.171466
v -0.124545 0.530718 0.183892
v -0.116337 0.533736 0.195552
v -0.107272 0.536534 0.206363
v -0.097419 0.539093 0.216250
v -0.086852 0.541394 0.225142
v -0.075652 0.543422 0.232976
v -0.063901 0.545162 0.239700
v -0.051686 0.546603 0.245265
v -0.039095 0.547733 0.249633
v -0.026222 0.548546 0.252775
v -0.013158 0.549036 0.254669
v 0.000000 0.547441 0.222283
v 0.010483 0.547309 0.221778
v 0.020890 0.546912 0.220264
v 0.031144 0.546254 0.217754
v 0.041171 0.545340 0.214264
v 0.050896 0.544175 0.209819
v 0.060249 0.542768 0.204451
v 0.069159 0.541129 0.198196
v 0.077561 0.539269 0.191100
v 0.085391 0.537202 0.183212
v 0.092590 0.534942 0.174589
v 0.099103 0.532506 0.165294
v 0.104879 0.529911 0.155392
v 0.109874 0.527177 0.144957
v 0.114046 0.524322 0.134065
v 0.117363 0.521369 0.122795
v 0.119796 0.518339 0.111232
v 0.121324 0.515254 0.099462
v 0.121932 0.512139 0.087574
v 0.121612 0.509016 0.075658
v 0.120363 0.505909 0.063804
v 0.118191 0.502843 0.052104
v 0.115111 0.499841 0.040650
v 0.111142 0.496927 0.029528
v 0.106313 0.494123 0.018828
v 0.100659 0.491451 0.008634
v 0.094221 0.488890 -0.000974
v 0.087047 0.486107 -0.009919
v 0.079192 0.483473 -0.018128
v 0.070715 0.481012 -0.025537
v 0.061683 0.478754 -0.032085
v 0.052165 0.476736 -0.037718
v 0.042235 0.474998 -0.042392
v 0.031972 0.473586 -0.046067
v 0.021456 0.472541 -0.048714
v 0.010771 0.471899 -0.050311
v 0.000000 0.471682 -0.050844
v -0.010771 0.471899 -0.050311
v -0.021456 0.472541 -0.048714
v -0.031972 0.473586 -0.046067
v -0.042235 0.474998 -0.042392
v -0.052165 0.476736 -0.037718
v -0.061683 0.478754 -0.032085
v -0.070715 0.481012 -0.025537
v -0.079192 0.483473 -0.018128
v -0.087047 0.486107 -0.009919
v -0.094221 0.488890 -0.000974
v -0.100659 0.491451 0.008634
v -0.106313 0.494123 0.018828
v -0.111142 0.496927 0.029528
v -0.115111 0.499841 0.040650
v -0.118191 0.502843 0.052104
v -0.120363 0.505909 0.063804
v -0.121612 0.509016 0.075658
v -0.121932 0.512139 0.087574
v -0.121324 0.515254 0.099462
v -0.119796 0.518339 0.111232
v -0.117363 0.521369 0.122795
v -0.114046 0.524322 0.134065
v -0.109874 0.527177 0.144957
v -0.104879 0.529911 0.155392
v -0.099103 0.532506 0.165294
v -0.092590 0.534942 0.174589
v -0.085391 0.537202 0.183212
v -0.077561 0.539269 0.191100
v -0.069159 0.541129 0.198196
v -0.060249 0.542768 0.204451
v -0.050896 0.544175 0.209819
v -0.041171 0.545340 0.214264
v -0.031144 0.546254 0.217754
v -0.020890 0.546912 0.220264
v -0.010483 0.547309 0.221778
v 0.000000 0.543941 0.189069
v 0.007816 0.543841 0.188690
v 0.015574 0.543541 0.187559
v 0.023218 0.543044 0.185681
v 0.030690 0.542354 0.183072
v 0.037936 0.541475 0.179749
v 0.044901 0.540413 0.175736
v 0.051534 0.539176 0.171063
v 0.057785 0.537774 0.165762
v 0.063607 0.536215 0.159872
v 0.068955 0.534512 0.153436
v 0.073789 0.532677 0.146501
v 0.078072 0.530724 0.139117
v 0.081770 0.528666 0.131338
v 0.084854 0.526518 0.123223
v 0.087300 0.524298 0.114832
v 0.089086 0.522021 0.106226
v 0.090198 0.519704 0.097471
v 0.090625 0.517366 0.088633
v 0.090363 0.515023 0.079778
v 0.089411 0.512694 0.070975
v 0.087775 0.510396 0.062291
v 0.085465 0.508147 0.053793
v 0.082498 0.505965 0.045547
v 0.078895 0.503867 0.037617
v 0.074682 0.501869 0.030064
v 0.069891 0.499986 0.022950
v 0.064557 0.498234 0.016329
v 0.058721 0.496627 0.010255
v 0.052427 0.495177 0.004775
v 0.045724 0.493891 -0.000067
v 0.038664 0.492469 -0.004232
v 0.031301 0.491268 -0.007686
v 0.023693 0.490308 -0.010402
v 0.015899 0.489609 -0.012358
v 0.007981 0.489183 -0.013537
v 0.000000 0.489039 -0.013932
v -0.007981 0.489183 -0.013537
v -0.015899 0.489609 -0.012358
v -0.023693 0.490308 -0.010402
v -0.031301 0.491268 -0.007686
v -0.038664 0.492469 -0.004232
v -0.045724 0.493891 -0.000067
v -0.052427 0.495177 0.004775
v -0.058721 0.496627 0.010255
v -0.064557 0.498234 0.016329
v -0.069891 0.499986 0.022950
v -0.074682 0.501869 0.030064
v -0.078895 0.503867 0.037617
v -0.082498 0.505965 0.045547
v -0.085465 0.508147 0.053793
v -0.087775 0.510396 0.062291
v -0.089411 0.512694 0.070975
v -0.090363 0.515023 0.079778
v -0.090625 0.517366 0.088633
v -0.090198 0.519704 0.097471
v -0.089086 0.522021 0.106226
v -0.087300 0.524298 0.114832
v -0.084854 0.526518 0.123223
v -0.081770 0.528666 0.131338
v -0.078072 0.530724 0.139117
v -0.073789 0.532677 0.146501
v -0.068955 0.534512 0.153436
v -0.063607 0.536215 0.159872
v -0.057785 0.537774 0.165762
v -0.051534 0.539176 0.171063
v -0.044901 0.540413 0.175736
v -0.037936 0.541475 0.179749
v -0.030690 0.542354 0.183072
v -0.023218 0.543044 0.185681
v -0.015574 0.543541 0.187559
v -0.007816 0.543841 0.188690
v 0.000000 0.538811 0.155843
v 0.005171 0.538744 0.155592
v 0.010304 0.538544 0.154840
v 0.015360 0.538212 0.153594
v 0.020301 0.537751 0.151862
v 0.025092 0.537163 0.149658
v 0.029694 0.536454 0.146996
v 0.034076 0.535629 0.143896
v 0.038202 0.534692 0.140382
v 0.042042 0.533653 0.136479
v 0.045568 0.532517 0.132216
v 0.048751 0.531293 0.127624
v 0.051568 0.529992 0.122737
v 0.053997 0.528621 0.117592
v 0.056018 0.527192 0.112227
v 0.057617 0.525714 0.106682
v 0.058779 0.524200 0.100999
v 0.059495 0.522661 0.095221
v 0.059760 0.521108 0.089391
v 0.059570 0.519553 0.083554
v 0.058925 0.518008 0.077755
v 0.057831 0.516484 0.072036
v 0.056294 0.514995 0.066444
v 0.054325 0.513550 0.061019
v 0.051939 0.512161 0.055806
v 0.049154 0.510839 0.050844
v 0.045990 0.509594 0.046171
v 0.042471 0.508436 0.041824
v 0.038624 0.507374 0.037838
v 0.034478 0.506416 0.034243
v 0.030065 0.505570 0.031068
v 0.025420 0.504843 0.028337
v 0.020577 0.504240 0.026073
v 0.015574 0.503765 0.024293
v 0.010450 0.503424 0.023012
v 0.005246 0.503218 0.022239
v 0.000000 0.503149 0.021981
v -0.005246 0.503218 0.022239
v -0.010450 0.503424 0.023012
v -0.015574 0.503765 0.024293
v -0.020577 0.504240 0.026073
v -0.025420 0.504843 0.028337
v -0.030065 0.505570 0.031068
v -0.034478 0.506416 0.034243
v -0.038624 0.507374 0.037838
v -0.042471 0.508436 0.041824
v -0.045990 0.509594 0.046171
v -0.049154 0.510839 0.050844
v -0.051939 0.512161 0.055806
v -0.054325 0.513550 0.061019
v -0.056294 0.514995 0.066444
v -0.057831 0.516484 0.072036
v -0.058925 0.518008 0.077755
v -0.059570 0.519553 0.083554
v -0.059760 0.521108 0.089391
v -0.059495 0.522661 0.095221
v -0.058779 0.524200 0.100999
v -0.057617 0.525714 0.106682
v -0.056018 0.527192 0.112227
v -0.053997 0.528621 0.117592
v -0.051568 0.529992 0.122737
v -0.048751 0.531293 0.127624
v -0.045568 0.532517 0.132216
v -0.042042 0.533653 0.136479
v -0.038202 0.534692 0.140382
v -0.034076 0.535629 0.143896
v -0.029694 0.536454 0.146996
v -0.025092 0.537163 0.149658
v -0.020301 0.537751 0.151862
v -0.015360 0.538212 0.153594
v -0.010304 0.538544 0.154840
v -0.005171 0.538744 0.155592
v 0.000000 0.532164 0.122772
v 0.002562 0.532131 0.122647
v 0.005105 0.532031 0.122273
v 0.007609 0.531865 0.121654
v 0.010056 0.531635 0.120793
v 0.012428 0.531342 0.119697
v 0.014705 0.530988 0.118375
v 0.016872 0.530576 0.116835
v 0.018912 0.530109 0.115091
v 0.020809 0.529591 0.113154
v 0.022549 0.529025 0.111039
v 0.024118 0.528416 0.108762
v 0.025505 0.527769 0.106340
v 0.026699 0.527087 0.103792
v 0.027690 0.526376 0.101136
v 0.028472 0.525643 0.098392
v 0.029038 0.524891 0.095582
v 0.029383 0.524127 0.092727
v 0.029504 0.523357 0.089848
v 0.029402 0.522586 0.086967
v 0.029075 0.521821 0.084106
v 0.028526 0.521067 0.081287
v 0.027760 0.520330 0.078532
v 0.026781 0.519615 0.075861
v 0.025598 0.518929 0.073295
v 0.024219 0.518276 0.070854
v 0.022655 0.517662 0.068557
v 0.020917 0.517090 0.066421
v 0.019018 0.516567 0.064463
v 0.016974 0.516094 0.062698
v 0.014799 0.515678 0.061139
v 0.012510 0.515319 0.059799
v 0.010126 0.515022 0.058689
v 0.007663 0.514789 0.057816
v 0.005142 0.514620 0.057187
v 0.002581 0.514519 0.056808
v 0.000000 0.514485 0.056682
v -0.002581 0.514519 0.056808
v -0.005142 0.514620 0.057187
v -0.007663 0.514789 0.057816
v -0.010126 0.515022 0.058689
v -0.012510 0.515319 0.059799
v -0.014799 0.515678 0.061139
v -0.016974 0.516094 0.062698
v -0.019018 0.516567 0.064463
v -0.020917 0.517090 0.066421
v -0.022655 0.517662 0.068557
v -0.024219 0.518276 0.070854
v -0.025598 0.518929 0.073295
v -0.026781 0.519615 0.075861
v -0.027760 0.520330 0.078532
v -0.028526 0.521067 0.081287
v -0.029075 0.521821 0.084106
v -0.029402 0.522586 0.086967
v -0.029504 0.523357 0.089848
v -0.029383 0.524127 0.092727
v -0.029038 0.524891 0.095582
v -0.028472 0.525643 0.098392
v -0.027690 0.526376 0.101136
v -0.026699 0.527087 0.103792
v -0.025505 0.527769 0.106340
v -0.024118 0.528416 0.108762
v -0.022549 0.529025 0.111039
v -0.020809 0.529591 0.113154
v -0.018912 0.530109 0.115091
v -0.016872 0.530576 0.116835
v -0.014705 0.530988 0.118375
v -0.012428 0.531342 0.119697
v -0.010056 0.531635 0.120793
v -0.007609 0.531865 0.121654
v -0.005105 0.532031 0.122273
v -0.002562 0.532131 0.122647
v 0.000000 0.524107 0.090000
v 0.000000 0.524107 0.090000
v 0.000000 0.524107 0.090000
v 0.000000 0.524107 0.090000
v 0.000000 0.524107 0.090000
v 0.000000 0.524107 0.090000
v 0.000000 0.524107 0.090000
v 0.000000 0.524107 0.090000
v 0.000000 0.524107 0.090000
v 0.000000 0.524107 0.090000
v 0.000000 0.524107 0.090000
v 0.000000 0.524107 0.090000
v 0.000000 0.524107 0.090000
v 0.000000 0.524107 0.090000
v 0.000000 0.524107 0.090000
v 0.000000 0.524107 0.090000
v 0.000000 0.524107 0.090000
v 0.000000 0.524107 0.090000
v 0.000000 0.524107 0.090000
v 0.000000 0.524107 0.090000
v 0.000000 0.524107 0.090000
v 0.000000 0.524107 0.090000
v 0.000000 0.524107 0.090000
v 0.000000 0.524107 0.090000
v 0.000000 0.524107 0.090000
v 0.000000 0.524107 0.090000
v 0.000000 0.524107 0.090000
v 0.000000 0.524107 0.090000
v 0.000000 0.524107 0.090000
v 0.000000 0.524107 0.090000
v 0.000000 0.524107 0.090000
v 0.000000 0.524107 0.090000
v 0.000000 0.524107 0.090000
v 0.000000 0.524107 0.090000
v 0.000000 0.524107 0.090000
v 0.000000 0.524107 0.090000
v 0.000000 0.524107 0.090000
v -0.000000 0.524107 0.090000
v -0.000000 0.524107 0.090000
v -0.000000 0.524107 0.090000
v -0.000000 0.524107 0.090000
v -0.000000 0.524107 0.090000
v -0.000000 0.524107 0.090000
v -0.000000 0.524107 0.090000
v -0.000000 0.524107 0.090000
v -0.000000 0.524107 0.090000
v -0.000000 0.524107 0.090000
v -0.000000 0.524107 0.090000
v -0.000000 0.524107 0.090000
v -0.000000 0.524107 0.090000
v -0.000000 0.524107 0.090000
v -0.000000 0.524107 0.090000
v -0.000000 0.524107 0.090000
v -0.000000 0.524107 0.090000
v -0.000000 0.524107 0.090000
v -0.000000 0.524107 0.090000
v -0.000000 0.524107 0.090000
v -0.000000 0.524107 0.090000
v -0.000000 0.524107 0.090000
v -0.000000 0.524107 0.090000
v -0.000000 0.524107 0.090000
v -0.000000 0.524107 0.090000
v -0.000000 0.524107 0.090000
v -0.000000 0.524107 0.090000
v -0.000000 0.524107 0.090000
v -0.000000 0.524107 0.090000
v -0.000000 0.524107 0.090000
v -0.000000 0.524107 0.090000
v -0.000000 0.524107 0.090000
v -0.000000 0.524107 0.090000
v -0.000000 0.524107 0.090000
v -0.000000 0.524107 0.090000
v 0.000000 0.000000 0.532000
v 0.041399 0.000000 0.529976
v 0.082483 0.000000 0.523918
v 0.122939 0.000000 0.513873
v 0.162460 0.000000 0.499916
v 0.200744 0.000000 0.482156
v 0.237500 0.000000 0.460726
v 0.272449 0.000000 0.435789
v 0.305324 0.000000 0.407536
v 0.335876 0.000000 0.376181
v 0.363871 0.000000 0.341963
v 0.389097 0.000000 0.305143
v 0.411362 0.000000 0.266000
v 0.430496 0.000000 0.224833
v 0.446354 0.000000 0.181955
v 0.458815 0.000000 0.137692
v 0.467784 0.000000 0.092381
v 0.473192 0.000000 0.046367
v 0.475000 0.000000 0.000000
v 0.473192 0.000000 -0.046367
v 0.467784 0.000000 -0.092381
v 0.458815 0.000000 -0.137692
v 0.446354 0.000000 -0.181955
v 0.430496 0.000000 -0.224833
v 0.411362 0.000000 -0.266000
v 0.389097 0.000000 -0.305143
v 0.363871 0.000000 -0.341963
v 0.335876 0.000000 -0.376181
v 0.305324 0.000000 -0.407536
v 0.272449 0.000000 -0.435789
v 0.237500 0.000000 -0.460726
v 0.200744 0.000000 -0.482156
v 0.162460 0.000000 -0.499916
v 0.122939 0.000000 -0.513873
v 0.082483 0.000000 -0.523918
v 0.041399 0.000000 -0.529976
v 0.000000 0.000000 -0.532000
v -0.041399 0.000000 -0.529976
v -0.082483 0.000000 -0.523918
v -0.122939 0.000000 -0.513873
v -0.162460 0.000000 -0.499916
v -0.200744 0.000000 -0.482156
v -0.237500 0.000000 -0.460726
v -0.272449 0.000000 -0.435789
v -0.305324 0.000000 -0.407536
v -0.335876 0.000000 -0.376181
v -0.363871 0.000000 -0.341963
v -0.389097 0.000000 -0.305143
v -0.411362 0.000000 -0.266000
v -0.430496 0.000000 -0.224833
v -0.446354 0.000000 -0.181955
v -0.458815 0.000000 -0.137692
v -0.467784 0.000000 -0.092381
v -0.473192 0.000000 -0.046367
v -0.475000 0.000000 -0.000000
v -0.473192 0.000000 0.046367
v -0.467784 0.000000 0.092381
v -0.458815 0.000000 0.137692
v -0.446354 0.000000 0.181955
v -0.430496 0.000000 0.224833
v -0.411362 0.000000 0.266000
v -0.389097 0.000000 0.305143
v -0.363871 0.000000 0.341963
v -0.335876 0.000000 0.376181
v -0.305324 0.000000 0.407536
v -0.272449 0.000000 0.435789
v -0.237500 0.000000 0.460726
v -0.200744 0.000000 0.482156
v -0.162460 0.000000 0.499916
v -0.122939 0.000000 0.513873
v -0.082483 0.000000 0.523918
v -0.041399 0.000000 0.529976
v 0.000000 0.063698 0.541990
v 0.041790 0.063642 0.539954
v 0.083266 0.063474 0.533861
v 0.124114 0.063196 0.523757
v 0.164029 0.062810 0.509716
v 0.202707 0.062318 0.491843
v 0.239859 0.061725 0.470272
v 0.275202 0.061034 0.445164
v 0.308470 0.060251 0.416705
v 0.339409 0.059382 0.385110
v 0.367786 0.058433 0.350614
v 0.393383 0.057411 0.313475
v 0.416006 0.056324 0.273974
v 0.435479 0.055181 0.232407
v 0.451654 0.053989 0.189087
v 0.464405 0.052758 0.144341
v 0.473630 0.051497 0.098507
v 0.479259 0.050216 0.051933
v 0.481243 0.048924 0.004971
v 0.479565 0.047631 -0.042020
v 0.474233 0.046347 -0.088683
v 0.465285 0.045082 -0.134662
v 0.452787 0.043846 -0.179606
v 0.436829 0.042647 -0.223169
v 0.417531 0.041496 -0.265018
v 0.395039 0.040401 -0.304831
v 0.369521 0.039370 -0.342301
v 0.341171 0.038411 -0.377140
v 0.310204 0.037533 -0.409078
v 0.276857 0.036740 -0.437869
v 0.241384 0.036041 -0.463289
v 0.204057 0.035440 -0.485142
v 0.165161 0.034940 -0.503258
v 0.124995 0.034547 -0.517496
v 0.083868 0.034262 -0.527746
v 0.042096 0.034090 -0.533928
v 0.000000 0.034031 -0.535994
v -0.042096 0.034090 -0.533928
v -0.083868 0.034262 -0.527746
v -0.124995 0.034547 -0.517496
v -0.165161 0.034940 -0.503258
v -0.204057 0.035440 -0.485142
v -0.241384 0.036041 -0.463289
v -0.276857 0.036740 -0.437869
v -0.310204 0.037533 -0.409078
v -0.341171 0.038411 -0.377140
v -0.369521 0.039370 -0.342301
v -0.395039 0.040401 -0.304831
v -0.417531 0.041496 -0.265018
v -0.436829 0.042647 -0.223169
v -0.452787 0.043846 -0.179606
v -0.465285 0.045082 -0.134662
v -0.474233 0.046347 -0.088683
v -0.479565 0.047631 -0.042020
v -0.481243 0.048924 0.004971
v -0.479259 0.050216 0.051933
v -0.473630 0.051497 0.098507
v -0.464405 0.052758 0.144341
v -0.451654 0.053989 0.189087
v -0.435479 0.055181 0.232407
v -0.416006 0.056324 0.273974
v -0.393383 0.057411 0.313475
v -0.367786 0.058433 0.350614
v -0.339409 0.059382 0.385110
v -0.308470 0.060251 0.416705
v -0.275202 0.061034 0.445164
v -0.239859 0.061725 0.470272
v -0.202707 0.062318 0.491843
v -0.164029 0.062810 0.509716
v -0.124114 0.063196 0.523757
v -0.083266 0.063474 0.533861
v -0.041790 0.063642 0.539954
v 0.000000 0.111138 0.550027
v 0.042031 0.111041 0.547987
v 0.083748 0.110749 0.541880
v 0.124842 0.110264 0.531752
v 0.165005 0.109591 0.517676
v 0.203938 0.108734 0.499755
v 0.241350 0.107699 0.478120
v 0.276959 0.106494 0.452929
v 0.310497 0.105127 0.424366
v 0.341711 0.103610 0.392643
v 0.370365 0.101952 0.357992
v 0.396238 0.100167 0.320669
v 0.419134 0.098267 0.280951
v 0.438874 0.096267 0.239134
v 0.455304 0.094181 0.195529
v 0.468294 0.092025 0.150462
v 0.477740 0.089816 0.104273
v 0.483564 0.087569 0.057309
v 0.485715 0.085303 0.009926
v 0.484169 0.083033 -0.037516
v 0.478931 0.080778 -0.084656
v 0.470035 0.078555 -0.131133
v 0.457542 0.076381 -0.176589
v 0.441541 0.074272 -0.220675
v 0.422149 0.072245 -0.263049
v 0.399510 0.070315 -0.303383
v 0.373794 0.068499 -0.341362
v 0.345193 0.066809 -0.376690
v 0.313926 0.065259 -0.409091
v 0.280230 0.063861 -0.438310
v 0.244365 0.062626 -0.464117
v 0.206606 0.061563 -0.486309
v 0.167243 0.060677 -0.504711
v 0.126583 0.059972 -0.519177
v 0.084939 0.059452 -0.529592
v 0.042635 0.059129 -0.535874
v 0.000000 0.059019 -0.537974
v -0.042635 0.059129 -0.535874
v -0.084939 0.059452 -0.529592
v -0.126583 0.059972 -0.519177
v -0.167243 0.060677 -0.504711
v -0.206606 0.061563 -0.486309
v -0.244365 0.062626 -0.464117
v -0.280230 0.063861 -0.438310
v -0.313926 0.065259 -0.409091
v -0.345193 0.066809 -0.376690
v -0.373794 0.068499 -0.341362
v -0.399510 0.070315 -0.303383
v -0.422149 0.072245 -0.263049
v -0.441541 0.074272 -0.220675
v -0.457542 0.076381 -0.176589
v -0.470035 0.078555 -0.131133
v -0.478931 0.080778 -0.084656
v -0.484169 0.083033 -0.037516
v -0.485715 0.085303 0.009926
v -0.483564 0.087569 0.057309
v -0.477740 0.089816 0.104273
v -0.468294 0.092025 0.150462
v -0.455304 0.094181 0.195529
v -0.438874 0.096267 0.239134
v -0.419134 0.098267 0.280951
v -0.396238 0.100167 0.320669
v -0.370365 0.101952 0.357992
v -0.341711 0.103610 0.392643
v -0.310497 0.105127 0.424366
v -0.276959 0.106494 0.452929
v -0.241350 0.107699 0.478120
v -0.203938 0.108734 0.499755
v -0.165005 0.109591 0.517676
v -0.124842 0.110264 0.531752
v -0.083748 0.110749 0.541880
v -0.042031 0.111041 0.547987
v 0.000000 0.153768 0.555967
v 0.042110 0.153633 0.553930
v 0.083910 0.153231 0.547832
v 0.125092 0.152563 0.537717
v 0.165350 0.151635 0.523658
v 0.204388 0.150453 0.505755
v 0.241914 0.149026 0.484136
v 0.277650 0.147363 0.458956
v 0.311328 0.145478 0.430397
v 0.342694 0.143383 0.398664
v 0.371510 0.141094 0.363989
v 0.397556 0.138628 0.326623
v 0.420631 0.136001 0.286840
v 0.440555 0.133235 0.244933
v 0.457171 0.130349 0.201211
v 0.470346 0.127364 0.155999
v 0.479969 0.124303 0.109634
v 0.485960 0.121189 0.062465
v 0.488263 0.118046 0.014847
v 0.486849 0.114897 -0.032858
v 0.481720 0.111766 -0.080286
v 0.472905 0.108677 -0.127073
v 0.460462 0.105655 -0.172859
v 0.444477 0.102722 -0.217288
v 0.425065 0.099901 -0.260014
v 0.402367 0.097215 -0.300702
v 0.376552 0.094685 -0.339033
v 0.347814 0.092330 -0.374704
v 0.316370 0.090169 -0.407433
v 0.282461 0.088220 -0.436957
v 0.246348 0.086496 -0.463043
v 0.208310 0.085009 -0.485481
v 0.168641 0.083762 -0.504091
v 0.127652 0.082753 -0.518724
v 0.085661 0.081986 -0.529260
v 0.042999 0.081490 -0.535617
v 0.000000 0.081316 -0.537741
v -0.042999 0.081490 -0.535617
v -0.085661 0.081986 -0.529260
v -0.127652 0.082753 -0.518724
v -0.168641 0.083762 -0.504091
v -0.208310 0.085009 -0.485481
v -0.246348 0.086496 -0.463043
v -0.282461 0.088220 -0.436957
v -0.316370 0.090169 -0.407433
v -0.347814 0.092330 -0.374704
v -0.376552 0.094685 -0.339033
v -0.402367 0.097215 -0.300702
v -0.425065 0.099901 -0.260014
v -0.444477 0.102722 -0.217288
v -0.460462 0.105655 -0.172859
v -0.472905 0.108677 -0.127073
v -0.481720 0.111766 -0.080286
v -0.486849 0.114897 -0.032858
v -0.488263 0.118046 0.014847
v -0.485960 0.121189 0.062465
v -0.479969 0.124303 0.109634
v -0.470346 0.127364 0.155999
v -0.457171 0.130349 0.201211
v -0.440555 0.133235 0.244933
v -0.420631 0.136001 0.286840
v -0.397556 0.138628 0.326623
v -0.371510 0.141094 0.363989
v -0.342694 0.143383 0.398664
v -0.311328 0.145478 0.430397
v -0.277650 0.147363 0.458956
v -0.241914 0.149026 0.484136
v -0.204388 0.150453 0.505755
v -0.165350 0.151635 0.523658
v -0.125092 0.152563 0.537717
v -0.083910 0.153231 0.547832
v -0.042110 0.153633 0.553930
v 0.000000 0.193256 0.559681
v 0.042021 0.193088 0.557654
v 0.083735 0.192585 0.551589
v 0.124838 0.191752 0.541527
v 0.165028 0.190593 0.527538
v 0.204011 0.189117 0.509722
v 0.241500 0.187335 0.488202
v 0.277215 0.185258 0.463131
v 0.310893 0.182902 0.434686
v 0.342278 0.180283 0.403069
v 0.371134 0.177420 0.368506
v 0.397240 0.174333 0.331246
v 0.420394 0.171046 0.291558
v 0.440413 0.167581 0.249730
v 0.457139 0.163964 0.206069
v 0.470435 0.160222 0.160897
v 0.480187 0.156383 0.114548
v 0.486312 0.152475 0.067370
v 0.488748 0.148528 0.019718
v 0.487464 0.144571 -0.028048
v 0.482458 0.140635 -0.075561
v 0.473754 0.136751 -0.122457
v 0.461406 0.132947 -0.168373
v 0.445498 0.129255 -0.212950
v 0.426142 0.125702 -0.255840
v 0.403478 0.122317 -0.296703
v 0.377671 0.119127 -0.335214
v 0.348916 0.116157 -0.371068
v 0.317430 0.113431 -0.403976
v 0.283453 0.110970 -0.433673
v 0.247248 0.108792 -0.459918
v 0.209096 0.106908 -0.482500
v 0.169295 0.105314 -0.501232
v 0.128157 0.103995 -0.515964
v 0.086005 0.102949 -0.526574
v 0.043174 0.102240 -0.532975
v 0.000000 0.101982 -0.535114
v -0.043174 0.102240 -0.532975
v -0.086005 0.102949 -0.526574
v -0.128157 0.103995 -0.515964
v -0.169295 0.105314 -0.501232
v -0.209096 0.106908 -0.482500
v -0.247248 0.108792 -0.459918
v -0.283453 0.110970 -0.433673
v -0.317430 0.113431 -0.403976
v -0.348916 0.116157 -0.371068
v -0.377671 0.119127 -0.335214
v -0.403478 0.122317 -0.296703
v -0.426142 0.125702 -0.255840
v -0.445498 0.129255 -0.212950
v -0.461406 0.132947 -0.168373
v -0.473754 0.136751 -0.122457
v -0.482458 0.140635 -0.075561
v -0.487464 0.144571 -0.028048
v -0.488748 0.148528 0.019718
v -0.486312 0.152475 0.067370
v -0.480187 0.156383 0.114548
v -0.470435 0.160222 0.160897
v -0.457139 0.163964 0.206069
v -0.440413 0.167581 0.249730
v -0.420394 0.171046 0.291558
v -0.397240 0.174333 0.331246
v -0.371134 0.177420 0.368506
v -0.342278 0.180283 0.403069
v -0.310893 0.182902 0.434686
v -0.277215 0.185258 0.463131
v -0.241500 0.187335 0.488202
v -0.204011 0.189117 0.509722
v -0.165028 0.190593 0.527538
v -0.124838 0.191752 0.541527
v -0.083735 0.192585 0.551589
v -0.042021 0.193088 0.557654
v 0.000000 0.230221 0.561058
v 0.041755 0.230023 0.559050
v 0.083207 0.229430 0.553041
v 0.124058 0.228447 0.543071
v 0.164010 0.227080 0.529208
v 0.202772 0.225338 0.511549
v 0.240061 0.223234 0.490215
v 0.275602 0.220782 0.465354
v 0.309131 0.217999 0.437138
v 0.340397 0.214905 0.405766
v 0.369163 0.211522 0.371458
v 0.395210 0.207873 0.334458
v 0.418334 0.203985 0.295030
v 0.438354 0.199885 0.253458
v 0.455107 0.195603 0.210045
v 0.468455 0.191171 0.165107
v 0.478284 0.186622 0.118976
v 0.484503 0.181989 0.071997
v 0.487052 0.177307 0.024522
v 0.485893 0.172611 -0.023090
v 0.481021 0.167938 -0.070473
v 0.472456 0.163324 -0.117264
v 0.460250 0.158803 -0.163098
v 0.444483 0.154413 -0.207616
v 0.425264 0.150187 -0.250468
v 0.402729 0.146159 -0.291311
v 0.377043 0.142361 -0.329820
v 0.348398 0.138824 -0.365684
v 0.317011 0.135576 -0.398613
v 0.283121 0.132643 -0.428337
v 0.246991 0.130045 -0.454615
v 0.208902 0.127788 -0.477228
v 0.169153 0.125857 -0.495992
v 0.128059 0.124213 -0.510750
v 0.085944 0.122847 -0.521380
v 0.043144 0.121873 -0.527794
v 0.000000 0.121509 -0.529938
v -0.043144 0.121873 -0.527794
v -0.085944 0.122847 -0.521380
v -0.128059 0.124213 -0.510750
v -0.169153 0.125857 -0.495992
v -0.208902 0.127788 -0.477228
v -0.246991 0.130045 -0.454615
v -0.283121 0.132643 -0.428337
v -0.317011 0.135576 -0.398613
v -0.348398 0.138824 -0.365684
v -0.377043 0.142361 -0.329820
v -0.402729 0.146159 -0.291311
v -0.425264 0.150187 -0.250468
v -0.444483 0.154413 -0.207616
v -0.460250 0.158803 -0.163098
v -0.472456 0.163324 -0.117264
v -0.481021 0.167938 -0.070473
v -0.485893 0.172611 -0.023090
v -0.487052 0.177307 0.024522
v -0.484503 0.181989 0.071997
v -0.478284 0.186622 0.118976
v -0.468455 0.191171 0.165107
v -0.455107 0.195603 0.210045
v -0.438354 0.199885 0.253458
v -0.418334 0.203985 0.295030
v -0.395210 0.207873 0.334458
v -0.369163 0.211522 0.371458
v -0.340397 0.214905 0.405766
v -0.309131 0.217999 0.437138
v -0.275602 0.220782 0.465354
v -0.240061 0.223234 0.490215
v -0.202772 0.225338 0.511549
v -0.164010 0.227080 0.529208
v -0.124058 0.228447 0.543071
v -0.083207 0.229430 0.553041
v -0.041755 0.230023 0.559050
v 0.000000 0.264925 0.560008
v 0.041306 0.264700 0.558027
v 0.082316 0.264027 0.552098
v 0.122735 0.262910 0.542261
v 0.162272 0.261357 0.528582
v 0.200641 0.259378 0.511152
v 0.237564 0.256987 0.490092
v 0.272769 0.254200 0.465543
v 0.305996 0.251035 0.437675
v 0.336998 0.247516 0.406680
v 0.365539 0.243666 0.372773
v 0.391401 0.239513 0.336192
v 0.414383 0.235086 0.297196
v 0.434301 0.230415 0.256063
v 0.450995 0.225536 0.213089
v 0.464323 0.220483 0.168587
v 0.474169 0.215294 0.122885
v 0.480443 0.210008 0.076320
v 0.483079 0.204662 0.029243
v 0.482037 0.199300 -0.017991
v 0.477310 0.193960 -0.065019
v 0.468913 0.188685 -0.111480
v 0.456896 0.183516 -0.157009
v 0.441334 0.178492 -0.201251
v 0.422334 0.173656 -0.243852
v 0.400029 0.169044 -0.284473
v 0.374580 0.164694 -0.322785
v 0.346179 0.160641 -0.358477
v 0.315038 0.156919 -0.391258
v 0.281396 0.153555 -0.420858
v 0.245515 0.150571 -0.447031
v 0.207674 0.147968 -0.469560
v 0.168173 0.145708 -0.488256
v 0.127325 0.143720 -0.502964
v 0.085456 0.141988 -0.513558
v 0.042900 0.140695 -0.519951
v 0.000000 0.140200 -0.522088
v -0.042900 0.140695 -0.519951
v -0.085456 0.141988 -0.513558
v -0.127325 0.143720 -0.502964
v -0.168173 0.145708 -0.488256
v -0.207674 0.147968 -0.469560
v -0.245515 0.150571 -0.447031
v -0.281396 0.153555 -0.420858
v -0.315038 0.156919 -0.391258
v -0.346179 0.160641 -0.358477
v -0.374580 0.164694 -0.322785
v -0.400029 0.169044 -0.284473
v -0.422334 0.173656 -0.243852
v -0.441334 0.178492 -0.201251
v -0.456896 0.183516 -0.157009
v -0.468913 0.188685 -0.111480
v -0.477310 0.193960 -0.065019
v -0.482037 0.199300 -0.017991
v -0.483079 0.204662 0.029243
v -0.480443 0.210008 0.076320
v -0.474169 0.215294 0.122885
v -0.464323 0.220483 0.168587
v -0.450995 0.225536 0.213089
v -0.434301 0.230415 0.256063
v -0.414383 0.235086 0.297196
v -0.391401 0.239513 0.336192
v -0.365539 0.243666 0.372773
v -0.336998 0.247516 0.406680
v -0.305996 0.251035 0.437675
v -0.272769 0.254200 0.465543
v -0.237564 0.256987 0.490092
v -0.200641 0.259378 0.511152
v -0.162272 0.261357 0.528582
v -0.122735 0.262910 0.542261
v -0.082316 0.264027 0.552098
v -0.041306 0.264700 0.558027
v 0.000000 0.297473 0.556466
v 0.040671 0.297225 0.554521
v 0.081052 0.296481 0.548697
v 0.120857 0.295247 0.539033
v 0.159799 0.293531 0.525594
v 0.197599 0.291345 0.508468
v 0.233984 0.288702 0.487770
v 0.268689 0.285621 0.463639
v 0.301457 0.282122 0.436238
v 0.332044 0.278230 0.405755
v 0.360221 0.273971 0.372397
v 0.385769 0.269374 0.336398
v 0.408490 0.264473 0.298008
v 0.428203 0.259301 0.257500
v 0.444745 0.253895 0.215164
v 0.457977 0.248295 0.171305
v 0.467781 0.242542 0.126245
v 0.474064 0.236678 0.080317
v 0.476760 0.230747 0.033865
v 0.475827 0.224793 -0.012760
v 0.471253 0.218864 -0.059201
v 0.463053 0.213003 -0.105099
v 0.451271 0.207258 -0.150094
v 0.435980 0.201674 -0.193832
v 0.417282 0.196294 -0.235963
v 0.395309 0.191163 -0.276149
v 0.370218 0.186322 -0.314063
v 0.342196 0.181811 -0.349395
v 0.311454 0.177666 -0.381853
v 0.278228 0.173918 -0.411168
v 0.242776 0.170587 -0.437096
v 0.205376 0.167664 -0.459417
v 0.166324 0.165082 -0.477944
v 0.125933 0.162730 -0.492520
v 0.084525 0.160585 -0.503022
v 0.042434 0.158926 -0.509358
v 0.000000 0.158279 -0.511477
v -0.042434 0.158926 -0.509358
v -0.084525 0.160585 -0.503022
v -0.125933 0.162730 -0.492520
v -0.166324 0.165082 -0.477944
v -0.205376 0.167664 -0.459417
v -0.242776 0.170587 -0.437096
v -0.278228 0.173918 -0.411168
v -0.311454 0.177666 -0.381853
v -0.342196 0.181811 -0.349395
v -0.370218 0.186322 -0.314063
v -0.395309 0.191163 -0.276149
v -0.417282 0.196294 -0.235963
v -0.435980 0.201674 -0.193832
v -0.451271 0.207258 -0.150094
v -0.463053 0.213003 -0.105099
v -0.471253 0.218864 -0.059201
v -0.475827 0.224793 -0.012760
v -0.476760 0.230747 0.033865
v -0.474064 0.236678 0.080317
v -0.467781 0.242542 0.126245
v -0.457977 0.248295 0.171305
v -0.444745 0.253895 0.215164
v -0.428203 0.259301 0.257500
v -0.408490 0.264473 0.298008
v -0.385769 0.269374 0.336398
v -0.360221 0.273971 0.372397
v -0.332044 0.278230 0.405755
v -0.301457 0.282122 0.436238
v -0.268689 0.285621 0.463639
v -0.233984 0.288702 0.487770
v -0.197599 0.291345 0.508468
v -0.159799 0.293531 0.525594
v -0.120857 0.295247 0.539033
v -0.081052 0.296481 0.548697
v -0.040671 0.297225 0.554521
v 0.000000 0.327891 0.550393
v 0.039848 0.327623 0.548491
v 0.079414 0.326819 0.542797
v 0.118418 0.325486 0.533348
v 0.156583 0.323632 0.520206
v 0.193636 0.321268 0.503457
v 0.229311 0.318412 0.483211
v 0.263347 0.315080 0.459603
v 0.295496 0.311297 0.432790
v 0.325519 0.307087 0.402953
v 0.353188 0.302478 0.370295
v 0.378291 0.297504 0.335040
v 0.400632 0.292197 0.297434
v 0.420031 0.286596 0.257739
v 0.436328 0.280740 0.216240
v 0.449385 0.274672 0.173234
v 0.459083 0.268435 0.129035
v 0.465330 0.262076 0.083969
v 0.468057 0.255642 0.038372
v 0.467222 0.249182 -0.007409
v 0.462810 0.242745 -0.053026
v 0.454832 0.236382 -0.098124
v 0.443332 0.230141 -0.142350
v 0.428377 0.224073 -0.185354
v 0.410067 0.218226 -0.226790
v 0.388529 0.212648 -0.266325
v 0.363918 0.207383 -0.303634
v 0.336414 0.202475 -0.338411
v 0.306226 0.197964 -0.370367
v 0.273586 0.193883 -0.399235
v 0.238746 0.190247 -0.424771
v 0.201983 0.187031 -0.446759
v 0.163587 0.184133 -0.465013
v 0.123866 0.181397 -0.479375
v 0.083140 0.178803 -0.489722
v 0.041740 0.176743 -0.495967
v 0.000000 0.175929 -0.498055
v -0.041740 0.176743 -0.495967
v -0.083140 0.178803 -0.489722
v -0.123866 0.181397 -0.479375
v -0.163587 0.184133 -0.465013
v -0.201983 0.187031 -0.446759
v -0.238746 0.190247 -0.424771
v -0.273586 0.193883 -0.399235
v -0.306226 0.197964 -0.370367
v -0.336414 0.202475 -0.338411
v -0.363918 0.207383 -0.303634
v -0.388529 0.212648 -0.266325
v -0.410067 0.218226 -0.226790
v -0.428377 0.224073 -0.185354
v -0.443332 0.230141 -0.142350
v -0.454832 0.236382 -0.098124
v -0.462810 0.242745 -0.053026
v -0.467222 0.249182 -0.007409
v -0.468057 0.255642 0.038372
v -0.465330 0.262076 0.083969
v -0.459083 0.268435 0.129035
v -0.449385 0.274672 0.173234
v -0.436328 0.280740 0.216240
v -0.420031 0.286596 0.257739
v -0.400632 0.292197 0.297434
v -0.378291 0.297504 0.335040
v -0.353188 0.302478 0.370295
v -0.325519 0.307087 0.402953
v -0.295496 0.311297 0.432790
v -0.263347 0.315080 0.459603
v -0.229311 0.318412 0.483211
v -0.193636 0.321268 0.503457
v -0.156583 0.323632 0.520206
v -0.118418 0.325486 0.533348
v -0.079414 0.326819 0.542797
v -0.039848 0.327623 0.548491
v 0.000000 0.356165 0.541780
v 0.038837 0.355880 0.539929
v 0.077401 0.355028 0.534389
v 0.115420 0.353614 0.525196
v 0.152626 0.351647 0.512408
v 0.188754 0.349139 0.496109
v 0.223545 0.346107 0.476404
v 0.256746 0.342572 0.453423
v 0.288116 0.338556 0.427317
v 0.317421 0.334086 0.398261
v 0.344440 0.329192 0.366452
v 0.368965 0.323908 0.332104
v 0.390804 0.318270 0.295457
v 0.409782 0.312317 0.256765
v 0.425740 0.306092 0.216301
v 0.438541 0.299640 0.174358
v 0.448070 0.293006 0.131238
v 0.454233 0.286240 0.087259
v 0.456962 0.279393 0.042750
v 0.456213 0.272515 -0.001953
v 0.451969 0.265661 -0.046508
v 0.444241 0.258883 -0.090568
v 0.433068 0.252233 -0.133789
v 0.418515 0.245766 -0.175825
v 0.400677 0.239533 -0.216341
v 0.379678 0.233585 -0.255006
v 0.355667 0.227970 -0.291503
v 0.328821 0.222734 -0.325529
v 0.299343 0.217920 -0.356802
v 0.267459 0.213560 -0.385057
v 0.233417 0.209662 -0.410056
v 0.197487 0.206180 -0.431584
v 0.159954 0.202969 -0.449457
v 0.121120 0.199833 -0.463521
v 0.081300 0.196768 -0.473655
v 0.040817 0.194296 -0.479771
v 0.000000 0.193314 -0.481816
v -0.040817 0.194296 -0.479771
v -0.081300 0.196768 -0.473655
v -0.121120 0.199833 -0.463521
v -0.159954 0.202969 -0.449457
v -0.197487 0.206180 -0.431584
v -0.233417 0.209662 -0.410056
v -0.267459 0.213560 -0.385057
v -0.299343 0.217920 -0.356802
v -0.328821 0.222734 -0.325529
v -0.355667 0.227970 -0.291503
v -0.379678 0.233585 -0.255006
v -0.400677 0.239533 -0.216341
v -0.418515 0.245766 -0.175825
v -0.433068 0.252233 -0.133789
v -0.444241 0.258883 -0.090568
v -0.451969 0.265661 -0.046508
v -0.456213 0.272515 -0.001953
v -0.456962 0.279393 0.042750
v -0.454233 0.286240 0.087259
v -0.448070 0.293006 0.131238
v -0.438541 0.299640 0.174358
v -0.425740 0.306092 0.216301
v -0.409782 0.312317 0.256765
v -0.390804 0.318270 0.295457
v -0.368965 0.323908 0.332104
v -0.344440 0.329192 0.366452
v -0.317421 0.334086 0.398261
v -0.288116 0.338556 0.427317
v -0.256746 0.342572 0.453423
v -0.223545 0.346107 0.476404
v -0.188754 0.349139 0.496109
v -0.152626 0.351647 0.512408
v -0.115420 0.353614 0.525196
v -0.077401 0.355028 0.534389
v -0.038837 0.355880 0.539929
v 0.000000 0.382262 0.530643
v 0.037641 0.381965 0.528852
v 0.075019 0.381075 0.523490
v 0.111871 0.379599 0.514592
v 0.147938 0.377545 0.502215
v 0.182965 0.374928 0.486437
v 0.216701 0.371762 0.467360
v 0.248902 0.368071 0.445109
v 0.279334 0.363876 0.419829
v 0.307771 0.359207 0.391687
v 0.333999 0.354095 0.360872
v 0.357815 0.348573 0.327593
v 0.379033 0.342681 0.292078
v 0.397481 0.336458 0.254573
v 0.413006 0.329949 0.215343
v 0.425473 0.323201 0.174669
v 0.434768 0.316261 0.132844
v 0.440800 0.309182 0.090176
v 0.443500 0.302016 0.046983
v 0.442825 0.294817 0.003592
v 0.438756 0.287640 -0.039665
v 0.431303 0.280541 -0.082452
v 0.420501 0.273576 -0.124433
v 0.406414 0.266800 -0.165273
v 0.389131 0.260268 -0.204642
v 0.368773 0.254033 -0.242220
v 0.345482 0.248146 -0.277699
v 0.319432 0.242656 -0.310781
v 0.290818 0.237605 -0.341191
v 0.259860 0.233023 -0.368670
v 0.226799 0.228908 -0.392984
v 0.191898 0.225184 -0.413926
v 0.155434 0.221664 -0.431313
v 0.117701 0.218119 -0.444997
v 0.079007 0.214585 -0.454857
v 0.039666 0.211718 -0.460808
v 0.000000 0.210580 -0.462797
v -0.039666 0.211718 -0.460808
v -0.079007 0.214585 -0.454857
v -0.117701 0.218119 -0.444997
v -0.155434 0.221664 -0.431313
v -0.191898 0.225184 -0.413926
v -0.226799 0.228908 -0.392984
v -0.259860 0.233023 -0.368670
v -0.290818 0.237605 -0.341191
v -0.319432 0.242656 -0.310781
v -0.345482 0.248146 -0.277699
v -0.368773 0.254033 -0.242220
v -0.389131 0.260268 -0.204642
v -0.406414 0.266800 -0.165273
v -0.420501 0.273576 -0.124433
v -0.431303 0.280541 -0.082452
v -0.438756 0.287640 -0.039665
v -0.442825 0.294817 0.003592
v -0.443500 0.302016 0.046983
v -0.440800 0.309182 0.090176
v -0.434768 0.316261 0.132844
v -0.425473 0.323201 0.174669
v -0.413006 0.329949 0.215343
v -0.397481 0.336458 0.254573
v -0.379033 0.342681 0.292078
v -0.357815 0.348573 0.327593
v -0.333999 0.354095 0.360872
v -0.307771 0.359207 0.391687
v -0.279334 0.363876 0.419829
v -0.248902 0.368071 0.445109
v -0.216701 0.371762 0.467360
v -0.182965 0.374928 0.486437
v -0.147938 0.377545 0.502215
v -0.111871 0.379599 0.514592
v -0.075019 0.381075 0.523490
v -0.037641 0.381965 0.528852
v 0.000000 0.406144 0.517032
v 0.036265 0.405838 0.515308
v 0.072277 0.404923 0.510148
v 0.107784 0.403404 0.501584
v 0.142538 0.401292 0.489671
v 0.176292 0.398599 0.474484
v 0.208807 0.395342 0.456121
v 0.239847 0.391544 0.434699
v 0.269187 0.387228 0.410359
v 0.296610 0.382422 0.383260
v 0.321908 0.377160 0.353583
v 0.344887 0.371476 0.321529
v 0.365366 0.365409 0.287315
v 0.383180 0.359001 0.251179
v 0.398180 0.352297 0.213374
v 0.410234 0.345345 0.174170
v 0.419233 0.338195 0.133850
v 0.425087 0.330900 0.092710
v 0.427729 0.323514 0.051057
v 0.427115 0.316092 0.009205
v 0.423228 0.308692 -0.032525
v 0.416074 0.301372 -0.073808
v 0.405687 0.294188 -0.114320
v 0.392128 0.287198 -0.153737
v 0.375482 0.280459 -0.191741
v 0.355863 0.274025 -0.228022
v 0.333411 0.267950 -0.262279
v 0.308290 0.262282 -0.294228
v 0.280690 0.257063 -0.323598
v 0.250823 0.252318 -0.350141
v 0.218922 0.248028 -0.373629
v 0.185240 0.244084 -0.393861
v 0.150046 0.240258 -0.410660
v 0.113624 0.236310 -0.423881
v 0.076272 0.232338 -0.433408
v 0.038293 0.229126 -0.439159
v 0.000000 0.227858 -0.441081
v -0.038293 0.229126 -0.439159
v -0.076272 0.232338 -0.433408
v -0.113624 0.236310 -0.423881
v -0.150046 0.240258 -0.410660
v -0.185240 0.244084 -0.393861
v -0.218922 0.248028 -0.373629
v -0.250823 0.252318 -0.350141
v -0.280690 0.257063 -0.323598
v -0.308290 0.262282 -0.294228
v -0.333411 0.267950 -0.262279
v -0.355863 0.274025 -0.228022
v -0.375482 0.280459 -0.191741
v -0.392128 0.287198 -0.153737
v -0.405687 0.294188 -0.114320
v -0.416074 0.301372 -0.073808
v -0.423228 0.308692 -0.032525
v -0.427115 0.316092 0.009205
v -0.427729 0.323514 0.051057
v -0.425087 0.330900 0.092710
v -0.419233 0.338195 0.133850
v -0.410234 0.345345 0.174170
v -0.398180 0.352297 0.213374
v -0.383180 0.359001 0.251179
v -0.365366 0.365409 0.287315
v -0.344887 0.371476 0.321529
v -0.321908 0.377160 0.353583
v -0.296610 0.382422 0.383260
v -0.269187 0.387228 0.410359
v -0.239847 0.391544 0.434699
v -0.208807 0.395342 0.456121
v -0.176292 0.398599 0.474484
v -0.142538 0.401292 0.489671
v -0.107784 0.403404 0.501584
v -0.072277 0.404923 0.510148
v -0.036265 0.405838 0.515308
v 0.000000 0.427775 0.501023
v 0.034715 0.427465 0.499374
v 0.069189 0.426537 0.494438
v 0.103182 0.424996 0.486246
v 0.136454 0.422853 0.474850
v 0.168771 0.420120 0.460321
v 0.199904 0.416815 0.442752
v 0.229629 0.412960 0.422256
v 0.257729 0.408580 0.398965
v 0.283996 0.403702 0.373034
v 0.308232 0.398360 0.344632
v 0.330251 0.392590 0.313952
v 0.349879 0.386430 0.281201
v 0.366958 0.379923 0.246607
v 0.381343 0.373115 0.210412
v 0.392911 0.366055 0.172872
v 0.401553 0.358792 0.134260
v 0.407184 0.351381 0.094857
v 0.409739 0.343877 0.054958
v 0.409175 0.336336 0.014864
v 0.405475 0.328816 -0.025117
v 0.398644 0.321375 -0.064676
v 0.388714 0.314073 -0.103500
v 0.375742 0.306967 -0.141278
v 0.359810 0.300115 -0.177706
v 0.341026 0.293573 -0.212486
v 0.319525 0.287395 -0.245328
v 0.295463 0.281628 -0.275960
v 0.269022 0.276311 -0.304122
v 0.240404 0.271460 -0.329575
v 0.209835 0.267033 -0.352100
v 0.177555 0.262886 -0.371502
v 0.143824 0.258764 -0.387615
v 0.108915 0.254439 -0.400295
v 0.073111 0.250096 -0.409433
v 0.036707 0.246623 -0.414949
v 0.000000 0.245263 -0.416792
v -0.036707 0.246623 -0.414949
v -0.073111 0.250096 -0.409433
v -0.108915 0.254439 -0.400295
v -0.143824 0.258764 -0.387615
v -0.177555 0.262886 -0.371502
v -0.209835 0.267033 -0.352100
v -0.240404 0.271460 -0.329575
v -0.269022 0.276311 -0.304122
v -0.295463 0.281628 -0.275960
v -0.319525 0.287395 -0.245328
v -0.341026 0.293573 -0.212486
v -0.359810 0.300115 -0.177706
v -0.375742 0.306967 -0.141278
v -0.388714 0.314073 -0.103500
v -0.398644 0.321375 -0.064676
v -0.405475 0.328816 -0.025117
v -0.409175 0.336336 0.014864
v -0.409739 0.343877 0.054958
v -0.407184 0.351381 0.094857
v -0.401553 0.358792 0.134260
v -0.392911 0.366055 0.172872
v -0.381343 0.373115 0.210412
v -0.366958 0.379923 0.246607
v -0.349879 0.386430 0.281201
v -0.330251 0.392590 0.313952
v -0.308232 0.398360 0.344632
v -0.283996 0.403702 0.373034
v -0.257729 0.408580 0.398965
v -0.229629 0.412960 0.422256
v -0.199904 0.416815 0.442752
v -0.168771 0.420120 0.460321
v -0.136454 0.422853 0.474850
v -0.103182 0.424996 0.486246
v -0.069189 0.426537 0.494438
v -0.034715 0.427465 0.499374
v 0.000000 0.447131 0.482722
v 0.033002 0.446820 0.481155
v 0.065775 0.445891 0.476465
v 0.098090 0.444348 0.468680
v 0.129721 0.442201 0.457849
v 0.160446 0.439465 0.444042
v 0.190047 0.436156 0.427345
v 0.218309 0.432295 0.407865
v 0.245029 0.427908 0.385729
v 0.270007 0.423023 0.361081
v 0.293056 0.417672 0.334085
v 0.313998 0.411892 0.304921
v 0.332669 0.405722 0.273788
v 0.348917 0.399204 0.240901
v 0.362606 0.392384 0.206489
v 0.373616 0.385310 0.170797
v 0.381845 0.378034 0.134083
v 0.387211 0.370608 0.096615
v 0.389652 0.363088 0.058674
v 0.389128 0.355531 0.020544
v 0.385620 0.347995 -0.017481
v 0.379134 0.340538 -0.055106
v 0.369700 0.333219 -0.092033
v 0.357372 0.326097 -0.127969
v 0.342228 0.319229 -0.162622
v 0.324370 0.312670 -0.195708
v 0.303926 0.306474 -0.226953
v 0.281044 0.300687 -0.256096
v 0.255898 0.295340 -0.282890
v 0.228681 0.290435 -0.307108
v 0.199605 0.285904 -0.328540
v 0.168902 0.281572 -0.347002
v 0.136816 0.277172 -0.362334
v 0.103609 0.272527 -0.374400
v 0.069550 0.267915 -0.383096
v 0.034919 0.264291 -0.388344
v 0.000000 0.262889 -0.390098
v -0.034919 0.264291 -0.388344
v -0.069550 0.267915 -0.383096
v -0.103609 0.272527 -0.374400
v -0.136816 0.277172 -0.362334
v -0.168902 0.281572 -0.347002
v -0.199605 0.285904 -0.328540
v -0.228681 0.290435 -0.307108
v -0.255898 0.295340 -0.282890
v -0.281044 0.300687 -0.256096
v -0.303926 0.306474 -0.226953
v -0.324370 0.312670 -0.195708
v -0.342228 0.319229 -0.162622
v -0.357372 0.326097 -0.127969
v -0.369700 0.333219 -0.092033
v -0.379134 0.340538 -0.055106
v -0.385620 0.347995 -0.017481
v -0.389128 0.355531 0.020544
v -0.389652 0.363088 0.058674
v -0.387211 0.370608 0.096615
v -0.381845 0.378034 0.134083
v -0.373616 0.385310 0.170797
v -0.362606 0.392384 0.206489
v -0.348917 0.399204 0.240901
v -0.332669 0.405722 0.273788
v -0.313998 0.411892 0.304921
v -0.293056 0.417672 0.334085
v -0.270007 0.423023 0.361081
v -0.245029 0.427908 0.385729
v -0.218309 0.432295 0.407865
v -0.190047 0.436156 0.427345
v -0.160446 0.439465 0.444042
v -0.129721 0.442201 0.457849
v -0.098090 0.444348 0.468680
v -0.065775 0.445891 0.476465
v -0.033002 0.446820 0.481155
v 0.000000 0.464197 0.462259
v 0.031136 0.463890 0.460781
v 0.062055 0.462971 0.456356
v 0.092543 0.461446 0.449011
v 0.122386 0.459324 0.438793
v 0.151373 0.456619 0.425766
v 0.179300 0.453348 0.410014
v 0.205964 0.449532 0.391636
v 0.231173 0.445196 0.370751
v 0.254738 0.440368 0.347497
v 0.276484 0.435079 0.322028
v 0.296242 0.429366 0.294513
v 0.313857 0.423267 0.265141
v 0.329186 0.416824 0.234113
v 0.342101 0.410083 0.201647
v 0.352488 0.403091 0.167973
v 0.360252 0.395899 0.133335
v 0.365315 0.388559 0.097987
v 0.367618 0.381127 0.062190
v 0.367123 0.373657 0.026217
v 0.363814 0.366208 -0.009658
v 0.357695 0.358837 -0.045155
v 0.348794 0.351603 -0.079994
v 0.337163 0.344563 -0.113898
v 0.322875 0.337774 -0.146591
v 0.306027 0.331289 -0.177806
v 0.286739 0.325160 -0.207284
v 0.265152 0.319428 -0.234779
v 0.241428 0.314114 -0.260058
v 0.215749 0.309201 -0.282906
v 0.188318 0.304592 -0.303127
v 0.159350 0.300095 -0.320545
v 0.129079 0.295458 -0.335009
v 0.097750 0.290583 -0.346393
v 0.065617 0.285837 -0.354597
v 0.032944 0.282193 -0.359549
v 0.000000 0.280802 -0.361204
v -0.032944 0.282193 -0.359549
v -0.065617 0.285837 -0.354597
v -0.097750 0.290583 -0.346393
v -0.129079 0.295458 -0.335009
v -0.159350 0.300095 -0.320545
v -0.188318 0.304592 -0.303127
v -0.215749 0.309201 -0.282906
v -0.241428 0.314114 -0.260058
v -0.265152 0.319428 -0.234779
v -0.286739 0.325160 -0.207284
v -0.306027 0.331289 -0.177806
v -0.322875 0.337774 -0.146591
v -0.337163 0.344563 -0.113898
v -0.348794 0.351603 -0.079994
v -0.357695 0.358837 -0.045155
v -0.363814 0.366208 -0.009658
v -0.367123 0.373657 0.026217
v -0.367618 0.381127 0.062190
v -0.365315 0.388559 0.097987
v -0.360252 0.395899 0.133335
v -0.352488 0.403091 0.167973
v -0.342101 0.410083 0.201647
v -0.329186 0.416824 0.234113
v -0.313857 0.423267 0.265141
v -0.296242 0.429366 0.294513
v -0.276484 0.435079 0.322028
v -0.254738 0.440368 0.347497
v -0.231173 0.445196 0.370751
v -0.205964 0.449532 0.391636
v -0.179300 0.453348 0.410014
v -0.151373 0.456619 0.425766
v -0.122386 0.459324 0.438793
v -0.092543 0.461446 0.449011
v -0.062055 0.462971 0.456356
v -0.031136 0.463890 0.460781
v 0.000000 0.478974 0.439790
v 0.029130 0.478675 0.438406
v 0.058057 0.477778 0.434264
v 0.086580 0.476291 0.427390
v 0.114498 0.474221 0.417828
v 0.141616 0.471582 0.405636
v 0.167740 0.468392 0.390894
v 0.192682 0.464670 0.373696
v 0.216260 0.460440 0.354153
v 0.238301 0.455731 0.332394
v 0.258637 0.450573 0.308562
v 0.277113 0.445002 0.282818
v 0.293583 0.439054 0.255337
v 0.307914 0.432772 0.226309
v 0.319985 0.426198 0.195938
v 0.329691 0.419381 0.164438
v 0.336943 0.412369 0.132038
v 0.341668 0.405214 0.098976
v 0.343812 0.397968 0.065497
v 0.343339 0.390687 0.031854
v 0.340234 0.383426 -0.001695
v 0.334502 0.376242 -0.034888
v 0.326170 0.369191 -0.067465
v 0.315285 0.362329 -0.099165
v 0.301916 0.355711 -0.129732
v 0.286155 0.349388 -0.158915
v 0.268113 0.343406 -0.186474
v 0.247923 0.337797 -0.212177
v 0.225736 0.332571 -0.235807
v 0.201723 0.327685 -0.257165
v 0.176072 0.323026 -0.276065
v 0.148987 0.318395 -0.292346
v 0.120683 0.313593 -0.305866
v 0.091391 0.308612 -0.316506
v 0.061348 0.303894 -0.324174
v 0.030801 0.300364 -0.328802
v 0.000000 0.299038 -0.330349
v -0.030801 0.300364 -0.328802
v -0.061348 0.303894 -0.324174
v -0.091391 0.308612 -0.316506
v -0.120683 0.313593 -0.305866
v -0.148987 0.318395 -0.292346
v -0.176072 0.323026 -0.276065
v -0.201723 0.327685 -0.257165
v -0.225736 0.332571 -0.235807
v -0.247923 0.337797 -0.212177
v -0.268113 0.343406 -0.186474
v -0.286155 0.349388 -0.158915
v -0.301916 0.355711 -0.129732
v -0.315285 0.362329 -0.099165
v -0.326170 0.369191 -0.067465
v -0.334502 0.376242 -0.034888
v -0.340234 0.383426 -0.001695
v -0.343339 0.390687 0.031854
v -0.343812 0.397968 0.065497
v -0.341668 0.405214 0.098976
v -0.336943 0.412369 0.132038
v -0.329691 0.419381 0.164438
v -0.319985 0.426198 0.195938
v -0.307914 0.432772 0.226309
v -0.293583 0.439054 0.255337
v -0.277113 0.445002 0.282818
v -0.258637 0.450573 0.308562
v -0.238301 0.455731 0.332394
v -0.216260 0.460440 0.354153
v -0.192682 0.464670 0.373696
v -0.167740 0.468392 0.390894
v -0.141616 0.471582 0.405636
v -0.114498 0.474221 0.417828
v -0.086580 0.476291 0.427390
v -0.058057 0.477778 0.434264
v -0.029130 0.478675 0.438406
v 0.000000 0.491480 0.415487
v 0.026998 0.491192 0.414204
v 0.053808 0.490330 0.410362
v 0.080242 0.488898 0.403987
v 0.106116 0.486907 0.395118
v 0.131245 0.484368 0.383811
v 0.155451 0.481298 0.370140
v 0.178560 0.477717 0.354192
v 0.200403 0.473648 0.336072
v 0.220818 0.469118 0.315898
v 0.239652 0.464158 0.293804
v 0.256759 0.458799 0.269940
v 0.272005 0.453080 0.244469
v 0.285267 0.447039 0.217566
v 0.296434 0.440719 0.189422
v 0.305408 0.434166 0.160235
v 0.312108 0.427426 0.130218
v 0.316466 0.420549 0.099591
v 0.318432 0.413586 0.068582
v 0.317976 0.406590 0.037424
v 0.315082 0.399614 0.006357
v 0.309756 0.392712 -0.024377
v 0.302023 0.385938 -0.054537
v 0.291928 0.379346 -0.083882
v 0.279536 0.372986 -0.112175
v 0.264930 0.366905 -0.139185
v 0.248215 0.361141 -0.164689
v 0.229513 0.355716 -0.188473
v 0.208966 0.350620 -0.210339
v 0.186731 0.345795 -0.230099
v 0.162981 0.341116 -0.247586
v 0.137906 0.336410 -0.262647
v 0.111705 0.331549 -0.275154
v 0.084590 0.326621 -0.284997
v 0.056782 0.322098 -0.292090
v 0.028508 0.318810 -0.296370
v 0.000000 0.317595 -0.297802
v -0.028508 0.318810 -0.296370
v -0.056782 0.322098 -0.292090
v -0.084590 0.326621 -0.284997
v -0.111705 0.331549 -0.275154
v -0.137906 0.336410 -0.262647
v -0.162981 0.341116 -0.247586
v -0.186731 0.345795 -0.230099
v -0.208966 0.350620 -0.210339
v -0.229513 0.355716 -0.188473
v -0.248215 0.361141 -0.164689
v -0.264930 0.366905 -0.139185
v -0.279536 0.372986 -0.112175
v -0.291928 0.379346 -0.083882
v -0.302023 0.385938 -0.054537
v -0.309756 0.392712 -0.024377
v -0.315082 0.399614 0.006357
v -0.317976 0.406590 0.037424
v -0.318432 0.413586 0.068582
v -0.316466 0.420549 0.099591
v -0.312108 0.427426 0.130218
v -0.305408 0.434166 0.160235
v -0.296434 0.440719 0.189422
v -0.285267 0.447039 0.217566
v -0.272005 0.453080 0.244469
v -0.256759 0.458799 0.269940
v -0.239652 0.464158 0.293804
v -0.220818 0.469118 0.315898
v -0.200403 0.473648 0.336072
v -0.178560 0.477717 0.354192
v -0.155451 0.481298 0.370140
v -0.131245 0.484368 0.383811
v -0.106116 0.486907 0.395118
v -0.080242 0.488898 0.403987
v -0.053808 0.490330 0.410362
v -0.026998 0.491192 0.414204
v 0.000000 0.501749 0.389542
v 0.024757 0.501476 0.388364
v 0.049341 0.500658 0.384838
v 0.073579 0.499300 0.378986
v 0.097300 0.497412 0.370845
v 0.120338 0.495005 0.360467
v 0.142526 0.492094 0.347921
v 0.163706 0.488699 0.333286
v 0.183721 0.484842 0.316659
v 0.202424 0.480548 0.298150
v 0.219674 0.475846 0.277882
v 0.235339 0.470769 0.255994
v 0.249294 0.465350 0.232636
v 0.261427 0.459627 0.207968
v 0.271638 0.453642 0.182167
v 0.279838 0.447436 0.155414
v 0.285951 0.441054 0.127906
v 0.289919 0.434544 0.099843
v 0.291694 0.427954 0.071434
v 0.291250 0.421333 0.042895
v 0.288575 0.414733 0.014445
v 0.283673 0.408204 -0.013697
v 0.276568 0.401794 -0.041308
v 0.267303 0.395554 -0.068168
v 0.255936 0.389530 -0.094062
v 0.242546 0.383761 -0.118778
v 0.227227 0.378276 -0.142112
v 0.210094 0.373081 -0.163871
v 0.191274 0.368154 -0.183872
v 0.170913 0.363424 -0.201945
v 0.149168 0.358777 -0.217937
v 0.126213 0.354088 -0.231710
v 0.102230 0.349311 -0.243146
v 0.077413 0.344610 -0.252146
v 0.051964 0.340444 -0.258631
v 0.026089 0.337503 -0.262545
v 0.000000 0.336434 -0.263853
v -0.026089 0.337503 -0.262545
v -0.051964 0.340444 -0.258631
v -0.077413 0.344610 -0.252146
v -0.102230 0.349311 -0.243146
v -0.126213 0.354088 -0.231710
v -0.149168 0.358777 -0.217937
v -0.170913 0.363424 -0.201945
v -0.191274 0.368154 -0.183872
v -0.210094 0.373081 -0.163871
v -0.227227 0.378276 -0.142112
v -0.242546 0.383761 -0.118778
v -0.255936 0.389530 -0.094062
v -0.267303 0.395554 -0.068168
v -0.276568 0.401794 -0.041308
v -0.283673 0.408204 -0.013697
v -0.288575 0.414733 0.014445
v -0.291250 0.421333 0.042895
v -0.291694 0.427954 0.071434
v -0.289919 0.434544 0.099843
v -0.285951 0.441054 0.127906
v -0.279838 0.447436 0.155414
v -0.271638 0.453642 0.182167
v -0.261427 0.459627 0.207968
v -0.249294 0.465350 0.232636
v -0.235339 0.470769 0.255994
v -0.219674 0.475846 0.277882
v -0.202424 0.480548 0.298150
v -0.183721 0.484842 0.316659
v -0.163706 0.488699 0.333286
v -0.142526 0.492094 0.347921
v -0.120338 0.495005 0.360467
v -0.097300 0.497412 0.370845
v -0.073579 0.499300 0.378986
v -0.049341 0.500658 0.384838
v -0.024757 0.501476 0.388364
v 0.000000 0.509831 0.362160
v 0.022423 0.509576 0.361092
v 0.044688 0.508812 0.357893
v 0.066638 0.507545 0.352585
v 0.088119 0.505782 0.345202
v 0.108977 0.503535 0.335792
v 0.129064 0.500819 0.324415
v 0.148233 0.497652 0.311147
v 0.166344 0.494053 0.296075
v 0.183263 0.490049 0.279300
v 0.198862 0.485664 0.260934
v 0.213022 0.480930 0.241104
v 0.225631 0.475878 0.219945
v 0.236588 0.470545 0.197607
v 0.245801 0.464968 0.174245
v 0.253192 0.459186 0.150029
v 0.258693 0.453243 0.125134
v 0.262252 0.447181 0.099743
v 0.263827 0.441046 0.074045
v 0.263395 0.434884 0.048236
v 0.260945 0.428743 0.022512
v 0.256483 0.422668 -0.002926
v 0.250032 0.416699 -0.027879
v 0.241630 0.410884 -0.052149
v 0.231331 0.405262 -0.075541
v 0.219207 0.399863 -0.097864
v 0.205344 0.394704 -0.118936
v 0.189845 0.389781 -0.138581
v 0.172826 0.385060 -0.156636
v 0.154417 0.380477 -0.172950
v 0.134764 0.375946 -0.187382
v 0.114019 0.371403 -0.199811
v 0.092350 0.366879 -0.210131
v 0.069929 0.362575 -0.218251
v 0.046939 0.358896 -0.224101
v 0.023566 0.356374 -0.227632
v 0.000000 0.355471 -0.228813
v -0.023566 0.356374 -0.227632
v -0.046939 0.358896 -0.224101
v -0.069929 0.362575 -0.218251
v -0.092350 0.366879 -0.210131
v -0.114019 0.371403 -0.199811
v -0.134764 0.375946 -0.187382
v -0.154417 0.380477 -0.172950
v -0.172826 0.385060 -0.156636
v -0.189845 0.389781 -0.138581
v -0.205344 0.394704 -0.118936
v -0.219207 0.399863 -0.097864
v -0.231331 0.405262 -0.075541
v -0.241630 0.410884 -0.052149
v -0.250032 0.416699 -0.027879
v -0.256483 0.422668 -0.002926
v -0.260945 0.428743 0.022512
v -0.263395 0.434884 0.048236
v -0.263827 0.441046 0.074045
v -0.262252 0.447181 0.099743
v -0.258693 0.453243 0.125134
v -0.253192 0.459186 0.150029
v -0.245801 0.464968 0.174245
v -0.236588 0.470545 0.197607
v -0.225631 0.475878 0.219945
v -0.213022 0.480930 0.241104
v -0.198862 0.485664 0.260934
v -0.183263 0.490049 0.279300
v -0.166344 0.494053 0.296075
v -0.148233 0.497652 0.311147
v -0.129064 0.500819 0.324415
v -0.108977 0.503535 0.335792
v -0.088119 0.505782 0.345202
v -0.066638 0.507545 0.352585
v -0.044688 0.508812 0.357893
v -0.022423 0.509576 0.361092
v 0.000000 0.515788 0.333552
v 0.020012 0.515554 0.332597
v 0.039883 0.514854 0.329737
v 0.059472 0.513693 0.324992
v 0.078639 0.512077 0.318392
v 0.097248 0.510017 0.309980
v 0.115164 0.507528 0.299812
v 0.132258 0.504626 0.287956
v 0.148404 0.501329 0.274490
v 0.163482 0.497661 0.259505
v 0.177377 0.493645 0.243103
v 0.189985 0.489311 0.225398
v 0.201205 0.484687 0.206511
v 0.210947 0.479807 0.186576
v 0.219132 0.474705 0.165734
v 0.225689 0.469417 0.144136
v 0.230560 0.463983 0.121938
v 0.233698 0.458442 0.099305
v 0.235067 0.452836 0.076406
v 0.234648 0.447207 0.053413
v 0.232432 0.441599 0.030504
v 0.228425 0.436054 0.007854
v 0.222649 0.430596 -0.014357
v 0.215139 0.425264 -0.035954
v 0.205944 0.420096 -0.056764
v 0.195127 0.415113 -0.076619
v 0.182766 0.410322 -0.095357
v 0.168954 0.405712 -0.112822
v 0.153793 0.401251 -0.128871
v 0.137400 0.396896 -0.143369
v 0.119903 0.392601 -0.156194
v 0.101440 0.388362 -0.167237
v 0.082156 0.384259 -0.176404
v 0.062208 0.380493 -0.183617
v 0.041755 0.377387 -0.188814
v 0.020963 0.375316 -0.191950
v 0.000000 0.374586 -0.192998
v -0.020963 0.375316 -0.191950
v -0.041755 0.377387 -0.188814
v -0.062208 0.380493 -0.183617
v -0.082156 0.384259 -0.176404
v -0.101440 0.388362 -0.167237
v -0.119903 0.392601 -0.156194
v -0.137400 0.396896 -0.143369
v -0.153793 0.401251 -0.128871
v -0.168954 0.405712 -0.112822
v -0.182766 0.410322 -0.095357
v -0.195127 0.415113 -0.076619
v -0.205944 0.420096 -0.056764
v -0.215139 0.425264 -0.035954
v -0.222649 0.430596 -0.014357
v -0.228425 0.436054 0.007854
v -0.232432 0.441599 0.030504
v -0.234648 0.447207 0.053413
v -0.235067 0.452836 0.076406
v -0.233698 0.458442 0.099305
v -0.230560 0.463983 0.121938
v -0.225689 0.469417 0.144136
v -0.219132 0.474705 0.165734
v -0.210947 0.479807 0.186576
v -0.201205 0.484687 0.206511
v -0.189985 0.489311 0.225398
v -0.177377 0.493645 0.243103
v -0.163482 0.497661 0.259505
v -0.148404 0.501329 0.274490
v -0.132258 0.504626 0.287956
v -0.115164 0.507528 0.299812
v -0.097248 0.510017 0.309980
v -0.078639 0.512077 0.318392
v -0.059472 0.513693 0.324992
v -0.039883 0.514854 0.329737
v -0.020012 0.515554 0.332597
v 0.000000 0.519699 0.303936
v 0.017544 0.519489 0.303096
v 0.034963 0.518861 0.300584
v 0.052132 0.517818 0.296416
v 0.068930 0.516367 0.290619
v 0.085236 0.514519 0.283231
v 0.100931 0.512285 0.274303
v 0.115901 0.509681 0.263894
v 0.130036 0.506724 0.252074
v 0.143230 0.503434 0.238925
v 0.155384 0.499835 0.224536
v 0.166405 0.495949 0.209007
v 0.176206 0.491807 0.192448
v 0.184709 0.487435 0.174974
v 0.191844 0.482866 0.156712
v 0.197552 0.478133 0.137793
v 0.201781 0.473270 0.118356
v 0.204491 0.468314 0.098545
v 0.205654 0.463301 0.078507
v 0.205252 0.458269 0.058395
v 0.203279 0.453257 0.038363
v 0.199742 0.448304 0.018564
v 0.194659 0.443445 -0.000845
v 0.188063 0.438638 -0.019711
v 0.179998 0.433965 -0.037885
v 0.170520 0.429437 -0.055220
v 0.159697 0.425057 -0.071574
v 0.147609 0.420817 -0.086815
v 0.134348 0.416699 -0.100816
v 0.120016 0.412684 -0.113461
v 0.104723 0.408770 -0.124645
v 0.088591 0.404992 -0.134273
v 0.071745 0.401449 -0.142265
v 0.054322 0.398311 -0.148553
v 0.036460 0.395808 -0.153083
v 0.018304 0.394180 -0.155816
v 0.000000 0.393614 -0.156730
v -0.018304 0.394180 -0.155816
v -0.036460 0.395808 -0.153083
v -0.054322 0.398311 -0.148553
v -0.071745 0.401449 -0.142265
v -0.088591 0.404992 -0.134273
v -0.104723 0.408770 -0.124645
v -0.120016 0.412684 -0.113461
v -0.134348 0.416699 -0.100816
v -0.147609 0.420817 -0.086815
v -0.159697 0.425057 -0.071574
v -0.170520 0.429437 -0.055220
v -0.179998 0.433965 -0.037885
v -0.188063 0.438638 -0.019711
v -0.194659 0.443445 -0.000845
v -0.199742 0.448304 0.018564
v -0.203279 0.453257 0.038363
v -0.205252 0.458269 0.058395
v -0.205654 0.463301 0.078507
v -0.204491 0.468314 0.098545
v -0.201781 0.473270 0.118356
v -0.197552 0.478133 0.137793
v -0.191844 0.482866 0.156712
v -0.184709 0.487435 0.174974
v -0.176206 0.491807 0.192448
v -0.166405 0.495949 0.209007
v -0.155384 0.499835 0.224536
v -0.143230 0.503434 0.238925
v -0.130036 0.506724 0.252074
v -0.115901 0.509681 0.263894
v -0.100931 0.512285 0.274303
v -0.085236 0.514519 0.283231
v -0.068930 0.516367 0.290619
v -0.052132 0.517818 0.296416
v -0.034963 0.518861 0.300584
v -0.017544 0.519489 0.303096
v 0.000000 0.521651 0.273526
v 0.015034 0.521467 0.272805
v 0.029960 0.520917 0.270648
v 0.044672 0.520005 0.267067
v 0.059062 0.518736 0.262088
v 0.073027 0.517119 0.255745
v 0.086466 0.515166 0.248079
v 0.099280 0.512888 0.239144
v 0.111373 0.510303 0.229001
v 0.122657 0.507428 0.217720
v 0.133045 0.504283 0.205379
v 0.142458 0.500890 0.192064
v 0.150823 0.497273 0.177871
v 0.158073 0.493457 0.162900
v 0.164149 0.489471 0.147258
v 0.169000 0.485343 0.131061
v 0.172584 0.481104 0.114427
v 0.174867 0.476784 0.097478
v 0.175826 0.472417 0.080344
v 0.175447 0.468036 0.063152
v 0.173726 0.463674 0.046035
v 0.170671 0.459364 0.029125
v 0.166297 0.455141 0.012553
v 0.160633 0.451001 -0.003549
v 0.153717 0.446856 -0.019055
v 0.145598 0.442827 -0.033839
v 0.136336 0.438917 -0.047784
v 0.125999 0.435126 -0.060775
v 0.114664 0.431453 -0.072706
v 0.102420 0.427907 -0.083479
v 0.089360 0.424511 -0.093006
v 0.075587 0.421318 -0.101205
v 0.061210 0.418417 -0.108010
v 0.046343 0.415931 -0.113364
v 0.031103 0.414006 -0.117220
v 0.015614 0.412782 -0.119547
v 0.000000 0.412362 -0.120324
v -0.015614 0.412782 -0.119547
v -0.031103 0.414006 -0.117220
v -0.046343 0.415931 -0.113364
v -0.061210 0.418417 -0.108010
v -0.075587 0.421318 -0.101205
v -0.089360 0.424511 -0.093006
v -0.102420 0.427907 -0.083479
v -0.114664 0.431453 -0.072706
v -0.125999 0.435126 -0.060775
v -0.136336 0.438917 -0.047784
v -0.145598 0.442827 -0.033839
v -0.153717 0.446856 -0.019055
v -0.160633 0.451001 -0.003549
v -0.166297 0.455141 0.012553
v -0.170671 0.459364 0.029125
v -0.173726 0.463674 0.046035
v -0.175447 0.468036 0.063152
v -0.175826 0.472417 0.080344
v -0.174867 0.476784 0.097478
v -0.172584 0.481104 0.114427
v -0.169000 0.485343 0.131061
v -0.164149 0.489471 0.147258
v -0.158073 0.493457 0.162900
v -0.150823 0.497273 0.177871
v -0.142458 0.500890 0.192064
v -0.133045 0.504283 0.205379
v -0.122657 0.507428 0.217720
v -0.111373 0.510303 0.229001
v -0.099280 0.512888 0.239144
v -0.086466 0.515166 0.248079
v -0.073027 0.517119 0.255745
v -0.059062 0.518736 0.262088
v -0.044672 0.520005 0.267067
v -0.029960 0.520917 0.270648
v -0.015034 0.521467 0.272805
v 0.000000 0.521740 0.242536
v 0.012501 0.521585 0.241935
v 0.024911 0.521119 0.240136
v 0.037140 0.520346 0.237151
v 0.049101 0.519272 0.233001
v 0.060706 0.517904 0.227715
v 0.071870 0.516251 0.221328
v 0.082510 0.514325 0.213885
v 0.092548 0.512138 0.205437
v 0.101908 0.509707 0.196045
v 0.110520 0.507049 0.185774
v 0.118318 0.504182 0.174697
v 0.125241 0.501127 0.162893
v 0.131235 0.497906 0.150447
v 0.136250 0.494542 0.137450
v 0.140246 0.491060 0.123996
v 0.143189 0.487486 0.110186
v 0.145051 0.483846 0.096121
v 0.145814 0.480167 0.081908
v 0.145467 0.476478 0.067654
v 0.144008 0.472806 0.053468
v 0.141444 0.469181 0.039460
v 0.137790 0.465629 0.025738
v 0.133070 0.462180 0.012411
v 0.127316 0.458850 -0.000418
v 0.120569 0.455370 -0.012646
v 0.112879 0.451999 -0.024175
v 0.104304 0.448745 -0.034912
v 0.094907 0.445623 -0.044770
v 0.084761 0.442654 -0.053669
v 0.073944 0.439870 -0.061536
v 0.062541 0.437321 -0.068306
v 0.050641 0.435071 -0.073923
v 0.038338 0.433200 -0.078342
v 0.025730 0.431786 -0.081524
v 0.012916 0.430904 -0.083444
v 0.000000 0.430604 -0.084086
v -0.012916 0.430904 -0.083444
v -0.025730 0.431786 -0.081524
v -0.038338 0.433200 -0.078342
v -0.050641 0.435071 -0.073923
v -0.062541 0.437321 -0.068306
v -0.073944 0.439870 -0.061536
v -0.084761 0.442654 -0.053669
v -0.094907 0.445623 -0.044770
v -0.104304 0.448745 -0.034912
v -0.112879 0.451999 -0.024175
v -0.120569 0.455370 -0.012646
v -0.127316 0.458850 -0.000418
v -0.133070 0.462180 0.012411
v -0.137790 0.465629 0.025738
v -0.141444 0.469181 0.039460
v -0.144008 0.472806 0.053468
v -0.145467 0.476478 0.067654
v -0.145814 0.480167 0.081908
v -0.145051 0.483846 0.096121
v -0.143189 0.487486 0.110186
v -0.140246 0.491060 0.123996
v -0.136250 0.494542 0.137450
v -0.131235 0.497906 0.150447
v -0.125241 0.501127 0.162893
v -0.118318 0.504182 0.174697
v -0.110520 0.507049 0.185774
v -0.101908 0.509707 0.196045
v -0.092548 0.512138 0.205437
v -0.082510 0.514325 0.213885
v -0.071870 0.516251 0.221328
v -0.060706 0.517904 0.227715
v -0.049101 0.519272 0.233001
v -0.037140 0.520346 0.237151
v -0.024911 0.521119 0.240136
v -0.012501 0.521585 0.241935
v 0.000000 0.520069 0.211169
v 0.009959 0.519943 0.210689
v 0.019846 0.519567 0.209251
v 0.029587 0.518942 0.206866
v 0.039112 0.518073 0.203551
v 0.048352 0.516966 0.199328
v 0.057236 0.515630 0.194228
v 0.065701 0.514072 0.188286
v 0.073683 0.512306 0.181545
v 0.081121 0.510342 0.174051
v 0.087960 0.508195 0.165860
v 0.094148 0.505881 0.157029
v 0.099635 0.503416 0.147623
v 0.104380 0.500818 0.137709
v 0.108344 0.498106 0.127361
v 0.111495 0.495300 0.116655
v 0.113807 0.492422 0.105671
v 0.115258 0.489491 0.094489
v 0.115835 0.486532 0.083195
v 0.115531 0.483565 0.071875
v 0.114345 0.480614 0.060614
v 0.112282 0.477701 0.049499
v 0.109355 0.474849 0.038617
v 0.105585 0.472081 0.028052
v 0.100998 0.469417 0.017887
v 0.095626 0.466879 0.008202
v 0.089510 0.464446 -0.000925
v 0.082695 0.461802 -0.009423
v 0.075232 0.459299 -0.017222
v 0.067180 0.456961 -0.024260
v 0.058599 0.454816 -0.030480
v 0.049557 0.452899 -0.035832
v 0.040124 0.451248 -0.040272
v 0.030374 0.449907 -0.043764
v 0.020384 0.448914 -0.046278
v 0.010232 0.448304 -0.047795
v 0.000000 0.448098 -0.048302
v -0.010232 0.448304 -0.047795
v -0.020384 0.448914 -0.046278
v -0.030374 0.449907 -0.043764
v -0.040124 0.451248 -0.040272
v -0.049557 0.452899 -0.035832
v -0.058599 0.454816 -0.030480
v -0.067180 0.456961 -0.024260
v -0.075232 0.459299 -0.017222
v -0.082695 0.461802 -0.009423
v -0.089510 0.464446 -0.000925
v -0.095626 0.466879 0.008202
v -0.100998 0.469417 0.017887
v -0.105585 0.472081 0.028052
v -0.109355 0.474849 0.038617
v -0.112282 0.477701 0.049499
v -0.114345 0.480614 0.060614
v -0.115531 0.483565 0.071875
v -0.115835 0.486532 0.083195
v -0.115258 0.489491 0.094489
v -0.113807 0.492422 0.105671
v -0.111495 0.495300 0.116655
v -0.108344 0.498106 0.127361
v -0.104380 0.500818 0.137709
v -0.099635 0.503416 0.147623
v -0.094148 0.505881 0.157029
v -0.087960 0.508195 0.165860
v -0.081121 0.510342 0.174051
v -0.073683 0.512306 0.181545
v -0.065701 0.514072 0.188286
v -0.057236 0.515630 0.194228
v -0.048352 0.516966 0.199328
v -0.039112 0.518073 0.203551
v -0.029587 0.518942 0.206866
v -0.019846 0.519567 0.209251
v -0.009959 0.519943 0.210689
v 0.000000 0.516744 0.179615
v 0.007425 0.516649 0.179256
v 0.014796 0.516364 0.178181
v 0.022057 0.515892 0.176397
v 0.029156 0.515236 0.173918
v 0.036039 0.514401 0.170761
v 0.042656 0.513392 0.166949
v 0.048957 0.512218 0.162509
v 0.054896 0.510885 0.157474
v 0.060426 0.509405 0.151878
v 0.065507 0.507787 0.145764
v 0.070100 0.506044 0.139176
v 0.074169 0.504187 0.132161
v 0.077682 0.502232 0.124772
v 0.080612 0.500192 0.117062
v 0.082935 0.498083 0.109090
v 0.084632 0.495920 0.100915
v 0.085688 0.493719 0.092597
v 0.086094 0.491497 0.084201
v 0.085845 0.489272 0.075789
v 0.084940 0.487059 0.067427
v 0.083386 0.484876 0.059177
v 0.081192 0.482740 0.051103
v 0.078373 0.480667 0.043269
v 0.074950 0.478674 0.035736
v 0.070948 0.476775 0.028561
v 0.066396 0.474987 0.021802
v 0.061329 0.473323 0.015513
v 0.055785 0.471796 0.009742
v 0.049806 0.470418 0.004536
v 0.043438 0.469197 -0.000064
v 0.036731 0.467845 -0.004020
v 0.029736 0.466704 -0.007302
v 0.022508 0.465793 -0.009882
v 0.015104 0.465128 -0.011740
v 0.007582 0.464723 -0.012861
v 0.000000 0.464587 -0.013235
v -0.007582 0.464723 -0.012861
v -0.015104 0.465128 -0.011740
v -0.022508 0.465793 -0.009882
v -0.029736 0.466704 -0.007302
v -0.036731 0.467845 -0.004020
v -0.043438 0.469197 -0.000064
v -0.049806 0.470418 0.004536
v -0.055785 0.471796 0.009742
v -0.061329 0.473323 0.015513
v -0.066396 0.474987 0.021802
v -0.070948 0.476775 0.028561
v -0.074950 0.478674 0.035736
v -0.078373 0.480667 0.043269
v -0.081192 0.482740 0.051103
v -0.083386 0.484876 0.059177
v -0.084940 0.487059 0.067427
v -0.085845 0.489272 0.075789
v -0.086094 0.491497 0.084201
v -0.085688 0.493719 0.092597
v -0.084632 0.495920 0.100915
v -0.082935 0.498083 0.109090
v -0.080612 0.500192 0.117062
v -0.077682 0.502232 0.124772
v -0.074169 0.504187 0.132161
v -0.070100 0.506044 0.139176
v -0.065507 0.507787 0.145764
v -0.060426 0.509405 0.151878
v -0.054896 0.510885 0.157474
v -0.048957 0.512218 0.162509
v -0.042656 0.513392 0.166949
v -0.036039 0.514401 0.170761
v -0.029156 0.515236 0.173918
v -0.022057 0.515892 0.176397
v -0.014796 0.516364 0.178181
v -0.007425 0.516649 0.179256
v 0.000000 0.511871 0.148051
v 0.004913 0.511807 0.147812
v 0.009789 0.511617 0.147098
v 0.014592 0.511302 0.145915
v 0.019286 0.510863 0.144269
v 0.023837 0.510305 0.142175
v 0.028210 0.509632 0.139646
v 0.032372 0.508847 0.136701
v 0.036292 0.507958 0.133363
v 0.039940 0.506970 0.129655
v 0.043289 0.505891 0.125605
v 0.046314 0.504729 0.121243
v 0.048990 0.503492 0.116600
v 0.051297 0.502190 0.111712
v 0.053217 0.500832 0.106616
v 0.054736 0.499429 0.101348
v 0.055840 0.497990 0.095949
v 0.056521 0.496528 0.090460
v 0.056772 0.495053 0.084922
v 0.056591 0.493575 0.079377
v 0.055979 0.492107 0.073867
v 0.054939 0.490660 0.068434
v 0.053479 0.489245 0.063121
v 0.051609 0.487872 0.057968
v 0.049342 0.486553 0.053016
v 0.046696 0.485297 0.048301
v 0.043690 0.484114 0.043862
v 0.040347 0.483014 0.039733
v 0.036693 0.482005 0.035946
v 0.032754 0.481095 0.032531
v 0.028562 0.480292 0.029514
v 0.024149 0.479601 0.026920
v 0.019548 0.479028 0.024769
v 0.014795 0.478577 0.023079
v 0.009928 0.478253 0.021861
v 0.004983 0.478057 0.021127
v 0.000000 0.477992 0.020882
v -0.004983 0.478057 0.021127
v -0.009928 0.478253 0.021861
v -0.014795 0.478577 0.023079
v -0.019548 0.479028 0.024769
v -0.024149 0.479601 0.026920
v -0.028562 0.480292 0.029514
v -0.032754 0.481095 0.032531
v -0.036693 0.482005 0.035946
v -0.040347 0.483014 0.039733
v -0.043690 0.484114 0.043862
v -0.046696 0.485297 0.048301
v -0.049342 0.486553 0.053016
v -0.051609 0.487872 0.057968
v -0.053479 0.489245 0.063121
v -0.054939 0.490660 0.068434
v -0.055979 0.492107 0.073867
v -0.056591 0.493575 0.079377
v -0.056772 0.495053 0.084922
v -0.056521 0.496528 0.090460
v -0.055840 0.497990 0.095949
v -0.054736 0.499429 0.101348
v -0.053217 0.500832 0.106616
v -0.051297 0.502190 0.111712
v -0.048990 0.503492 0.116600
v -0.046314 0.504729 0.121243
v -0.043289 0.505891 0.125605
v -0.039940 0.506970 0.129655
v -0.036292 0.507958 0.133363
v -0.032372 0.508847 0.136701
v -0.028210 0.509632 0.139646
v -0.023837 0.510305 0.142175
v -0.019286 0.510863 0.144269
v -0.014592 0.511302 0.145915
v -0.009789 0.511617 0.147098
v -0.004913 0.511807 0.147812
v 0.000000 0.505556 0.116633
v 0.002434 0.505524 0.116515
v 0.004850 0.505429 0.116160
v 0.007229 0.505272 0.115571
v 0.009554 0.505053 0.114753
v 0.011806 0.504774 0.113712
v 0.013970 0.504438 0.112456
v 0.016029 0.504047 0.110994
v 0.017966 0.503604 0.109336
v 0.019768 0.503112 0.107496
v 0.021421 0.502574 0.105487
v 0.022912 0.501996 0.103324
v 0.024230 0.501380 0.101023
v 0.025364 0.500732 0.098602
v 0.026306 0.500058 0.096079
v 0.027048 0.499360 0.093473
v 0.027586 0.498646 0.090803
v 0.027914 0.497921 0.088091
v 0.028029 0.497189 0.085355
v 0.027931 0.496457 0.082618
v 0.027621 0.495730 0.079901
v 0.027100 0.495014 0.077223
v 0.026372 0.494313 0.074605
v 0.025442 0.493635 0.072068
v 0.024318 0.492983 0.069630
v 0.023008 0.492362 0.067311
v 0.021522 0.491779 0.065129
v 0.019871 0.491236 0.063100
v 0.018067 0.490738 0.061240
v 0.016125 0.490290 0.059563
v 0.014059 0.489894 0.058082
v 0.011885 0.489553 0.056809
v 0.009620 0.489271 0.055754
v 0.007280 0.489049 0.054925
v 0.004885 0.488889 0.054328
v 0.002452 0.488793 0.053968
v 0.000000 0.488761 0.053848
v -0.002452 0.488793 0.053968
v -0.004885 0.488889 0.054328
v -0.007280 0.489049 0.054925
v -0.009620 0.489271 0.055754
v -0.011885 0.489553 0.056809
v -0.014059 0.489894 0.058082
v -0.016125 0.490290 0.059563
v -0.018067 0.490738 0.061240
v -0.019871 0.491236 0.063100
v -0.021522 0.491779 0.065129
v -0.023008 0.492362 0.067311
v -0.024318 0.492983 0.069630
v -0.025442 0.493635 0.072068
v -0.026372 0.494313 0.074605
v -0.027100 0.495014 0.077223
v -0.027621 0.495730 0.079901
v -0.027931 0.496457 0.082618
v -0.028029 0.497189 0.085355
v -0.027914 0.497921 0.088091
v -0.027586 0.498646 0.090803
v -0.027048 0.499360 0.093473
v -0.026306 0.500058 0.096079
v -0.025364 0.500732 0.098602
v -0.024230 0.501380 0.101023
v -0.022912 0.501996 0.103324
v -0.021421 0.502574 0.105487
v -0.019768 0.503112 0.107496
v -0.017966 0.503604 0.109336
v -0.016029 0.504047 0.110994
v -0.013970 0.504438 0.112456
v -0.011806 0.504774 0.113712
v -0.009554 0.505053 0.114753
v -0.007229 0.505272 0.115571
v -0.004850 0.505429 0.116160
v -0.002434 0.505524 0.116515
v 0.000000 0.497902 0.085500
v 0.000000 0.497902 0.085500
v 0.000000 0.497902 0.085500
v 0.000000 0.497902 0.085500
v 0.000000 0.497902 0.085500
v 0.000000 0.497902 0.085500
v 0.000000 0.497902 0.085500
v 0.000000 0.497902 0.085500
v 0.000000 0.497902 0.085500
v 0.000000 0.497902 0.085500
v 0.000000 0.497902 0.085500
v 0.000000 0.497902 0.085500
v 0.000000 0.497902 0.085500
v 0.000000 0.497902 0.085500
v 0.000000 0.497902 0.085500
v 0.000000 0.497902 0.085500
v 0.000000 0.497902 0.085500
v 0.000000 0.497902 0.085500
v 0.000000 0.497902 0.085500
v 0.000000 0.497902 0.085500
v 0.000000 0.497902 0.085500
v 0.000000 0.497902 0.085500
v 0.000000 0.497902 0.085500
v 0.000000 0.497902 0.085500
v 0.000000 0.497902 0.085500
v 0.000000 0.497902 0.085500
v 0.000000 0.497902 0.085500
v 0.000000 0.497902 0.085500
v 0.000000 0.497902 0.085500
v 0.000000 0.497902 0.085500
v 0.000000 0.497902 0.085500
v 0.000000 0.497902 0.085500
v 0.000000 0.497902 0.085500
v 0.000000 0.497902 0.085500
v 0.000000 0.497902 0.085500
v 0.000000 0.497902 0.085500
v 0.000000 0.497902 0.085500
v -0.000000 0.497902 0.085500
v -0.000000 0.497902 0.085500
v -0.000000 0.497902 0.085500
v -0.000000 0.497902 0.085500
v -0.000000 0.497902 0.085500
v -0.000000 0.497902 0.085500
v -0.000000 0.497902 0.085500
v -0.000000 0.497902 0.085500
v -0.000000 0.497902 0.085500
v -0.000000 0.497902 0.085500
v -0.000000 0.497902 0.085500
v -0.000000 0.497902 0.085500
v -0.000000 0.497902 0.085500
v -0.000000 0.497902 0.085500
v -0.000000 0.497902 0.085500
v -0.000000 0.497902 0.085500
v -0.000000 0.497902 0.085500
v -0.000000 0.497902 0.085500
v -0.000000 0.497902 0.085500
v -0.000000 0.497902 0.085500
v -0.000000 0.497902 0.085500
v -0.000000 0.497902 0.085500
v -0.000000 0.497902 0.085500
v -0.000000 0.497902 0.085500
v -0.000000 0.497902 0.085500
v -0.000000 0.497902 0.085500
v -0.000000 0.497902 0.085500
v -0.000000 0.497902 0.085500
v -0.000000 0.497902 0.085500
v -0.000000 0.497902 0.085500
v -0.000000 0.497902 0.085500
v -0.000000 0.497902 0.085500
v -0.000000 0.497902 0.085500
v -0.000000 0.497902 0.085500
v -0.000000 0.497902 0.085500
v 0.000000 0.000000 0.532000
v 0.041399 0.000000 0.529976
v 0.082483 0.000000 0.523918
v 0.122939 0.000000 0.513873
v 0.162460 0.000000 0.499916
v 0.200744 0.000000 0.482156
v 0.237500 0.000000 0.460726
v 0.272449 0.000000 0.435789
v 0.305324 0.000000 0.407536
v 0.335876 0.000000 0.376181
v 0.363871 0.000000 0.341963
v 0.389097 0.000000 0.305143
v 0.411362 0.000000 0.266000
v 0.430496 0.000000 0.224833
v 0.446354 0.000000 0.181955
v 0.458815 0.000000 0.137692
v 0.467784 0.000000 0.092381
v 0.473192 0.000000 0.046367
v 0.475000 0.000000 0.000000
v 0.473192 0.000000 -0.046367
v 0.467784 0.000000 -0.092381
v 0.458815 0.000000 -0.137692
v 0.446354 0.000000 -0.181955
v 0.430496 0.000000 -0.224833
v 0.411362 0.000000 -0.266000
v 0.389097 0.000000 -0.305143
v 0.363871 0.000000 -0.341963
v 0.335876 0.000000 -0.376181
v 0.305324 0.000000 -0.407536
v 0.272449 0.000000 -0.435789
v 0.237500 0.000000 -0.460726
v 0.200744 0.000000 -0.482156
v 0.162460 0.000000 -0.499916
v 0.122939 0.000000 -0.513873
v 0.082483 0.000000 -0.523918
v 0.041399 0.000000 -0.529976
v 0.000000 0.000000 -0.532000
v -0.041399 0.000000 -0.529976
v -0.082483 0.000000 -0.523918
v -0.122939 0.000000 -0.513873
v -0.162460 0.000000 -0.499916
v -0.200744 0.000000 -0.482156
v -0.237500 0.000000 -0.460726
v -0.272449 0.000000 -0.435789
v -0.305324 0.000000 -0.407536
v -0.335876 0.000000 -0.376181
v -0.363871 0.000000 -0.341963
v -0.389097 0.000000 -0.305143
v -0.411362 0.000000 -0.266000
v -0.430496 0.000000 -0.224833
v -0.446354 0.000000 -0.181955
v -0.458815 0.000000 -0.137692
v -0.467784 0.000000 -0.092381
v -0.473192 0.000000 -0.046367
v -0.475000 0.000000 -0.000000
v -0.473192 0.000000 0.046367
v -0.467784 0.000000 0.092381
v -0.458815 0.000000 0.137692
v -0.446354 0.000000 0.181955
v -0.430496 0.000000 0.224833
v -0.411362 0.000000 0.266000
v -0.389097 0.000000 0.305143
v -0.363871 0.000000 0.341963
v -0.335876 0.000000 0.376181
v -0.305324 0.000000 0.407536
v -0.272449 0.000000 0.435789
v -0.237500 0.000000 0.460726
v -0.200744 0.000000 0.482156
v -0.162460 0.000000 0.499916
v -0.122939 0.000000 0.513873
v -0.082483 0.000000 0.523918
v -0.041399 0.000000 0.529976
v 0.000000 0.000000 0.560000
v 0.043578 0.000000 0.557869
v 0.086824 0.000000 0.551492
v 0.129410 0.000000 0.540918
v 0.171010 0.000000 0.526228
v 0.211309 0.000000 0.507532
v 0.250000 0.000000 0.484974
v 0.286788 0.000000 0.458725
v 0.321394 0.000000 0.428985
v 0.353553 0.000000 0.395980
v 0.383022 0.000000 0.359961
v 0.409576 0.000000 0.321203
v 0.433013 0.000000 0.280000
v 0.453154 0.000000 0.236666
v 0.469846 0.000000 0.191531
v 0.482963 0.000000 0.144939
v 0.492404 0.000000 0.097243
v 0.498097 0.000000 0.048807
v 0.500000 0.000000 0.000000
v 0.498097 0.000000 -0.048807
v 0.492404 0.000000 -0.097243
v 0.482963 0.000000 -0.144939
v 0.469846 0.000000 -0.191531
v 0.453154 0.000000 -0.236666
v 0.433013 0.000000 -0.280000
v 0.409576 0.000000 -0.321203
v 0.383022 0.000000 -0.359961
v 0.353553 0.000000 -0.395980
v 0.321394 0.000000 -0.428985
v 0.286788 0.000000 -0.458725
v 0.250000 0.000000 -0.484974
v 0.211309 0.000000 -0.507532
v 0.171010 0.000000 -0.526228
v 0.129410 0.000000 -0.540918
v 0.086824 0.000000 -0.551492
v 0.043578 0.000000 -0.557869
v 0.000000 0.000000 -0.560000
v -0.043578 0.000000 -0.557869
v -0.086824 0.000000 -0.551492
v -0.129410 0.000000 -0.540918
v -0.171010 0.000000 -0.526228
v -0.211309 0.000000 -0.507532
v -0.250000 0.000000 -0.484974
v -0.286788 0.000000 -0.458725
v -0.321394 0.000000 -0.428985
v -0.353553 0.000000 -0.395980
v -0.383022 0.000000 -0.359961
v -0.409576 0.000000 -0.321203
v -0.433013 0.000000 -0.280000
v -0.453154 0.000000 -0.236666
v -0.469846 0.000000 -0.191531
v -0.482963 0.000000 -0.144939
v -0.492404 0.000000 -0.097243
v -0.498097 0.000000 -0.048807
v -0.500000 0.000000 -0.000000
v -0.498097 0.000000 0.048807
v -0.492404 0.000000 0.097243
v -0.482963 0.000000 0.144939
v -0.469846 0.000000 0.191531
v -0.453154 0.000000 0.236666
v -0.433013 0.000000 0.280000
v -0.409576 0.000000 0.321203
v -0.383022 0.000000 0.359961
v -0.353553 0.000000 0.395980
v -0.321394 0.000000 0.428985
v -0.286788 0.000000 0.458725
v -0.250000 0.000000 0.484974
v -0.211309 0.000000 0.507532
v -0.171010 0.000000 0.526228
v -0.129410 0.000000 0.540918
v -0.086824 0.000000 0.551492
v -0.043578 0.000000 0.557869
v -0.489074 0.020000 0.116431
v -0.480871 0.020000 0.153417
v -0.470440 0.020000 0.189693
v -0.457831 0.020000 0.225091
v -0.443102 0.020000 0.259446
v -0.426320 0.020000 0.292599
v -0.407564 0.020000 0.324397
v -0.386920 0.020000 0.354693
v -0.364484 0.020000 0.383346
v -0.340360 0.020000 0.410224
v -0.314660 0.020000 0.435202
v -0.287503 0.020000 0.458164
v -0.259014 0.020000 0.479004
v -0.229325 0.020000 0.497626
v -0.198574 0.020000 0.513943
v -0.166903 0.020000 0.527879
v -0.134460 0.020000 0.539371
v -0.101394 0.020000 0.548365
v -0.067858 0.020000 0.554819
v -0.034008 0.020000 0.558703
v 0.000000 0.020000 0.560000
v 0.034008 0.020000 0.558703
v 0.067858 0.020000 0.554819
v 0.101394 0.020000 0.548365
v 0.134460 0.020000 0.539371
v 0.166903 0.020000 0.527879
v 0.198574 0.020000 0.513943
v 0.229325 0.020000 0.497626
v 0.259014 0.020000 0.479004
v 0.287503 0.020000 0.458164
v 0.314660 0.020000 0.435202
v 0.340360 0.020000 0.410224
v 0.364484 0.020000 0.383346
v 0.386920 0.020000 0.354693
v 0.407564 0.020000 0.324397
v 0.426320 0.020000 0.292599
v 0.443102 0.020000 0.259446
v 0.457831 0.020000 0.225091
v 0.470440 0.020000 0.189693
v 0.480871 0.020000 0.153417
v 0.489074 0.020000 0.116431
v -0.489074 0.015156 0.116431
v -0.490944 0.015522 0.161616
v -0.483951 0.015869 0.203591
v -0.472998 0.016197 0.244113
v -0.458924 0.016506 0.283079
v -0.442176 0.016797 0.320361
v -0.423050 0.017069 0.355842
v -0.401768 0.017322 0.389417
v -0.378512 0.017556 0.420984
v -0.353442 0.017772 0.450445
v -0.326707 0.017969 0.477705
v -0.298451 0.018147 0.502672
v -0.268819 0.018306 0.525262
v -0.237954 0.018447 0.545393
v -0.206003 0.018569 0.562995
v -0.173116 0.018672 0.578002
v -0.139442 0.018756 0.590358
v -0.105138 0.018822 0.600017
v -0.070357 0.018869 0.606943
v -0.035258 0.018897 0.611109
v 0.000000 0.018906 0.612500
v 0.035258 0.018897 0.611109
v 0.070357 0.018869 0.606943
v 0.105138 0.018822 0.600017
v 0.139442 0.018756 0.590358
v 0.173116 0.018672 0.578002
v 0.206003 0.018569 0.562995
v 0.237954 0.018447 0.545393
v 0.268819 0.018306 0.525262
v 0.298451 0.018147 0.502672
v 0.326707 0.017969 0.477705
v 0.353442 0.017772 0.450445
v 0.378512 0.017556 0.420984
v 0.401768 0.017322 0.389417
v 0.423050 0.017069 0.355842
v 0.442176 0.016797 0.320361
v 0.458924 0.016506 0.283079
v 0.472998 0.016197 0.244113
v 0.483951 0.015869 0.203591
v 0.490944 0.015522 0.161616
v 0.489074 0.015156 0.116431
v -0.489074 0.008125 0.116431
v -0.501018 0.008856 0.169815
v -0.497462 0.009550 0.217488
v -0.488165 0.010206 0.263135
v -0.474746 0.010825 0.306712
v -0.458032 0.011406 0.348122
v -0.438537 0.011950 0.387286
v -0.416617 0.012456 0.424140
v -0.392540 0.012925 0.458622
v -0.366523 0.013356 0.490666
v -0.338753 0.013750 0.520207
v -0.309399 0.014106 0.547180
v -0.278624 0.014425 0.571519
v -0.246583 0.014706 0.593161
v -0.213433 0.014950 0.612047
v -0.179328 0.015156 0.628124
v -0.144425 0.015325 0.641345
v -0.108881 0.015456 0.651670
v -0.072856 0.015550 0.659068
v -0.036509 0.015606 0.663516
v 0.000000 0.015625 0.665000
v 0.036509 0.015606 0.663516
v 0.072856 0.015550 0.659068
v 0.108881 0.015456 0.651670
v 0.144425 0.015325 0.641345
v 0.179328 0.015156 0.628124
v 0.213433 0.014950 0.612047
v 0.246583 0.014706 0.593161
v 0.278624 0.014425 0.571519
v 0.309399 0.014106 0.547180
v 0.338753 0.013750 0.520207
v 0.366523 0.013356 0.490666
v 0.392540 0.012925 0.458622
v 0.416617 0.012456 0.424140
v 0.438537 0.011950 0.387286
v 0.458032 0.011406 0.348122
v 0.474746 0.010825 0.306712
v 0.488165 0.010206 0.263135
v 0.497462 0.009550 0.217488
v 0.501018 0.008856 0.169815
v 0.489074 0.008125 0.116431
v -0.489074 -0.001094 0.116431
v -0.511092 0.000003 0.178014
v -0.510973 0.001044 0.231386
v -0.503332 0.002028 0.282158
v -0.490568 0.002956 0.330346
v -0.473888 0.003828 0.375883
v -0.454023 0.004644 0.418731
v -0.431465 0.005403 0.458864
v -0.406568 0.006106 0.496259
v -0.379605 0.006753 0.530887
v -0.350799 0.007344 0.562710
v -0.320348 0.007878 0.591689
v -0.288429 0.008356 0.617777
v -0.255212 0.008778 0.640929
v -0.220862 0.009144 0.661099
v -0.185540 0.009453 0.678246
v -0.149407 0.009706 0.692332
v -0.112625 0.009903 0.703322
v -0.075355 0.010044 0.711192
v -0.037759 0.010128 0.715922
v 0.000000 0.010156 0.717500
v 0.037759 0.010128 0.715922
v 0.075355 0.010044 0.711192
v 0.112625 0.009903 0.703322
v 0.149407 0.009706 0.692332
v 0.185540 0.009453 0.678246
v 0.220862 0.009144 0.661099
v 0.255212 0.008778 0.640929
v 0.288429 0.008356 0.617777
v 0.320348 0.007878 0.591689
v 0.350799 0.007344 0.562710
v 0.379605 0.006753 0.530887
v 0.406568 0.006106 0.496259
v 0.431465 0.005403 0.458864
v 0.454023 0.004644 0.418731
v 0.473888 0.003828 0.375883
v 0.490568 0.002956 0.330346
v 0.503332 0.002028 0.282158
v 0.510973 0.001044 0.231386
v 0.511092 0.000003 0.178014
v 0.489074 -0.001094 0.116431
v -0.489074 -0.012500 0.116431
v -0.521166 -0.011037 0.186213
v -0.524483 -0.009650 0.245284
v -0.518499 -0.008338 0.301180
v -0.506391 -0.007100 0.353979
v -0.489743 -0.005938 0.403644
v -0.469509 -0.004850 0.450175
v -0.446314 -0.003837 0.493588
v -0.420596 -0.002900 0.533897
v -0.392686 -0.002038 0.571107
v -0.362846 -0.001250 0.605213
v -0.331296 -0.000537 0.636197
v -0.298234 0.000100 0.664034
v -0.263841 0.000662 0.688696
v -0.228291 0.001150 0.710152
v -0.191752 0.001562 0.728369
v -0.154390 0.001900 0.743318
v -0.116369 0.002162 0.754975
v -0.077854 0.002350 0.763317
v -0.039009 0.002462 0.768328
v 0.000000 0.002500 0.770000
v 0.039009 0.002462 0.768328
v 0.077854 0.002350 0.763317
v 0.116369 0.002162 0.754975
v 0.154390 0.001900 0.743318
v 0.191752 0.001562 0.728369
v 0.228291 0.001150 0.710152
v 0.263841 0.000662 0.688696
v 0.298234 0.000100 0.664034
v 0.331296 -0.000538 0.636197
v 0.362846 -0.001250 0.605213
v 0.392686 -0.002038 0.571107
v 0.420596 -0.002900 0.533897
v 0.446314 -0.003838 0.493588
v 0.469509 -0.004850 0.450175
v 0.489743 -0.005938 0.403644
v 0.506391 -0.007100 0.353979
v 0.518499 -0.008338 0.301180
v 0.524483 -0.009650 0.245284
v 0.521166 -0.011038 0.186213
v 0.489074 -0.012500 0.116431
v -0.489074 -0.026094 0.116431
v -0.531240 -0.024266 0.194412
v -0.537994 -0.022531 0.259181
v -0.533666 -0.020891 0.320202
v -0.522213 -0.019344 0.377612
v -0.505599 -0.017891 0.431406
v -0.484995 -0.016531 0.481620
v -0.461162 -0.015266 0.528311
v -0.434624 -0.014094 0.571534
v -0.405768 -0.013016 0.611328
v -0.374892 -0.012031 0.647716
v -0.342244 -0.011141 0.680705
v -0.308039 -0.010344 0.710292
v -0.272471 -0.009641 0.736464
v -0.235721 -0.009031 0.759204
v -0.197965 -0.008516 0.778491
v -0.159373 -0.008094 0.794305
v -0.120113 -0.007766 0.806627
v -0.080353 -0.007531 0.815441
v -0.040260 -0.007391 0.820735
v 0.000000 -0.007344 0.822500
v 0.040260 -0.007391 0.820735
v 0.080353 -0.007531 0.815441
v 0.120113 -0.007766 0.806627
v 0.159373 -0.008094 0.794305
v 0.197965 -0.008516 0.778491
v 0.235721 -0.009031 0.759204
v 0.272471 -0.009641 0.736464
v 0.308039 -0.010344 0.710292
v 0.342244 -0.011141 0.680705
v 0.374892 -0.012031 0.647716
v 0.405768 -0.013016 0.611328
v 0.434624 -0.014094 0.571534
v 0.461162 -0.015266 0.528311
v 0.484995 -0.016531 0.481620
v 0.505599 -0.017891 0.431406
v 0.522213 -0.019344 0.377612
v 0.533666 -0.020891 0.320202
v 0.537994 -0.022531 0.259181
v 0.531240 -0.024266 0.194412
v 0.489074 -0.026094 0.116431
v -0.489074 -0.041875 0.116431
v -0.541314 -0.039681 0.202610
v -0.551505 -0.037600 0.273079
v -0.548833 -0.035631 0.339224
v -0.538035 -0.033775 0.401246
v -0.521455 -0.032031 0.459167
v -0.500482 -0.030400 0.513064
v -0.476010 -0.028881 0.563035
v -0.448652 -0.027475 0.609172
v -0.418849 -0.026181 0.651549
v -0.386938 -0.025000 0.690219
v -0.353193 -0.023931 0.725213
v -0.317844 -0.022975 0.756550
v -0.281100 -0.022131 0.784232
v -0.243150 -0.021400 0.808256
v -0.204177 -0.020781 0.828614
v -0.164355 -0.020275 0.845292
v -0.123857 -0.019881 0.858280
v -0.082852 -0.019600 0.867566
v -0.041510 -0.019431 0.873141
v 0.000000 -0.019375 0.875000
v 0.041510 -0.019431 0.873141
v 0.082852 -0.019600 0.867566
v 0.123857 -0.019881 0.858280
v 0.164355 -0.020275 0.845292
v 0.204177 -0.020781 0.828614
v 0.243150 -0.021400 0.808256
v 0.281100 -0.022131 0.784232
v 0.317844 -0.022975 0.756550
v 0.353193 -0.023931 0.725213
v 0.386938 -0.025000 0.690219
v 0.418849 -0.026181 0.651549
v 0.448652 -0.027475 0.609172
v 0.476010 -0.028881 0.563035
v 0.500482 -0.030400 0.513064
v 0.521455 -0.032031 0.459167
v 0.538035 -0.033775 0.401246
v 0.548833 -0.035631 0.339224
v 0.551505 -0.037600 0.273079
v 0.541314 -0.039681 0.202610
v 0.489074 -0.041875 0.116431
v -0.489074 -0.059844 0.116431
v -0.551387 -0.057284 0.210809
v -0.565016 -0.054856 0.286977
v -0.563999 -0.052559 0.358247
v -0.553857 -0.050394 0.424879
v -0.537311 -0.048359 0.486928
v -0.515968 -0.046456 0.544508
v -0.490859 -0.044684 0.597758
v -0.462680 -0.043044 0.646809
v -0.431930 -0.041534 0.691770
v -0.398985 -0.040156 0.732722
v -0.364141 -0.038909 0.769722
v -0.327649 -0.037794 0.802807
v -0.289729 -0.036809 0.832000
v -0.250580 -0.035956 0.857308
v -0.210389 -0.035234 0.878736
v -0.169338 -0.034644 0.896279
v -0.127601 -0.034184 0.909932
v -0.085351 -0.033856 0.919690
v -0.042761 -0.033659 0.925547
v 0.000000 -0.033594 0.927500
v 0.042761 -0.033659 0.925547
v 0.085351 -0.033856 0.919690
v 0.127601 -0.034184 0.909932
v 0.169338 -0.034644 0.896279
v 0.210389 -0.035234 0.878736
v 0.250580 -0.035956 0.857308
v 0.289729 -0.036809 0.832000
v 0.327649 -0.037794 0.802807
v 0.364141 -0.038909 0.769722
v 0.398985 -0.040156 0.732722
v 0.431930 -0.041534 0.691770
v 0.462680 -0.043044 0.646809
v 0.490859 -0.044684 0.597758
v 0.515968 -0.046456 0.544508
v 0.537311 -0.048359 0.486928
v 0.553857 -0.050394 0.424879
v 0.563999 -0.052559 0.358247
v 0.565016 -0.054856 0.286977
v 0.551387 -0.057284 0.210809
v 0.489074 -0.059844 0.116431
v -0.489074 -0.080000 0.116431
v -0.561461 -0.077075 0.219008
v -0.578526 -0.074300 0.300874
v -0.579166 -0.071675 0.377269
v -0.569680 -0.069200 0.448512
v -0.553167 -0.066875 0.514690
v -0.531454 -0.064700 0.575953
v -0.505707 -0.062675 0.632482
v -0.476708 -0.060800 0.684447
v -0.445012 -0.059075 0.731991
v -0.411031 -0.057500 0.775224
v -0.375089 -0.056075 0.814230
v -0.337454 -0.054800 0.849065
v -0.298358 -0.053675 0.879767
v -0.258009 -0.052700 0.906361
v -0.216601 -0.051875 0.928858
v -0.174320 -0.051200 0.947266
v -0.131344 -0.050675 0.961585
v -0.087850 -0.050300 0.971815
v -0.044011 -0.050075 0.977954
v 0.000000 -0.050000 0.980000
v 0.044011 -0.050075 0.977954
v 0.087850 -0.050300 0.971815
v 0.131344 -0.050675 0.961585
v 0.174320 -0.051200 0.947266
v 0.216601 -0.051875 0.928858
v 0.258009 -0.052700 0.906361
v 0.298358 -0.053675 0.879767
v 0.337454 -0.054800 0.849065
v 0.375089 -0.056075 0.814230
v 0.411031 -0.057500 0.775224
v 0.445012 -0.059075 0.731991
v 0.476708 -0.060800 0.684447
v 0.505707 -0.062675 0.632482
v 0.531454 -0.064700 0.575953
v 0.553167 -0.066875 0.514690
v 0.569680 -0.069200 0.448512
v 0.579166 -0.071675 0.377269
v 0.578526 -0.074300 0.300874
v 0.561461 -0.077075 0.219008
v 0.489074 -0.080000 0.116431
v -0.489074 -0.008000 0.116431
v -0.480871 -0.008000 0.153417
v -0.470440 -0.008000 0.189693
v -0.457831 -0.008000 0.225091
v -0.443102 -0.008000 0.259446
v -0.426320 -0.008000 0.292599
v -0.407564 -0.008000 0.324397
v -0.386920 -0.008000 0.354693
v -0.364484 -0.008000 0.383346
v -0.340360 -0.008000 0.410224
v -0.314660 -0.008000 0.435202
v -0.287503 -0.008000 0.458164
v -0.259014 -0.008000 0.479004
v -0.229325 -0.008000 0.497626
v -0.198574 -0.008000 0.513943
v -0.166903 -0.008000 0.527879
v -0.134460 -0.008000 0.539371
v -0.101394 -0.008000 0.548365
v -0.067858 -0.008000 0.554819
v -0.034008 -0.008000 0.558703
v 0.000000 -0.008000 0.560000
v 0.034008 -0.008000 0.558703
v 0.067858 -0.008000 0.554819
v 0.101394 -0.008000 0.548365
v 0.134460 -0.008000 0.539371
v 0.166903 -0.008000 0.527879
v 0.198574 -0.008000 0.513943
v 0.229325 -0.008000 0.497626
v 0.259014 -0.008000 0.479004
v 0.287503 -0.008000 0.458164
v 0.314660 -0.008000 0.435202
v 0.340360 -0.008000 0.410224
v 0.364484 -0.008000 0.383346
v 0.386920 -0.008000 0.354693
v 0.407564 -0.008000 0.324397
v 0.426320 -0.008000 0.292599
v 0.443102 -0.008000 0.259446
v 0.457831 -0.008000 0.225091
v 0.470440 -0.008000 0.189693
v 0.480871 -0.008000 0.153417
v 0.489074 -0.008000 0.116431
v -0.489074 -0.012844 0.116431
v -0.490944 -0.012478 0.161616
v -0.483951 -0.012131 0.203591
v -0.472998 -0.011803 0.244113
v -0.458924 -0.011494 0.283079
v -0.442176 -0.011203 0.320361
v -0.423050 -0.010931 0.355842
v -0.401768 -0.010678 0.389417
v -0.378512 -0.010444 0.420984
v -0.353442 -0.010228 0.450445
v -0.326707 -0.010031 0.477705
v -0.298451 -0.009853 0.502672
v -0.268819 -0.009694 0.525262
v -0.237954 -0.009553 0.545393
v -0.206003 -0.009431 0.562995
v -0.173116 -0.009328 0.578002
v -0.139442 -0.009244 0.590358
v -0.105138 -0.009178 0.600017
v -0.070357 -0.009131 0.606943
v -0.035258 -0.009103 0.611109
v 0.000000 -0.009094 0.612500
v 0.035258 -0.009103 0.611109
v 0.070357 -0.009131 0.606943
v 0.105138 -0.009178 0.600017
v 0.139442 -0.009244 0.590358
v 0.173116 -0.009328 0.578002
v 0.206003 -0.009431 0.562995
v 0.237954 -0.009553 0.545393
v 0.268819 -0.009694 0.525262
v 0.298451 -0.009853 0.502672
v 0.326707 -0.010031 0.477705
v 0.353442 -0.010228 0.450445
v 0.378512 -0.010444 0.420984
v 0.401768 -0.010678 0.389417
v 0.423050 -0.010931 0.355842
v 0.442176 -0.011203 0.320361
v 0.458924 -0.011494 0.283079
v 0.472998 -0.011803 0.244113
v 0.483951 -0.012131 0.203591
v 0.490944 -0.012478 0.161616
v 0.489074 -0.012844 0.116431
v -0.489074 -0.019875 0.116431
v -0.501018 -0.019144 0.169815
v -0.497462 -0.018450 0.217488
v -0.488165 -0.017794 0.263135
v -0.474746 -0.017175 0.306712
v -0.458032 -0.016594 0.348122
v -0.438537 -0.016050 0.387286
v -0.416617 -0.015544 0.424140
v -0.392540 -0.015075 0.458622
v -0.366523 -0.014644 0.490666
v -0.338753 -0.014250 0.520207
v -0.309399 -0.013894 0.547180
v -0.278624 -0.013575 0.571519
v -0.246583 -0.013294 0.593161
v -0.213433 -0.013050 0.612047
v -0.179328 -0.012844 0.628124
v -0.144425 -0.012675 0.641345
v -0.108881 -0.012544 0.651670
v -0.072856 -0.012450 0.659068
v -0.036509 -0.012394 0.663516
v 0.000000 -0.012375 0.665000
v 0.036509 -0.012394 0.663516
v 0.072856 -0.012450 0.659068
v 0.108881 -0.012544 0.651670
v 0.144425 -0.012675 0.641345
v 0.179328 -0.012844 0.628124
v 0.213433 -0.013050 0.612047
v 0.246583 -0.013294 0.593161
v 0.278624 -0.013575 0.571519
v 0.309399 -0.013894 0.547180
v 0.338753 -0.014250 0.520207
v 0.366523 -0.014644 0.490666
v 0.392540 -0.015075 0.458622
v 0.416617 -0.015544 0.424140
v 0.438537 -0.016050 0.387286
v 0.458032 -0.016594 0.348122
v 0.474746 -0.017175 0.306712
v 0.488165 -0.017794 0.263135
v 0.497462 -0.018450 0.217488
v 0.501018 -0.019144 0.169815
v 0.489074 -0.019875 0.116431
v -0.489074 -0.029094 0.116431
v -0.511092 -0.027997 0.178014
v -0.510973 -0.026956 0.231386
v -0.503332 -0.025972 0.282158
v -0.490568 -0.025044 0.330346
v -0.473888 -0.024172 0.375883
v -0.454023 -0.023356 0.418731
v -0.431465 -0.022597 0.458864
v -0.406568 -0.021894 0.496259
v -0.379605 -0.021247 0.530887
v -0.350799 -0.020656 0.562710
v -0.320348 -0.020122 0.591689
v -0.288429 -0.019644 0.617777
v -0.255212 -0.019222 0.640929
v -0.220862 -0.018856 0.661099
v -0.185540 -0.018547 0.678246
v -0.149407 -0.018294 0.692332
v -0.112625 -0.018097 0.703322
v -0.075355 -0.017956 0.711192
v -0.037759 -0.017872 0.715922
v 0.000000 -0.017844 0.717500
v 0.037759 -0.017872 0.715922
v 0.075355 -0.017956 0.711192
v 0.112625 -0.018097 0.703322
v 0.149407 -0.018294 0.692332
v 0.185540 -0.018547 0.678246
v 0.220862 -0.018856 0.661099
v 0.255212 -0.019222 0.640929
v 0.288429 -0.019644 0.617777
v 0.320348 -0.020122 0.591689
v 0.350799 -0.020656 0.562710
v 0.379605 -0.021247 0.530887
v 0.406568 -0.021894 0.496259
v 0.431465 -0.022597 0.458864
v 0.454023 -0.023356 0.418731
v 0.473888 -0.024172 0.375883
v 0.490568 -0.025044 0.330346
v 0.503332 -0.025972 0.282158
v 0.510973 -0.026956 0.231386
v 0.511092 -0.027997 0.178014
v 0.489074 -0.029094 0.116431
v -0.489074 -0.040500 0.116431
v -0.521166 -0.039038 0.186213
v -0.524483 -0.037650 0.245284
v -0.518499 -0.036337 0.301180
v -0.506391 -0.035100 0.353979
v -0.489743 -0.033937 0.403644
v -0.469509 -0.032850 0.450175
v -0.446314 -0.031837 0.493588
v -0.420596 -0.030900 0.533897
v -0.392686 -0.030037 0.571107
v -0.362846 -0.029250 0.605213
v -0.331296 -0.028537 0.636197
v -0.298234 -0.027900 0.664034
v -0.263841 -0.027338 0.688696
v -0.228291 -0.026850 0.710152
v -0.191752 -0.026438 0.728369
v -0.154390 -0.026100 0.743318
v -0.116369 -0.025838 0.754975
v -0.077854 -0.025650 0.763317
v -0.039009 -0.025538 0.768328
v 0.000000 -0.025500 0.770000
v 0.039009 -0.025538 0.768328
v 0.077854 -0.025650 0.763317
v 0.116369 -0.025838 0.754975
v 0.154390 -0.026100 0.743318
v 0.191752 -0.026438 0.728369
v 0.228291 -0.026850 0.710152
v 0.263841 -0.027338 0.688696
v 0.298234 -0.027900 0.664034
v 0.331296 -0.028538 0.636197
v 0.362846 -0.029250 0.605213
v 0.392686 -0.030037 0.571107
v 0.420596 -0.030900 0.533897
v 0.446314 -0.031838 0.493588
v 0.469509 -0.032850 0.450175
v 0.489743 -0.033937 0.403644
v 0.506391 -0.035100 0.353979
v 0.518499 -0.036337 0.301180
v 0.524483 -0.037650 0.245284
v 0.521166 -0.039038 0.186213
v 0.489074 -0.040500 0.116431
v -0.489074 -0.054094 0.116431
v -0.531240 -0.052266 0.194412
v -0.537994 -0.050531 0.259181
v -0.533666 -0.048891 0.320202
v -0.522213 -0.047344 0.377612
v -0.505599 -0.045891 0.431406
v -0.484995 -0.044531 0.481620
v -0.461162 -0.043266 0.528311
v -0.434624 -0.042094 0.571534
v -0.405768 -0.041016 0.611328
v -0.374892 -0.040031 0.647716
v -0.342244 -0.039141 0.680705
v -0.308039 -0.038344 0.710292
v -0.272471 -0.037641 0.736464
v -0.235721 -0.037031 0.759204
v -0.197965 -0.036516 0.778491
v -0.159373 -0.036094 0.794305
v -0.120113 -0.035766 0.806627
v -0.080353 -0.035531 0.815441
v -0.040260 -0.035391 0.820735
v 0.000000 -0.035344 0.822500
v 0.040260 -0.035391 0.820735
v 0.080353 -0.035531 0.815441
v 0.120113 -0.035766 0.806627
v 0.159373 -0.036094 0.794305
v 0.197965 -0.036516 0.778491
v 0.235721 -0.037031 0.759204
v 0.272471 -0.037641 0.736464
v 0.308039 -0.038344 0.710292
v 0.342244 -0.039141 0.680705
v 0.374892 -0.040031 0.647716
v 0.405768 -0.041016 0.611328
v 0.434624 -0.042094 0.571534
v 0.461162 -0.043266 0.528311
v 0.484995 -0.044531 0.481620
v 0.505599 -0.045891 0.431406
v 0.522213 -0.047344 0.377612
v 0.533666 -0.048891 0.320202
v 0.537994 -0.050531 0.259181
v 0.531240 -0.052266 0.194412
v 0.489074 -0.054094 0.116431
v -0.489074 -0.069875 0.116431
v -0.541314 -0.067681 0.202610
v -0.551505 -0.065600 0.273079
v -0.548833 -0.063631 0.339224
v -0.538035 -0.061775 0.401246
v -0.521455 -0.060031 0.459167
v -0.500482 -0.058400 0.513064
v -0.476010 -0.056881 0.563035
v -0.448652 -0.055475 0.609172
v -0.418849 -0.054181 0.651549
v -0.386938 -0.053000 0.690219
v -0.353193 -0.051931 0.725213
v -0.317844 -0.050975 0.756550
v -0.281100 -0.050131 0.784232
v -0.243150 -0.049400 0.808256
v -0.204177 -0.048781 0.828614
v -0.164355 -0.048275 0.845292
v -0.123857 -0.047881 0.858280
v -0.082852 -0.047600 0.867566
v -0.041510 -0.047431 0.873141
v 0.000000 -0.047375 0.875000
v 0.041510 -0.047431 0.873141
v 0.082852 -0.047600 0.867566
v 0.123857 -0.047881 0.858280
v 0.164355 -0.048275 0.845292
v 0.204177 -0.048781 0.828614
v 0.243150 -0.049400 0.808256
v 0.281100 -0.050131 0.784232
v 0.317844 -0.050975 0.756550
v 0.353193 -0.051931 0.725213
v 0.386938 -0.053000 0.690219
v 0.418849 -0.054181 0.651549
v 0.448652 -0.055475 0.609172
v 0.476010 -0.056881 0.563035
v 0.500482 -0.058400 0.513064
v 0.521455 -0.060031 0.459167
v 0.538035 -0.061775 0.401246
v 0.548833 -0.063631 0.339224
v 0.551505 -0.065600 0.273079
v 0.541314 -0.067681 0.202610
v 0.489074 -0.069875 0.116431
v -0.489074 -0.087844 0.116431
v -0.551387 -0.085284 0.210809
v -0.565016 -0.082856 0.286977
v -0.563999 -0.080559 0.358247
v -0.553857 -0.078394 0.424879
v -0.537311 -0.076359 0.486928
v -0.515968 -0.074456 0.544508
v -0.490859 -0.072684 0.597758
v -0.462680 -0.071044 0.646809
v -0.431930 -0.069534 0.691770
v -0.398985 -0.068156 0.732722
v -0.364141 -0.066909 0.769722
v -0.327649 -0.065794 0.802807
v -0.289729 -0.064809 0.832000
v -0.250580 -0.063956 0.857308
v -0.210389 -0.063234 0.878736
v -0.169338 -0.062644 0.896279
v -0.127601 -0.062184 0.909932
v -0.085351 -0.061856 0.919690
v -0.042761 -0.061659 0.925547
v 0.000000 -0.061594 0.927500
v 0.042761 -0.061659 0.925547
v 0.085351 -0.061856 0.919690
v 0.127601 -0.062184 0.909932
v 0.169338 -0.062644 0.896279
v 0.210389 -0.063234 0.878736
v 0.250580 -0.063956 0.857308
v 0.289729 -0.064809 0.832000
v 0.327649 -0.065794 0.802807
v 0.364141 -0.066909 0.769722
v 0.398985 -0.068156 0.732722
v 0.431930 -0.069534 0.691770
v 0.462680 -0.071044 0.646809
v 0.490859 -0.072684 0.597758
v 0.515968 -0.074456 0.544508
v 0.537311 -0.076359 0.486928
v 0.553857 -0.078394 0.424879
v 0.563999 -0.080559 0.358247
v 0.565016 -0.082856 0.286977
v 0.551387 -0.085284 0.210809
v 0.489074 -0.087844 0.116431
v -0.489074 -0.108000 0.116431
v -0.561461 -0.105075 0.219008
v -0.578526 -0.102300 0.300874
v -0.579166 -0.099675 0.377269
v -0.569680 -0.097200 0.448512
v -0.553167 -0.094875 0.514690
v -0.531454 -0.092700 0.575953
v -0.505707 -0.090675 0.632482
v -0.476708 -0.088800 0.684447
v -0.445012 -0.087075 0.731991
v -0.411031 -0.085500 0.775224
v -0.375089 -0.084075 0.814230
v -0.337454 -0.082800 0.849065
v -0.298358 -0.081675 0.879767
v -0.258009 -0.080700 0.906361
v -0.216601 -0.079875 0.928858
v -0.174320 -0.079200 0.947266
v -0.131344 -0.078675 0.961585
v -0.087850 -0.078300 0.971815
v -0.044011 -0.078075 0.977954
v 0.000000 -0.078000 0.980000
v 0.044011 -0.078075 0.977954
v 0.087850 -0.078300 0.971815
v 0.131344 -0.078675 0.961585
v 0.174320 -0.079200 0.947266
v 0.216601 -0.079875 0.928858
v 0.258009 -0.080700 0.906361
v 0.298358 -0.081675 0.879767
v 0.337454 -0.082800 0.849065
v 0.375089 -0.084075 0.814230
v 0.411031 -0.085500 0.775224
v 0.445012 -0.087075 0.731991
v 0.476708 -0.088800 0.684447
v 0.505707 -0.090675 0.632482
v 0.531454 -0.092700 0.575953
v 0.553167 -0.094875 0.514690
v 0.569680 -0.097200 0.448512
v 0.579166 -0.099675 0.377269
v 0.578526 -0.102300 0.300874
v 0.561461 -0.105075 0.219008
v 0.489074 -0.108000 0.116431
v -0.489074 -0.080000 0.116431
v -0.561461 -0.077075 0.219008
v -0.578526 -0.074300 0.300874
v -0.579166 -0.071675 0.377269
v -0.569680 -0.069200 0.448512
v -0.553167 -0.066875 0.514690
v -0.531454 -0.064700 0.575953
v -0.505707 -0.062675 0.632482
v -0.476708 -0.060800 0.684447
v -0.445012 -0.059075 0.731991
v -0.411031 -0.057500 0.775224
v -0.375089 -0.056075 0.814230
v -0.337454 -0.054800 0.849065
v -0.298358 -0.053675 0.879767
v -0.258009 -0.052700 0.906361
v -0.216601 -0.051875 0.928858
v -0.174320 -0.051200 0.947266
v -0.131344 -0.050675 0.961585
v -0.087850 -0.050300 0.971815
v -0.044011 -0.050075 0.977954
v 0.000000 -0.050000 0.980000
v 0.044011 -0.050075 0.977954
v 0.087850 -0.050300 0.971815
v 0.131344 -0.050675 0.961585
v 0.174320 -0.051200 0.947266
v 0.216601 -0.051875 0.928858
v 0.258009 -0.052700 0.906361
v 0.298358 -0.053675 0.879767
v 0.337454 -0.054800 0.849065
v 0.375089 -0.056075 0.814230
v 0.411031 -0.057500 0.775224
v 0.445012 -0.059075 0.731991
v 0.476708 -0.060800 0.684447
v 0.505707 -0.062675 0.632482
v 0.531454 -0.064700 0.575953
v 0.553167 -0.066875 0.514690
v 0.569680 -0.069200 0.448512
v 0.579166 -0.071675 0.377269
v 0.578526 -0.074300 0.300874
v 0.561461 -0.077075 0.219008
v 0.489074 -0.080000 0.116431
v -0.489074 -0.108000 0.116431
v -0.561461 -0.105075 0.219008
v -0.578526 -0.102300 0.300874
v -0.579166 -0.099675 0.377269
v -0.569680 -0.097200 0.448512
v -0.553167 -0.094875 0.514690
v -0.531454 -0.092700 0.575953
v -0.505707 -0.090675 0.632482
v -0.476708 -0.088800 0.684447
v -0.445012 -0.087075 0.731991
v -0.411031 -0.085500 0.775224
v -0.375089 -0.084075 0.814230
v -0.337454 -0.082800 0.849065
v -0.298358 -0.081675 0.879767
v -0.258009 -0.080700 0.906361
v -0.216601 -0.079875 0.928858
v -0.174320 -0.079200 0.947266
v -0.131344 -0.078675 0.961585
v -0.087850 -0.078300 0.971815
v -0.044011 -0.078075 0.977954
v 0.000000 -0.078000 0.980000
v 0.044011 -0.078075 0.977954
v 0.087850 -0.078300 0.971815
v 0.131344 -0.078675 0.961585
v 0.174320 -0.079200 0.947266
v 0.216601 -0.079875 0.928858
v 0.258009 -0.080700 0.906361
v 0.298358 -0.081675 0.879767
v 0.337454 -0.082800 0.849065
v 0.375089 -0.084075 0.814230
v 0.411031 -0.085500 0.775224
v 0.445012 -0.087075 0.731991
v 0.476708 -0.088800 0.684447
v 0.505707 -0.090675 0.632482
v 0.531454 -0.092700 0.575953
v 0.553167 -0.094875 0.514690
v 0.569680 -0.097200 0.448512
v 0.579166 -0.099675 0.377269
v 0.578526 -0.102300 0.300874
v 0.561461 -0.105075 0.219008
v 0.489074 -0.108000 0.116431
v 0.123480 0.307878 0.616071
v 0.079793 0.308837 0.625221
v 0.052175 0.458538 0.574127
v 0.000000 0.379867 0.616177
v -0.052175 0.458538 0.574127
v -0.079793 0.308837 0.625221
v -0.123480 0.307878 0.616071
v -0.068053 0.538134 0.485034
v -0.034161 0.539135 0.489959
v 0.000000 0.482584 0.558995
v 0.034161 0.539135 0.489959
v 0.068053 0.538134 0.485034
v 0.113747 0.302834 0.578644
v 0.073481 0.303852 0.587059
v 0.047910 0.436290 0.542380
v 0.000000 0.367767 0.579102
v -0.047910 0.436290 0.542380
v -0.073481 0.303852 0.587059
v -0.113747 0.302834 0.578644
v -0.062884 0.504943 0.465220
v -0.031554 0.505901 0.469719
v 0.000000 0.457061 0.529507
v 0.031554 0.505901 0.469719
v 0.062884 0.504943 0.465220
v 0.123480 0.307878 0.616071
v 0.079793 0.308837 0.625221
v 0.052175 0.458538 0.574127
v 0.000000 0.379867 0.616177
v -0.052175 0.458538 0.574127
v -0.079793 0.308837 0.625221
v -0.123480 0.307878 0.616071
v -0.068053 0.538134 0.485034
v -0.034161 0.539135 0.489959
v 0.000000 0.482584 0.558995
v 0.034161 0.539135 0.489959
v 0.068053 0.538134 0.485034
vn 0.016063 -0.155008 0.987783
vn 0.112009 -0.154846 0.981569
vn 0.206498 -0.154325 0.966200
vn 0.298352 -0.153467 0.942037
vn 0.386513 -0.152306 0.909621
vn 0.470076 -0.150885 0.869633
vn 0.548311 -0.149249 0.822848
vn 0.620667 -0.147448 0.770085
vn 0.686761 -0.145532 0.712166
vn 0.746359 -0.143547 0.649879
vn 0.799351 -0.141534 0.583958
vn 0.845720 -0.139529 0.515062
vn 0.885517 -0.137565 0.443775
vn 0.918831 -0.135664 0.370600
vn 0.945774 -0.133846 0.295967
vn 0.966455 -0.132125 0.220244
vn 0.980971 -0.130510 0.143746
vn 0.989395 -0.129006 0.066746
vn 0.991768 -0.127616 -0.010505
vn 0.988097 -0.126338 -0.087770
vn 0.978351 -0.125168 -0.164810
vn 0.962465 -0.124103 -0.241369
vn 0.940345 -0.123135 -0.317159
vn 0.911871 -0.122258 -0.391846
vn 0.876917 -0.121463 -0.465041
vn 0.835358 -0.120742 -0.536282
vn 0.787094 -0.120089 -0.605030
vn 0.732076 -0.119496 -0.670661
vn 0.670329 -0.118958 -0.732467
vn 0.601986 -0.118470 -0.789669
vn 0.527317 -0.118030 -0.841431
vn 0.446757 -0.117636 -0.886888
vn 0.360922 -0.117290 -0.925191
vn 0.270619 -0.116993 -0.955551
vn 0.176835 -0.116746 -0.977292
vn 0.080711 -0.116550 -0.989900
vn -0.016500 -0.116400 -0.993065
vn -0.113488 -0.116299 -0.986709
vn -0.208960 -0.116254 -0.970990
vn -0.301694 -0.116270 -0.946289
vn -0.390596 -0.116353 -0.913179
vn -0.474739 -0.116503 -0.872382
vn -0.553379 -0.116721 -0.824711
vn -0.625961 -0.117009 -0.771027
vn -0.692109 -0.117368 -0.712186
vn -0.751603 -0.117803 -0.649011
vn -0.804350 -0.118317 -0.582257
vn -0.850351 -0.118917 -0.512604
vn -0.889676 -0.119607 -0.440648
vn -0.922436 -0.120395 -0.366901
vn -0.948759 -0.121285 -0.291799
vn -0.968769 -0.122284 -0.215714
vn -0.982580 -0.123397 -0.138960
vn -0.990276 -0.124630 -0.061813
vn -0.991911 -0.125985 0.015478
vn -0.987504 -0.127464 0.092674
vn -0.977036 -0.129066 0.169537
vn -0.960454 -0.130787 0.245809
vn -0.937677 -0.132620 0.321206
vn -0.908603 -0.134555 0.395394
vn -0.873118 -0.136574 0.467987
vn -0.831118 -0.138658 0.538532
vn -0.782524 -0.140779 0.606497
vn -0.727303 -0.142905 0.671274
vn -0.665502 -0.144998 0.732177
vn -0.597268 -0.147013 0.788453
vn -0.522884 -0.148904 0.839297
vn -0.442787 -0.150619 0.883886
vn -0.357587 -0.152111 0.921409
vn -0.268075 -0.153330 0.951118
vn -0.175209 -0.154239 0.972375
vn -0.080095 -0.154804 0.984693
vn -0.002334 -0.160214 0.987080
vn 0.093191 -0.160002 0.982708
vn 0.187523 -0.159387 0.969242
vn 0.279491 -0.158390 0.946994
vn 0.368031 -0.157043 0.916455
vn 0.452220 -0.155388 0.878266
vn 0.531303 -0.153472 0.833165
vn 0.604696 -0.151346 0.781944
vn 0.671983 -0.149060 0.725410
vn 0.732898 -0.146662 0.664343
vn 0.787299 -0.144193 0.599474
vn 0.835144 -0.141693 0.531468
vn 0.876460 -0.139193 0.460915
vn 0.911323 -0.136716 0.388328
vn 0.939829 -0.134283 0.314148
vn 0.962080 -0.131907 0.238751
vn 0.978167 -0.129597 0.162461
vn 0.988160 -0.127357 0.085560
vn 0.992098 -0.125190 0.008299
vn 0.989988 -0.123093 -0.069080
vn 0.981798 -0.121064 -0.146340
vn 0.967464 -0.119100 -0.223225
vn 0.946885 -0.117196 -0.299455
vn 0.919942 -0.115350 -0.374702
vn 0.886497 -0.113560 -0.448584
vn 0.846416 -0.111827 -0.520649
vn 0.799584 -0.110156 -0.590365
vn 0.745932 -0.108555 -0.657116
vn 0.685462 -0.107037 -0.720198
vn 0.618278 -0.105618 -0.778831
vn 0.544619 -0.104320 -0.832170
vn 0.464888 -0.103168 -0.879338
vn 0.379672 -0.102194 -0.919459
vn 0.289751 -0.101425 -0.951713
vn 0.196087 -0.100882 -0.975383
vn 0.099807 -0.100569 -0.989911
vn 0.002167 -0.100478 -0.994937
vn -0.095504 -0.100605 -0.990332
vn -0.191874 -0.100962 -0.976213
vn -0.285683 -0.101555 -0.952928
vn -0.375795 -0.102375 -0.921031
vn -0.461237 -0.103395 -0.881232
vn -0.541219 -0.104585 -0.834352
vn -0.615150 -0.105917 -0.781264
vn -0.682618 -0.107364 -0.722846
vn -0.743380 -0.108905 -0.659944
vn -0.797325 -0.110524 -0.593344
vn -0.844448 -0.112208 -0.523752
vn -0.884818 -0.113949 -0.451789
vn -0.918546 -0.115743 -0.377990
vn -0.945769 -0.117589 -0.302809
vn -0.966623 -0.119489 -0.226633
vn -0.981231 -0.121446 -0.149789
vn -0.989693 -0.123464 -0.072562
vn -0.992076 -0.125547 0.004795
vn -0.988414 -0.127698 0.082043
vn -0.978702 -0.129920 0.158943
vn -0.962903 -0.132210 0.235242
vn -0.940947 -0.134564 0.310663
vn -0.912744 -0.136975 0.384884
vn -0.878194 -0.139428 0.457532
vn -0.837197 -0.141905 0.528171
vn -0.789678 -0.144381 0.596291
vn -0.735606 -0.146825 0.661307
vn -0.675018 -0.149201 0.722558
vn -0.608050 -0.151465 0.779316
vn -0.534961 -0.153570 0.830803
vn -0.456158 -0.155466 0.876213
vn -0.372216 -0.157104 0.914754
vn -0.283880 -0.158434 0.945680
vn -0.192064 -0.159416 0.968348
vn -0.097827 -0.160016 0.982255
vn -0.000878 -0.153415 0.988162
vn 0.094103 -0.153163 0.983710
vn 0.187904 -0.152421 0.970288
vn 0.279389 -0.151211 0.948197
vn 0.367517 -0.149562 0.917912
vn 0.451389 -0.147515 0.880050
vn 0.530260 -0.145116 0.835324
vn 0.603553 -0.142412 0.784502
vn 0.670852 -0.139450 0.728362
vn 0.731882 -0.136276 0.667666
vn 0.786493 -0.132927 0.603124
vn 0.834629 -0.129437 0.535388
vn 0.876304 -0.125832 0.465035
vn 0.911577 -0.122132 0.392571
vn 0.940529 -0.118349 0.318431
vn 0.963248 -0.114491 0.242990
vn 0.979812 -0.110561 0.166570
vn 0.990275 -0.106557 0.089452
vn 0.994665 -0.102475 0.011892
vn 0.992974 -0.098309 -0.065867
vn 0.985159 -0.094054 -0.143581
vn 0.971142 -0.089707 -0.220989
vn 0.950813 -0.085268 -0.297800
vn 0.924038 -0.080745 -0.373677
vn 0.890671 -0.076151 -0.448225
vn 0.850571 -0.071511 -0.520975
vn 0.803617 -0.066862 -0.591379
vn 0.749737 -0.062254 -0.658801
vn 0.688936 -0.057754 -0.722518
vn 0.621324 -0.053439 -0.781729
vn 0.547153 -0.049404 -0.835574
vn 0.466840 -0.045752 -0.883158
vn 0.380990 -0.042593 -0.923598
vn 0.290401 -0.040034 -0.956067
vn 0.196051 -0.038161 -0.979851
vn 0.099071 -0.037026 -0.994391
vn 0.000724 -0.036649 -0.999328
vn -0.097642 -0.037034 -0.994532
vn -0.194672 -0.038184 -0.980125
vn -0.289089 -0.040079 -0.956463
vn -0.379752 -0.042663 -0.924104
vn -0.465680 -0.045844 -0.883765
vn -0.546077 -0.049515 -0.836271
vn -0.620335 -0.053566 -0.782505
vn -0.688037 -0.057894 -0.723362
vn -0.748931 -0.062406 -0.659703
vn -0.802903 -0.067023 -0.592331
vn -0.849948 -0.071679 -0.521968
vn -0.890138 -0.076325 -0.449254
vn -0.923593 -0.080922 -0.374737
vn -0.950455 -0.085447 -0.298887
vn -0.970872 -0.089885 -0.222101
vn -0.984976 -0.094231 -0.144715
vn -0.992879 -0.098482 -0.067021
vn -0.994660 -0.102643 0.010720
vn -0.990364 -0.106719 0.088265
vn -0.979997 -0.110716 0.165371
vn -0.963535 -0.114638 0.241783
vn -0.940921 -0.118487 0.317221
vn -0.912079 -0.122259 0.391363
vn -0.876921 -0.125949 0.463838
vn -0.835367 -0.129543 0.534211
vn -0.787354 -0.133022 0.601979
vn -0.732869 -0.136360 0.666565
vn -0.671965 -0.139524 0.727321
vn -0.604790 -0.142474 0.783537
vn -0.531616 -0.145168 0.834452
vn -0.452855 -0.147557 0.879289
vn -0.369081 -0.149595 0.917279
vn -0.281033 -0.151235 0.947707
vn -0.189610 -0.152437 0.969954
vn -0.095846 -0.153170 0.983541
vn -0.000671 -0.116843 0.993150
vn 0.094432 -0.116562 0.988684
vn 0.188362 -0.115732 0.975257
vn 0.279993 -0.114371 0.953165
vn 0.368292 -0.112503 0.922878
vn 0.452362 -0.110162 0.885005
vn 0.531462 -0.107384 0.840248
vn 0.605013 -0.104207 0.789367
vn 0.672594 -0.100668 0.733133
vn 0.733924 -0.096800 0.672298
vn 0.788846 -0.092632 0.607571
vn 0.837292 -0.088185 0.539597
vn 0.879269 -0.083473 0.468954
vn 0.914824 -0.078506 0.396148
vn 0.944030 -0.073286 0.321616
vn 0.966962 -0.067809 0.245735
vn 0.983688 -0.062068 0.168834
vn 0.994254 -0.056054 0.091202
vn 0.998676 -0.049754 0.013105
vn 0.996938 -0.043158 -0.065204
vn 0.988991 -0.036260 -0.143465
vn 0.974750 -0.029058 -0.221400
vn 0.954104 -0.021562 -0.298698
vn 0.926922 -0.013793 -0.374999
vn 0.893067 -0.005789 -0.449886
vn 0.852411 0.002392 -0.522867
vn 0.804857 0.010669 -0.593372
vn 0.750365 0.018936 -0.660753
vn 0.688975 0.027058 -0.724280
vn 0.620840 0.034879 -0.783161
vn 0.546249 0.042223 -0.836558
vn 0.465650 0.048909 -0.883616
vn 0.379662 0.054765 -0.923503
vn 0.289093 0.059639 -0.955441
vn 0.194949 0.063373 -0.978764
vn 0.098381 0.065757 -0.992974
vn 0.000578 0.066566 -0.997782
vn -0.097275 0.065710 -0.993086
vn -0.193947 0.063304 -0.978967
vn -0.288179 0.059571 -0.955722
vn -0.378807 0.054702 -0.923858
vn -0.464846 0.048844 -0.884043
vn -0.545500 0.042151 -0.837050
vn -0.620151 0.034797 -0.783710
vn -0.688350 0.026965 -0.724878
vn -0.749804 0.018833 -0.661391
vn -0.804362 0.010558 -0.594046
vn -0.851980 0.002273 -0.523570
vn -0.892699 -0.005915 -0.450615
vn -0.926616 -0.013924 -0.375752
vn -0.953859 -0.021696 -0.299471
vn -0.974566 -0.029194 -0.222193
vn -0.988868 -0.036396 -0.144276
vn -0.996878 -0.043294 -0.066033
vn -0.998680 -0.049887 0.012260
vn -0.994325 -0.056184 0.090343
vn -0.983830 -0.062195 0.167962
vn -0.967178 -0.067930 0.244853
vn -0.944323 -0.073401 0.320727
vn -0.915200 -0.078614 0.395257
vn -0.879732 -0.083573 0.468068
vn -0.837846 -0.088277 0.538722
vn -0.789494 -0.092716 0.606716
vn -0.734669 -0.096875 0.671474
vn -0.673436 -0.100734 0.732350
vn -0.605951 -0.104264 0.788639
vn -0.532492 -0.107432 0.839589
vn -0.453478 -0.110201 0.884428
vn -0.369483 -0.112534 0.922398
vn -0.281247 -0.114394 0.952793
vn -0.189664 -0.115748 0.975003
vn -0.095763 -0.116569 0.988555
vn -0.000622 -0.066552 0.997783
vn 0.094833 -0.066240 0.993287
vn 0.189113 -0.065318 0.979781
vn 0.281085 -0.063797 0.957560
vn 0.369715 -0.061696 0.927094
vn 0.454101 -0.059038 0.888992
vn 0.533496 -0.055849 0.843957
vn 0.607314 -0.052155 0.792748
vn 0.675127 -0.047980 0.736139
vn 0.736649 -0.043343 0.674885
vn 0.791711 -0.038257 0.609697
vn 0.840240 -0.032732 0.541226
vn 0.882231 -0.026769 0.470055
vn 0.917723 -0.020364 0.396698
vn 0.946778 -0.013507 0.321603
vn 0.969463 -0.006183 0.245159
vn 0.985835 0.001624 0.167708
vn 0.995932 0.009932 0.089559
vn 0.999764 0.018757 0.010998
vn 0.997310 0.028111 -0.067694
vn 0.988521 0.037997 -0.146228
vn 0.973319 0.048408 -0.224292
vn 0.951607 0.059318 -0.301539
vn 0.923279 0.070681 -0.377572
vn 0.888234 0.082425 -0.451937
vn 0.846395 0.094448 -0.524113
vn 0.797732 0.106612 -0.593512
vn 0.742281 0.118744 -0.659484
vn 0.680168 0.130638 -0.721322
vn 0.611630 0.142060 -0.778285
vn 0.537021 0.152764 -0.829621
vn 0.456812 0.162530 -0.874589
vn 0.371597 0.171208 -0.912471
vn 0.282184 0.178703 -0.942569
vn 0.189716 0.184808 -0.964289
vn 0.095528 0.188971 -0.977325
vn 0.000644 0.190430 -0.981700
vn -0.094371 0.188840 -0.977463
vn -0.188803 0.184632 -0.964502
vn -0.281424 0.178563 -0.942823
vn -0.370881 0.171124 -0.912778
vn -0.456110 0.162481 -0.874965
vn -0.536350 0.152727 -0.830062
vn -0.611007 0.142021 -0.778782
vn -0.679601 0.130592 -0.721865
vn -0.741773 0.118689 -0.660065
vn -0.797283 0.106547 -0.594127
vn -0.846005 0.094374 -0.524756
vn -0.887901 0.082344 -0.452605
vn -0.923003 0.070592 -0.378261
vn -0.951388 0.059223 -0.302248
vn -0.973156 0.048308 -0.225019
vn -0.988415 0.037893 -0.146971
vn -0.997261 0.028004 -0.068453
vn -0.999774 0.018649 0.010223
vn -0.996004 0.009824 0.088771
vn -0.985971 0.001517 0.166908
vn -0.969667 -0.006287 0.244349
vn -0.947054 -0.013607 0.320787
vn -0.918074 -0.020460 0.395880
vn -0.882662 -0.026861 0.469240
vn -0.840755 -0.032817 0.540420
vn -0.792313 -0.038336 0.608909
vn -0.737340 -0.043414 0.674125
vn -0.675909 -0.048044 0.735418
vn -0.608184 -0.052211 0.792077
vn -0.534451 -0.055897 0.843349
vn -0.455136 -0.059078 0.888460
vn -0.370821 -0.061728 0.926651
vn -0.282250 -0.063821 0.957216
vn -0.190321 -0.065334 0.979546
vn -0.096068 -0.066248 0.993168
vn -0.000635 -0.004715 0.999989
vn 0.095231 -0.004372 0.995446
vn 0.189907 -0.003356 0.981796
vn 0.282245 -0.001672 0.959341
vn 0.371196 0.000668 0.928554
vn 0.455846 0.003652 0.890051
vn 0.535434 0.007266 0.844546
vn 0.609365 0.011499 0.792806
vn 0.677201 0.016342 0.735616
vn 0.738644 0.021790 0.673743
vn 0.793518 0.027843 0.607910
vn 0.841738 0.034508 0.538782
vn 0.883292 0.041796 0.466956
vn 0.918209 0.049722 0.392964
vn 0.946540 0.058306 0.317273
vn 0.968345 0.067571 0.240295
vn 0.983674 0.077537 0.162399
vn 0.992559 0.088225 0.083927
vn 0.995009 0.099648 0.005201
vn 0.991011 0.111809 -0.073456
vn 0.980528 0.124698 -0.151707
vn 0.963508 0.138284 -0.229193
vn 0.939894 0.152514 -0.305513
vn 0.909637 0.167303 -0.380224
vn 0.872712 0.182531 -0.452832
vn 0.829138 0.198040 -0.522790
vn 0.778997 0.213634 -0.589512
vn 0.722450 0.229076 -0.652372
vn 0.659753 0.244095 -0.710735
vn 0.591251 0.258405 -0.763969
vn 0.517363 0.271738 -0.811477
vn 0.438524 0.283916 -0.852695
vn 0.355207 0.294930 -0.887042
vn 0.268201 0.304868 -0.913851
vn 0.179043 0.313496 -0.932558
vn 0.089653 0.319750 -0.943251
vn 0.000829 0.322020 -0.946732
vn -0.088263 0.319534 -0.943455
vn -0.178138 0.313202 -0.932830
vn -0.267562 0.304637 -0.914115
vn -0.354583 0.294812 -0.887331
vn -0.437854 0.283881 -0.853051
vn -0.516684 0.271743 -0.811907
vn -0.590605 0.258422 -0.764463
vn -0.659158 0.244111 -0.711281
vn -0.721914 0.229085 -0.652963
vn -0.778521 0.213635 -0.590140
vn -0.828723 0.198031 -0.523451
vn -0.872358 0.182511 -0.453520
vn -0.909344 0.167273 -0.380938
vn -0.939662 0.152474 -0.306248
vn -0.963336 0.138235 -0.229947
vn -0.980416 0.124641 -0.152479
vn -0.990960 0.111745 -0.074243
vn -0.995020 0.099578 0.004399
vn -0.992634 0.088151 0.083112
vn -0.983816 0.077460 0.161573
vn -0.968558 0.067492 0.239460
vn -0.946826 0.058227 0.316433
vn -0.918572 0.049643 0.392123
vn -0.883738 0.041719 0.466119
vn -0.842269 0.034434 0.537956
vn -0.794137 0.027773 0.607104
vn -0.739354 0.021725 0.672966
vn -0.678003 0.016282 0.734879
vn -0.610257 0.011446 0.792121
vn -0.536412 0.007219 0.843925
vn -0.456904 0.003612 0.889508
vn -0.372326 0.000636 0.928102
vn -0.283434 -0.001696 0.958990
vn -0.191141 -0.003372 0.981557
vn -0.096492 -0.004380 0.995324
vn -0.000680 0.067913 0.997691
vn 0.095485 0.068281 0.993086
vn 0.190434 0.069378 0.979245
vn 0.282992 0.071203 0.956476
vn 0.372087 0.073753 0.925263
vn 0.456783 0.077027 0.886237
vn 0.536300 0.081027 0.840129
vn 0.610029 0.085754 0.787725
vn 0.677515 0.091216 0.729830
vn 0.738452 0.097421 0.667232
vn 0.792650 0.104384 0.600675
vn 0.840018 0.112123 0.530847
vn 0.880533 0.120658 0.458371
vn 0.914215 0.130013 0.383806
vn 0.941112 0.140211 0.307650
vn 0.961278 0.151275 0.230350
vn 0.974761 0.163221 0.152316
vn 0.981599 0.176060 0.073934
vn 0.981815 0.189789 -0.004423
vn 0.975417 0.204389 -0.082375
vn 0.962408 0.219822 -0.159531
vn 0.942788 0.236020 -0.235470
vn 0.916574 0.252885 -0.309743
vn 0.883814 0.270283 -0.381862
vn 0.844600 0.288043 -0.451311
vn 0.799086 0.305954 -0.517547
vn 0.747501 0.323766 -0.580015
vn 0.690159 0.341201 -0.638172
vn 0.627450 0.357961 -0.691498
vn 0.559820 0.373755 -0.739533
vn 0.487689 0.388362 -0.781879
vn 0.411340 0.401738 -0.818172
vn 0.330981 0.414110 -0.847918
vn 0.247394 0.425794 -0.870342
vn 0.162906 0.436509 -0.884829
vn 0.080618 0.444623 -0.892082
vn 0.001082 0.447652 -0.894207
vn -0.078892 0.444373 -0.892361
vn -0.161981 0.436150 -0.885175
vn -0.246893 0.425495 -0.870631
vn -0.330468 0.413954 -0.848194
vn -0.410695 0.401710 -0.818510
vn -0.486975 0.388409 -0.782301
vn -0.559110 0.373833 -0.740030
vn -0.626783 0.358048 -0.692059
vn -0.689548 0.341288 -0.638786
vn -0.746952 0.323847 -0.580677
vn -0.798602 0.306026 -0.518250
vn -0.844184 0.288105 -0.452051
vn -0.883466 0.270332 -0.382634
vn -0.916294 0.252921 -0.310542
vn -0.942576 0.236043 -0.236293
vn -0.962265 0.219832 -0.160375
vn -0.975345 0.204387 -0.083238
vn -0.981813 0.189775 -0.005301
vn -0.981670 0.176036 0.073041
vn -0.974907 0.163189 0.151413
vn -0.961502 0.151236 0.229439
vn -0.941418 0.140166 0.306735
vn -0.914605 0.129964 0.382892
vn -0.881011 0.120606 0.457464
vn -0.840589 0.112070 0.529953
vn -0.793316 0.104331 0.599803
vn -0.739215 0.097370 0.666393
vn -0.678377 0.091167 0.729036
vn -0.610986 0.085709 0.786988
vn -0.537350 0.080986 0.839462
vn -0.457918 0.076992 0.885654
vn -0.373298 0.073724 0.924778
vn -0.284266 0.071180 0.956100
vn -0.191755 0.069363 0.978989
vn -0.096835 0.068273 0.992956
vn -0.000743 0.150675 0.988583
vn 0.095414 0.151056 0.983910
vn 0.190317 0.152197 0.969853
vn 0.282759 0.154102 0.946731
vn 0.371633 0.156779 0.915046
vn 0.455974 0.160238 0.875449
vn 0.534980 0.164495 0.828696
vn 0.608021 0.169568 0.775601
vn 0.674627 0.175476 0.716998
vn 0.734479 0.182243 0.653703
vn 0.787379 0.189894 0.586494
vn 0.833227 0.198453 0.516090
vn 0.871995 0.207946 0.443151
vn 0.903703 0.218396 0.368271
vn 0.928399 0.229821 0.291990
vn 0.946141 0.242234 0.214802
vn 0.956993 0.255635 0.137167
vn 0.961015 0.270012 0.059523
vn 0.958265 0.285333 -0.017699
vn 0.948800 0.301546 -0.094063
vn 0.932690 0.318570 -0.169122
vn 0.910025 0.336292 -0.242410
vn 0.880928 0.354569 -0.313442
vn 0.845574 0.373220 -0.381721
vn 0.804198 0.392031 -0.446741
vn 0.757104 0.410758 -0.508007
vn 0.704671 0.429133 -0.565052
vn 0.647348 0.446871 -0.617452
vn 0.585625 0.463696 -0.664853
vn 0.519978 0.479370 -0.706985
vn 0.450726 0.493780 -0.743658
vn 0.377846 0.507074 -0.774666
vn 0.301146 0.519721 -0.799501
vn 0.221496 0.532186 -0.817140
vn 0.142495 0.544056 -0.826861
vn 0.069013 0.553254 -0.830149
vn 0.001351 0.556752 -0.830677
vn -0.066913 0.553046 -0.830460
vn -0.141513 0.543725 -0.827246
vn -0.221136 0.531873 -0.817441
vn -0.300774 0.519537 -0.799760
vn -0.377249 0.507042 -0.774978
vn -0.449979 0.493855 -0.744060
vn -0.519192 0.479500 -0.707473
vn -0.584862 0.463850 -0.665416
vn -0.646635 0.447034 -0.618081
vn -0.704019 0.429295 -0.565740
vn -0.756519 0.410916 -0.508750
vn -0.803684 0.392181 -0.447533
vn -0.845136 0.373358 -0.382556
vn -0.880567 0.354694 -0.314316
vn -0.909742 0.336402 -0.243316
vn -0.932488 0.318663 -0.170057
vn -0.948680 0.301623 -0.095023
vn -0.958228 0.285394 -0.018679
vn -0.961064 0.270056 0.058526
vn -0.957129 0.255665 0.136157
vn -0.946367 0.242250 0.213784
vn -0.928718 0.229826 0.290969
vn -0.904119 0.218390 0.367252
vn -0.872511 0.207931 0.442141
vn -0.833846 0.198431 0.515097
vn -0.788104 0.189867 0.585528
vn -0.735312 0.182214 0.652775
vn -0.675568 0.175445 0.716120
vn -0.609067 0.169537 0.774787
vn -0.536128 0.164465 0.827960
vn -0.457215 0.160211 0.874807
vn -0.372956 0.156755 0.914512
vn -0.284151 0.154084 0.946317
vn -0.191761 0.152185 0.969571
vn -0.096890 0.151050 0.983766
vn -0.000818 0.242404 0.970175
vn 0.094799 0.242777 0.965439
vn 0.189120 0.243895 0.951183
vn 0.280893 0.245769 0.927737
vn 0.368976 0.248418 0.895625
vn 0.452371 0.251868 0.855525
vn 0.530249 0.256146 0.808223
vn 0.601960 0.261284 0.754569
vn 0.667020 0.267318 0.695432
vn 0.725099 0.274280 0.631667
vn 0.775994 0.282202 0.564089
vn 0.819605 0.291112 0.493459
vn 0.855907 0.301033 0.420478
vn 0.884930 0.311981 0.345785
vn 0.906734 0.323961 0.269968
vn 0.921404 0.336964 0.193569
vn 0.929037 0.350968 0.117099
vn 0.929737 0.365928 0.041049
vn 0.923625 0.381778 -0.034100
vn 0.910835 0.398426 -0.107871
vn 0.891532 0.415752 -0.179783
vn 0.865916 0.433605 -0.249352
vn 0.834237 0.451807 -0.316098
vn 0.796804 0.470153 -0.379552
vn 0.753987 0.488412 -0.439268
vn 0.706221 0.506342 -0.494843
vn 0.653994 0.523691 -0.545930
vn 0.597834 0.540212 -0.592254
vn 0.538263 0.555687 -0.633628
vn 0.475693 0.569971 -0.669962
vn 0.410216 0.583092 -0.701232
vn 0.341368 0.595384 -0.727315
vn 0.268506 0.607472 -0.747584
vn 0.192790 0.619801 -0.760710
vn 0.119557 0.631739 -0.765906
vn 0.055831 0.641034 -0.765479
vn 0.001577 0.644612 -0.764508
vn -0.053377 0.640926 -0.765744
vn -0.118461 0.631522 -0.766255
vn -0.192525 0.619536 -0.760992
vn -0.268281 0.607280 -0.747821
vn -0.340851 0.595337 -0.727595
vn -0.409462 0.583175 -0.701604
vn -0.474840 0.570133 -0.670429
vn -0.537403 0.555890 -0.634180
vn -0.597010 0.540434 -0.592883
vn -0.653224 0.523921 -0.546631
vn -0.705515 0.506574 -0.495612
vn -0.753354 0.488641 -0.440101
vn -0.796249 0.470374 -0.380442
vn -0.833766 0.452017 -0.317041
vn -0.865533 0.433800 -0.250341
vn -0.891240 0.415930 -0.180812
vn -0.910639 0.398586 -0.108934
vn -0.923526 0.381918 -0.035192
vn -0.929739 0.366048 0.039935
vn -0.929141 0.351068 0.115967
vn -0.921614 0.337046 0.192426
vn -0.907052 0.324024 0.268820
vn -0.885360 0.312028 0.344640
vn -0.856452 0.301065 0.419343
vn -0.820268 0.291131 0.492345
vn -0.776777 0.282210 0.563005
vn -0.726003 0.274279 0.630627
vn -0.668046 0.267310 0.694449
vn -0.603104 0.261272 0.753659
vn -0.531507 0.256131 0.807402
vn -0.453733 0.251852 0.854808
vn -0.370430 0.248404 0.895029
vn -0.282424 0.245756 0.927276
vn -0.190708 0.243885 0.950868
vn -0.096422 0.242772 0.965279
vn -0.000897 0.341003 0.940062
vn 0.093410 0.341334 0.935289
vn 0.186379 0.342332 0.920908
vn 0.276714 0.344016 0.897264
vn 0.363237 0.346416 0.864902
vn 0.444917 0.349571 0.824529
vn 0.520904 0.353526 0.776967
vn 0.590529 0.358328 0.723102
vn 0.653300 0.364023 0.663842
vn 0.708883 0.370654 0.600084
vn 0.757079 0.378259 0.532684
vn 0.797798 0.386864 0.462445
vn 0.831031 0.396487 0.390110
vn 0.856830 0.407131 0.316365
vn 0.875291 0.418784 0.241840
vn 0.886539 0.431415 0.167121
vn 0.890726 0.444975 0.092761
vn 0.888026 0.459389 0.019285
vn 0.878637 0.474563 -0.052797
vn 0.862790 0.490374 -0.122993
vn 0.840754 0.506676 -0.190822
vn 0.812842 0.523301 -0.255821
vn 0.779419 0.540061 -0.317553
vn 0.740905 0.556751 -0.375618
vn 0.697767 0.573159 -0.429663
vn 0.650519 0.589070 -0.479397
vn 0.599700 0.604278 -0.524603
vn 0.545847 0.618595 -0.565147
vn 0.489434 0.631879 -0.600986
vn 0.430721 0.644088 -0.632163
vn 0.369467 0.655385 -0.658760
vn 0.304682 0.666239 -0.680657
vn 0.235350 0.677290 -0.697058
vn 0.163226 0.688778 -0.706359
vn 0.095730 0.699850 -0.707846
vn 0.042073 0.708403 -0.704553
vn 0.001715 0.711731 -0.702451
vn -0.039345 0.708416 -0.704698
vn -0.094444 0.699793 -0.708075
vn -0.162954 0.688615 -0.706580
vn -0.235242 0.677118 -0.697261
vn -0.304271 0.666174 -0.680905
vn -0.368740 0.655455 -0.659098
vn -0.429827 0.644255 -0.632601
vn -0.488491 0.632103 -0.601516
vn -0.544917 0.618850 -0.565765
vn -0.598812 0.604550 -0.525303
vn -0.649688 0.589351 -0.480178
vn -0.697004 0.573443 -0.430521
vn -0.740220 0.557033 -0.376549
vn -0.778821 0.540336 -0.318552
vn -0.812337 0.523566 -0.256880
vn -0.840349 0.506926 -0.191935
vn -0.862491 0.490606 -0.124154
vn -0.878449 0.474775 -0.053998
vn -0.887953 0.459580 0.018052
vn -0.890772 0.445143 0.091503
vn -0.886708 0.431561 0.165847
vn -0.875585 0.418907 0.240557
vn -0.857254 0.407232 0.315083
vn -0.831588 0.396567 0.388839
vn -0.798491 0.386926 0.461195
vn -0.757910 0.378304 0.531469
vn -0.709852 0.370685 0.598918
vn -0.654407 0.364041 0.662741
vn -0.591771 0.358336 0.722082
vn -0.522273 0.353527 0.776047
vn -0.446404 0.349568 0.823727
vn -0.364827 0.346410 0.864234
vn -0.278390 0.344010 0.896747
vn -0.188119 0.342327 0.920556
vn -0.095191 0.341332 0.935110
vn -0.000975 0.443237 0.896404
vn 0.091040 0.443489 0.891644
vn 0.181682 0.444252 0.877287
vn 0.269626 0.445553 0.853689
vn 0.353661 0.447437 0.821416
vn 0.432737 0.449960 0.781201
vn 0.505988 0.453183 0.733895
vn 0.572738 0.457170 0.680417
vn 0.632493 0.461984 0.621710
vn 0.684928 0.467676 0.558707
vn 0.729857 0.474288 0.492300
vn 0.767212 0.481850 0.423327
vn 0.797013 0.490373 0.352568
vn 0.819350 0.499850 0.280741
vn 0.834366 0.510254 0.208507
vn 0.842242 0.521538 0.136480
vn 0.843197 0.533633 0.065232
vn 0.837481 0.546447 -0.004699
vn 0.825377 0.559868 -0.072807
vn 0.807207 0.573762 -0.138614
vn 0.783331 0.587980 -0.201673
vn 0.754153 0.602355 -0.261575
vn 0.720119 0.616712 -0.317953
vn 0.681713 0.630873 -0.370495
vn 0.639451 0.644658 -0.418948
vn 0.593867 0.657898 -0.463133
vn 0.545492 0.670436 -0.502945
vn 0.494816 0.682148 -0.538360
vn 0.442201 0.692966 -0.569436
vn 0.387678 0.702941 -0.596305
vn 0.330597 0.712343 -0.619091
vn 0.269448 0.721688 -0.637624
vn 0.203043 0.731484 -0.650926
vn 0.134100 0.741647 -0.657250
vn 0.072256 0.751199 -0.656109
vn 0.028558 0.758482 -0.651068
vn 0.001730 0.761364 -0.648323
vn -0.025686 0.758604 -0.651045
vn -0.070709 0.751307 -0.656154
vn -0.133675 0.741618 -0.657369
vn -0.202971 0.731362 -0.651085
vn -0.269147 0.721610 -0.637839
vn -0.329938 0.712383 -0.619395
vn -0.386780 0.703091 -0.596711
vn -0.441201 0.693187 -0.569942
vn -0.493799 0.682411 -0.538960
vn -0.544500 0.670724 -0.503637
vn -0.592921 0.658200 -0.463915
vn -0.638565 0.644970 -0.419819
vn -0.680900 0.631189 -0.371451
vn -0.719390 0.617026 -0.318992
vn -0.753520 0.602662 -0.262690
vn -0.782803 0.588276 -0.202857
vn -0.806792 0.574044 -0.139859
vn -0.825082 0.560131 -0.074105
vn -0.837313 0.546690 -0.006042
vn -0.843163 0.533852 0.063855
vn -0.842347 0.521733 0.135077
vn -0.834614 0.510424 0.207089
vn -0.819747 0.499995 0.279320
vn -0.797562 0.490494 0.351156
vn -0.767916 0.481948 0.421937
vn -0.730719 0.474364 0.490947
vn -0.685947 0.467732 0.557408
vn -0.633668 0.462023 0.620483
vn -0.574065 0.457196 0.679280
vn -0.507460 0.453197 0.732869
vn -0.434342 0.449966 0.780306
vn -0.355382 0.447438 0.820672
vn -0.271444 0.445551 0.853113
vn -0.183573 0.444249 0.876894
vn -0.092975 0.443487 0.891445
vn -0.001047 0.544875 0.838517
vn 0.087555 0.545010 0.833846
vn 0.174773 0.545426 0.819735
vn 0.259266 0.546161 0.796548
vn 0.339816 0.547274 0.764863
vn 0.415368 0.548841 0.725426
vn 0.485055 0.550943 0.679106
vn 0.548204 0.553665 0.626839
vn 0.604337 0.557085 0.569591
vn 0.653142 0.561271 0.508311
vn 0.694458 0.566275 0.443914
vn 0.728247 0.572130 0.377259
vn 0.754565 0.578847 0.309141
vn 0.773546 0.586418 0.240293
vn 0.785383 0.594810 0.171389
vn 0.790318 0.603969 0.103046
vn 0.788632 0.613820 0.035830
vn 0.780644 0.624268 -0.029736
vn 0.766707 0.635200 -0.093173
vn 0.747211 0.646488 -0.154044
vn 0.722578 0.657993 -0.211957
vn 0.693265 0.669569 -0.266572
vn 0.659755 0.681068 -0.317600
vn 0.622554 0.692341 -0.364815
vn 0.582177 0.703250 -0.408055
vn 0.539134 0.713666 -0.447230
vn 0.493908 0.723482 -0.482316
vn 0.446899 0.732625 -0.513364
vn 0.398309 0.741090 -0.540496
vn 0.347881 0.749006 -0.563887
vn 0.294519 0.756701 -0.583663
vn 0.236294 0.764647 -0.599567
vn 0.172168 0.773093 -0.610480
vn 0.106177 0.781604 -0.614672
vn 0.050029 0.789261 -0.612017
vn 0.015921 0.795050 -0.606334
vn 0.001610 0.797418 -0.603426
vn -0.013076 0.795254 -0.606135
vn -0.048182 0.789506 -0.611848
vn -0.105432 0.781715 -0.614658
vn -0.172000 0.773050 -0.610582
vn -0.236068 0.764574 -0.599749
vn -0.293956 0.756709 -0.583936
vn -0.347021 0.749120 -0.564265
vn -0.397289 0.741286 -0.540977
vn -0.445822 0.732873 -0.513946
vn -0.492832 0.723761 -0.482996
vn -0.538091 0.713966 -0.448008
vn -0.581184 0.703563 -0.408931
vn -0.621627 0.692662 -0.365787
vn -0.658908 0.681391 -0.318665
vn -0.692510 0.669890 -0.267726
vn -0.721928 0.658306 -0.213195
vn -0.746678 0.646790 -0.155357
vn -0.766301 0.635486 -0.094553
vn -0.780374 0.624536 -0.031173
vn -0.788507 0.614066 0.034346
vn -0.790346 0.604190 0.101527
vn -0.785570 0.595005 0.169848
vn -0.773898 0.586587 0.238743
vn -0.755087 0.578989 0.307595
vn -0.728944 0.572246 0.375734
vn -0.695332 0.566367 0.442427
vn -0.654193 0.561341 0.506881
vn -0.605563 0.557134 0.568238
vn -0.549602 0.553697 0.625586
vn -0.486614 0.550961 0.677974
vn -0.417076 0.548849 0.724439
vn -0.341655 0.547276 0.764042
vn -0.261213 0.546159 0.795913
vn -0.176800 0.545423 0.819302
vn -0.089633 0.545008 0.833626
vn -0.001108 0.641252 0.767329
vn 0.082949 0.641246 0.762839
vn 0.165639 0.641239 0.749250
vn 0.245642 0.641281 0.726924
vn 0.321755 0.641448 0.696433
vn 0.392942 0.641834 0.658518
vn 0.458352 0.642545 0.614043
vn 0.517336 0.643689 0.563940
vn 0.569431 0.645364 0.509169
vn 0.614354 0.647658 0.450675
vn 0.651969 0.650636 0.389370
vn 0.682267 0.654344 0.326108
vn 0.705340 0.658801 0.261680
vn 0.721361 0.664005 0.196811
vn 0.730568 0.669929 0.132162
vn 0.733246 0.676522 0.068330
vn 0.729725 0.683716 0.005857
vn 0.720371 0.691423 -0.054768
vn 0.705581 0.699543 -0.113111
vn 0.685782 0.707965 -0.168788
vn 0.661423 0.716569 -0.221470
vn 0.632976 0.725234 -0.270882
vn 0.600926 0.733840 -0.316808
vn 0.565763 0.742270 -0.359092
vn 0.527971 0.750418 -0.397642
vn 0.488009 0.758192 -0.432425
vn 0.446284 0.765521 -0.463475
vn 0.403077 0.772374 -0.490884
vn 0.358387 0.778801 -0.514808
vn 0.311622 0.784982 -0.535439
vn 0.261266 0.791250 -0.552868
vn 0.205176 0.797936 -0.566746
vn 0.142875 0.804953 -0.575880
vn 0.079960 0.811596 -0.578721
vn 0.029748 0.817215 -0.575564
vn 0.004668 0.821509 -0.570176
vn 0.001355 0.823373 -0.567499
vn -0.002046 0.821763 -0.569826
vn -0.027613 0.817554 -0.575190
vn -0.078744 0.811830 -0.578559
vn -0.142435 0.805008 -0.575911
vn -0.204938 0.797893 -0.566893
vn -0.260800 0.791233 -0.553113
vn -0.310841 0.785053 -0.535790
vn -0.357387 0.778957 -0.515268
vn -0.401974 0.772589 -0.491450
vn -0.445153 0.765773 -0.464145
vn -0.486892 0.758468 -0.433200
vn -0.526893 0.750710 -0.398520
vn -0.564743 0.742571 -0.360074
vn -0.599979 0.734146 -0.317892
vn -0.632117 0.725540 -0.272065
vn -0.660667 0.716871 -0.222747
vn -0.685142 0.708258 -0.170152
vn -0.705071 0.699823 -0.114553
vn -0.720003 0.691686 -0.056279
vn -0.729509 0.683958 0.004289
vn -0.733192 0.676741 0.066716
vn -0.730686 0.670122 0.130516
vn -0.721659 0.664172 0.195149
vn -0.705824 0.658941 0.260018
vn -0.682942 0.654457 0.324464
vn -0.652839 0.650723 0.387764
vn -0.615420 0.647721 0.449128
vn -0.570691 0.645406 0.507703
vn -0.518783 0.643713 0.562581
vn -0.459979 0.642555 0.612815
vn -0.394732 0.641834 0.657446
vn -0.323690 0.641442 0.695541
vn -0.247695 0.641273 0.726234
vn -0.167782 0.641232 0.748780
vn -0.085146 0.641242 0.762600
vn -0.001155 0.728142 0.685425
vn 0.077353 0.727990 0.681210
vn 0.154551 0.727543 0.668427
vn 0.229169 0.726861 0.647421
vn 0.300054 0.726035 0.618742
vn 0.366211 0.725179 0.583099
vn 0.426827 0.724422 0.541324
vn 0.481283 0.723893 0.494313
vn 0.529147 0.723715 0.442990
vn 0.570157 0.723994 0.388271
vn 0.604201 0.724815 0.331034
vn 0.631295 0.726241 0.272104
vn 0.651555 0.728305 0.212243
vn 0.665178 0.731019 0.152147
vn 0.672428 0.734367 0.092444
vn 0.673615 0.738313 0.033698
vn 0.669095 0.742802 -0.023589
vn 0.659253 0.747763 -0.078974
vn 0.644500 0.753111 -0.132070
vn 0.625271 0.758757 -0.182549
vn 0.602014 0.764602 -0.230137
vn 0.575187 0.770550 -0.274614
vn 0.545250 0.776505 -0.315822
vn 0.512656 0.782376 -0.353654
vn 0.477839 0.788084 -0.388064
vn 0.441193 0.793561 -0.419057
vn 0.403028 0.798769 -0.446695
vn 0.363475 0.803712 -0.471097
vn 0.322290 0.808481 -0.492431
vn 0.278533 0.813276 -0.510883
vn 0.230369 0.818374 -0.526493
vn 0.175762 0.823878 -0.538826
vn 0.115214 0.829360 -0.546705
vn 0.055919 0.834015 -0.548900
vn 0.012029 0.837642 -0.546087
vn -0.004780 0.840568 -0.541685
vn 0.000986 0.841974 -0.539517
vn 0.006980 0.840843 -0.541234
vn -0.009686 0.838024 -0.545547
vn -0.054130 0.834335 -0.548593
vn -0.114307 0.829518 -0.546657
vn -0.175363 0.823892 -0.538935
vn -0.229953 0.818352 -0.526709
vn -0.277851 0.813305 -0.511208
vn -0.321353 0.808586 -0.492870
vn -0.362384 0.803881 -0.471649
vn -0.401872 0.798980 -0.447358
vn -0.440029 0.793800 -0.419828
vn -0.476701 0.788339 -0.388944
vn -0.511566 0.782642 -0.354643
vn -0.544226 0.776776 -0.316918
vn -0.574247 0.770822 -0.275817
vn -0.601173 0.764870 -0.231441
vn -0.624545 0.759016 -0.183949
vn -0.643904 0.753359 -0.133558
vn -0.658800 0.747994 -0.080540
vn -0.668800 0.743015 -0.025222
vn -0.673489 0.738503 0.032011
vn -0.672482 0.734533 0.090718
vn -0.665423 0.731158 0.150398
vn -0.651998 0.728418 0.210489
vn -0.631944 0.726327 0.270365
vn -0.605059 0.724876 0.329331
vn -0.571225 0.724031 0.386629
vn -0.530424 0.723731 0.441433
vn -0.482764 0.723893 0.492867
vn -0.428501 0.724409 0.540017
vn -0.368062 0.725158 0.581959
vn -0.302060 0.726011 0.617792
vn -0.231304 0.726839 0.646687
vn -0.156782 0.727526 0.667926
vn -0.079643 0.727980 0.680956
vn -0.001186 0.802567 0.596561
vn 0.071020 0.802285 0.592702
vn 0.142007 0.801444 0.580966
vn 0.210590 0.800110 0.561672
vn 0.275693 0.798386 0.535325
vn 0.336386 0.796401 0.502583
vn 0.391909 0.794301 0.464212
vn 0.441683 0.792234 0.421048
vn 0.485305 0.790342 0.373949
vn 0.522537 0.788750 0.323772
vn 0.553281 0.787564 0.271337
vn 0.577563 0.786861 0.217418
vn 0.595509 0.786694 0.162729
vn 0.607323 0.787091 0.107919
vn 0.613272 0.788053 0.053572
vn 0.613672 0.789561 0.000206
vn 0.608877 0.791577 -0.051721
vn 0.599268 0.794048 -0.101812
vn 0.585249 0.796910 -0.149727
vn 0.567236 0.800092 -0.195183
vn 0.545656 0.803516 -0.237954
vn 0.520934 0.807107 -0.277861
vn 0.493491 0.810789 -0.314783
vn 0.463732 0.814492 -0.348649
vn 0.432029 0.818156 -0.379436
vn 0.398696 0.821737 -0.407173
vn 0.363925 0.825221 -0.431936
vn 0.327664 0.828645 -0.453855
vn 0.289399 0.832120 -0.473102
vn 0.247886 0.835829 -0.489838
vn 0.201179 0.839920 -0.504045
vn 0.147741 0.844222 -0.515229
vn 0.089381 0.848050 -0.522324
vn 0.034612 0.850711 -0.524492
vn -0.002559 0.852533 -0.522668
vn -0.012086 0.854276 -0.519679
vn 0.000536 0.855275 -0.518174
vn 0.013685 0.854550 -0.519189
vn 0.004962 0.852913 -0.522030
vn -0.032240 0.851067 -0.524066
vn -0.087831 0.848292 -0.522193
vn -0.146982 0.844314 -0.515296
vn -0.200699 0.839922 -0.504234
vn -0.247284 0.835832 -0.490138
vn -0.288556 0.832175 -0.473520
vn -0.326628 0.828759 -0.454393
vn -0.362782 0.825381 -0.432591
vn -0.397516 0.821927 -0.407942
vn -0.430857 0.818364 -0.380319
vn -0.462597 0.814711 -0.349644
vn -0.492416 0.811012 -0.315890
vn -0.519937 0.807330 -0.279078
vn -0.544755 0.803734 -0.239276
vn -0.566447 0.800302 -0.196608
vn -0.584589 0.797108 -0.151246
vn -0.598752 0.794230 -0.103415
vn -0.608521 0.791739 -0.053398
vn -0.613489 0.789701 -0.001531
vn -0.613275 0.788169 0.051790
vn -0.607524 0.787182 0.106110
vn -0.595918 0.786759 0.160911
vn -0.578187 0.786900 0.215613
vn -0.554124 0.787579 0.269567
vn -0.523602 0.788744 0.322062
vn -0.486591 0.790317 0.372328
vn -0.443183 0.792195 0.419542
vn -0.393612 0.794253 0.462851
vn -0.338276 0.796350 0.501395
vn -0.277747 0.798336 0.534337
vn -0.212779 0.800067 0.560908
vn -0.144296 0.801413 0.580445
vn -0.073371 0.802268 0.592437
vn -0.001203 0.863210 0.504843
vn 0.064255 0.862830 0.501394
vn 0.128611 0.861688 0.490870
vn 0.190793 0.859852 0.473553
vn 0.249822 0.857431 0.449890
vn 0.304850 0.854561 0.420465
vn 0.355182 0.851397 0.385964
vn 0.400285 0.848098 0.347134
vn 0.439786 0.844817 0.304749
vn 0.473462 0.841695 0.259582
vn 0.501223 0.838850 0.212381
vn 0.523093 0.836378 0.163849
vn 0.539190 0.834346 0.114637
vn 0.549708 0.832798 0.065339
vn 0.554901 0.831753 0.016487
vn 0.555069 0.831210 -0.031450
vn 0.550545 0.831148 -0.078059
vn 0.541690 0.831533 -0.122985
vn 0.528879 0.832319 -0.165930
vn 0.512499 0.833452 -0.206648
vn 0.492937 0.834873 -0.244948
vn 0.470576 0.836527 -0.280680
vn 0.445790 0.838353 -0.313744
vn 0.418926 0.840298 -0.344092
vn 0.390287 0.842321 -0.371716
vn 0.360084 0.844397 -0.396653
vn 0.328369 0.846535 -0.418989
vn 0.294880 0.848792 -0.438859
vn 0.258847 0.851276 -0.456429
vn 0.218853 0.854099 -0.471824
vn 0.173144 0.857222 -0.484966
vn 0.121075 0.860217 -0.495345
vn 0.065851 0.862305 -0.502089
vn 0.016714 0.863103 -0.504751
vn -0.013513 0.863402 -0.504336
vn -0.017017 0.864156 -0.502936
vn 0.000050 0.864789 -0.502135
vn 0.017880 0.864411 -0.502468
vn 0.015778 0.863745 -0.503682
vn -0.013864 0.863443 -0.504257
vn -0.063564 0.862594 -0.501888
vn -0.119738 0.860391 -0.495369
vn -0.172412 0.857278 -0.485128
vn -0.218242 0.854103 -0.472100
vn -0.258092 0.851293 -0.456824
vn -0.293931 0.848852 -0.439381
vn -0.327279 0.846637 -0.419635
vn -0.358924 0.844530 -0.397419
vn -0.389110 0.842474 -0.372600
vn -0.417773 0.840462 -0.345093
vn -0.444688 0.838520 -0.314860
vn -0.469547 0.836693 -0.281907
vn -0.491999 0.835034 -0.246284
vn -0.511671 0.833602 -0.208090
vn -0.528179 0.832455 -0.167469
vn -0.541135 0.831652 -0.124612
vn -0.550151 0.831247 -0.079762
vn -0.554850 0.831287 -0.033217
vn -0.554872 0.831806 0.014672
vn -0.549881 0.832826 0.063494
vn -0.539575 0.834349 0.112782
vn -0.523699 0.836357 0.162005
vn -0.502056 0.838808 0.210573
vn -0.474524 0.841634 0.257836
vn -0.441076 0.844741 0.303092
vn -0.401796 0.848012 0.345596
vn -0.356902 0.851307 0.384575
vn -0.306762 0.854473 0.419253
vn -0.251901 0.857351 0.448882
vn -0.193010 0.859786 0.472774
vn -0.130932 0.861641 0.490339
vn -0.066639 0.862806 0.501125
vn -0.001207 0.910303 0.413940
vn 0.057352 0.909864 0.410924
vn 0.114944 0.908535 0.401687
vn 0.170622 0.906384 0.386466
vn 0.223519 0.903517 0.365645
vn 0.272879 0.900069 0.339725
vn 0.318079 0.896193 0.309295
vn 0.358633 0.892051 0.275005
vn 0.394199 0.887799 0.237529
vn 0.424567 0.883583 0.197547
vn 0.449643 0.879530 0.155717
vn 0.469443 0.875745 0.112667
vn 0.484064 0.872310 0.068978
vn 0.493678 0.869280 0.025179
vn 0.498510 0.866692 -0.018252
vn 0.498829 0.864558 -0.060892
vn 0.494939 0.862876 -0.102374
vn 0.487162 0.861627 -0.142381
vn 0.475837 0.860782 -0.180648
vn 0.461313 0.860303 -0.216957
vn 0.443929 0.860146 -0.251149
vn 0.424010 0.860275 -0.283096
vn 0.401877 0.860648 -0.312699
vn 0.377816 0.861223 -0.339926
vn 0.352040 0.861976 -0.364781
vn 0.324644 0.862901 -0.387307
vn 0.295513 0.864023 -0.407597
vn 0.264185 0.865398 -0.425784
vn 0.229722 0.867092 -0.442018
vn 0.190753 0.869097 -0.456382
vn 0.146071 0.871172 -0.468745
vn 0.096169 0.872730 -0.478637
vn 0.045414 0.873098 -0.485424
vn 0.002942 0.872297 -0.488968
vn -0.020473 0.871402 -0.490142
vn -0.019476 0.871346 -0.490282
vn -0.000423 0.871645 -0.490138
vn 0.019540 0.871565 -0.489890
vn 0.022383 0.871683 -0.489559
vn 0.000165 0.872576 -0.488479
vn -0.042427 0.873379 -0.485189
vn -0.094089 0.872961 -0.478629
vn -0.144853 0.871300 -0.468886
vn -0.189960 0.869137 -0.456636
vn -0.228978 0.867099 -0.442390
vn -0.263320 0.865415 -0.426285
vn -0.294507 0.864068 -0.408229
vn -0.323542 0.862974 -0.388068
vn -0.350895 0.862068 -0.365666
vn -0.376675 0.861325 -0.340932
vn -0.400775 0.860753 -0.313822
vn -0.422973 0.860379 -0.284328
vn -0.442975 0.860244 -0.252494
vn -0.460467 0.860387 -0.218411
vn -0.475120 0.860851 -0.182199
vn -0.486590 0.861678 -0.144020
vn -0.494529 0.862906 -0.104090
vn -0.498596 0.864566 -0.062673
vn -0.498468 0.866676 -0.020080
vn -0.493840 0.869240 0.023320
vn -0.484442 0.872246 0.067109
vn -0.470045 0.875659 0.110811
vn -0.450475 0.879424 0.153898
vn -0.425630 0.883462 0.195791
vn -0.395493 0.887667 0.235865
vn -0.360150 0.891914 0.273462
vn -0.319806 0.896058 0.307903
vn -0.274799 0.899942 0.338511
vn -0.225607 0.903405 0.364637
vn -0.172848 0.906294 0.385687
vn -0.117274 0.908472 0.401156
vn -0.059745 0.909831 0.410656
vn -0.001202 0.945163 0.326598
vn 0.050548 0.944701 0.324013
vn 0.101471 0.943299 0.316056
vn 0.150749 0.941016 0.302926
vn 0.197634 0.937951 0.284938
vn 0.241465 0.934230 0.262507
vn 0.281693 0.929996 0.236127
vn 0.317883 0.925404 0.206342
vn 0.349722 0.920605 0.173728
vn 0.377009 0.915741 0.138862
vn 0.399648 0.910941 0.102314
vn 0.417635 0.906314 0.064627
vn 0.431043 0.901948 0.026309
vn 0.440012 0.897910 -0.012172
vn 0.444731 0.894245 -0.050396
vn 0.445431 0.890982 -0.087987
vn 0.442374 0.888130 -0.124617
vn 0.435841 0.885687 -0.160005
vn 0.426129 0.883636 -0.193913
vn 0.413540 0.881954 -0.226146
vn 0.398373 0.880608 -0.256569
vn 0.380858 0.879576 -0.285120
vn 0.361240 0.878861 -0.311623
vn 0.339761 0.878415 -0.336079
vn 0.316529 0.878226 -0.358509
vn 0.291505 0.878300 -0.378964
vn 0.264418 0.878661 -0.397539
vn 0.234673 0.879338 -0.414360
vn 0.201333 0.880314 -0.429549
vn 0.163358 0.881441 -0.443144
vn 0.120356 0.882329 -0.454984
vn 0.073935 0.882386 -0.464681
vn 0.029072 0.881209 -0.471832
vn -0.006080 0.879175 -0.476460
vn -0.023302 0.877414 -0.479168
vn -0.019534 0.876707 -0.480628
vn -0.000832 0.876704 -0.481029
vn 0.018822 0.876876 -0.480348
vn 0.024671 0.877616 -0.478730
vn 0.009142 0.879363 -0.476064
vn -0.025586 0.881428 -0.471625
vn -0.071082 0.882624 -0.464675
vn -0.118446 0.882516 -0.455123
vn -0.162146 0.881540 -0.443391
vn -0.200433 0.880345 -0.429906
vn -0.233815 0.879340 -0.414840
vn -0.263485 0.878664 -0.398152
vn -0.290483 0.878316 -0.379712
vn -0.315450 0.878255 -0.359388
vn -0.338667 0.878452 -0.337085
vn -0.360171 0.878899 -0.312751
vn -0.379842 0.879622 -0.286331
vn -0.397413 0.880645 -0.257930
vn -0.412696 0.881972 -0.227610
vn -0.425415 0.883636 -0.195472
vn -0.435273 0.885667 -0.161650
vn -0.441969 0.888089 -0.126337
vn -0.445204 0.890918 -0.089768
vn -0.444696 0.894158 -0.052223
vn -0.440182 0.897799 -0.014027
vn -0.431429 0.901815 0.024447
vn -0.418245 0.906162 0.062779
vn -0.400489 0.910773 0.100506
vn -0.378081 0.915562 0.137120
vn -0.351023 0.920419 0.172080
vn -0.319405 0.925219 0.204817
vn -0.283423 0.929819 0.234752
vn -0.243385 0.934067 0.261310
vn -0.199719 0.937810 0.283945
vn -0.152970 0.940904 0.302160
vn -0.103792 0.943220 0.315535
vn -0.052932 0.944661 0.323749
vn -0.001190 0.969643 0.244523
vn 0.044003 0.969191 0.242346
vn 0.088504 0.967809 0.235611
vn 0.131625 0.965550 0.224473
vn 0.172731 0.962499 0.209187
vn 0.211258 0.958768 0.190088
vn 0.246730 0.954485 0.167577
vn 0.278764 0.949789 0.142099
vn 0.307075 0.944818 0.114128
vn 0.331473 0.939705 0.084147
vn 0.351856 0.934573 0.052635
vn 0.368202 0.929529 0.020053
vn 0.380557 0.924664 -0.013163
vn 0.389025 0.920047 -0.046609
vn 0.393757 0.915734 -0.079918
vn 0.394941 0.911760 -0.112761
vn 0.392794 0.908147 -0.144849
vn 0.387553 0.904904 -0.175930
vn 0.379468 0.902028 -0.205791
vn 0.368799 0.899506 -0.234256
vn 0.355804 0.897319 -0.261195
vn 0.340603 0.895425 -0.286712
vn 0.323283 0.893896 -0.310544
vn 0.304053 0.892731 -0.332542
vn 0.282952 0.891869 -0.352857
vn 0.259824 0.891316 -0.371548
vn 0.234301 0.891074 -0.388704
vn 0.205790 0.891113 -0.404436
vn 0.173576 0.891322 -0.418828
vn 0.137181 0.891441 -0.431872
vn 0.097087 0.891046 -0.443408
vn 0.055680 0.889697 -0.453144
vn 0.017809 0.887304 -0.460840
vn -0.010009 0.884447 -0.466534
vn -0.022174 0.882116 -0.470510
vn -0.017445 0.880914 -0.472954
vn -0.001134 0.880655 -0.473756
vn 0.016077 0.881021 -0.472805
vn 0.022890 0.882227 -0.470268
vn 0.012707 0.884528 -0.466314
vn -0.014167 0.887419 -0.460745
vn -0.052220 0.889878 -0.453201
vn -0.094415 0.891244 -0.443587
vn -0.135333 0.891592 -0.432144
vn -0.172288 0.891401 -0.419192
vn -0.204769 0.891133 -0.404909
vn -0.233350 0.891062 -0.389303
vn -0.258855 0.891292 -0.372280
vn -0.281949 0.891843 -0.353726
vn -0.303035 0.892704 -0.333542
vn -0.322271 0.893887 -0.311620
vn -0.339604 0.895425 -0.287895
vn -0.354857 0.897289 -0.262579
vn -0.367973 0.899459 -0.235730
vn -0.378775 0.901961 -0.207355
vn -0.387007 0.904816 -0.177576
vn -0.392412 0.908037 -0.146566
vn -0.394738 0.911627 -0.114535
vn -0.393746 0.915578 -0.081733
vn -0.389219 0.919870 -0.048448
vn -0.380966 0.924467 -0.015005
vn -0.368834 0.929317 0.018230
vn -0.352715 0.934348 0.050855
vn -0.332559 0.939473 0.082436
vn -0.308386 0.944584 0.112513
vn -0.280291 0.949561 0.140607
vn -0.248460 0.954271 0.166236
vn -0.213173 0.958575 0.188924
vn -0.174805 0.962334 0.208223
vn -0.133829 0.965419 0.223730
vn -0.090805 0.967719 0.235105
vn -0.046364 0.969145 0.242091
vn -0.001174 0.985697 0.168521
vn 0.037804 0.985279 0.166720
vn 0.076215 0.983989 0.161111
vn 0.113494 0.981871 0.151817
vn 0.149114 0.978997 0.139034
vn 0.182601 0.975460 0.123026
vn 0.213550 0.971369 0.104109
vn 0.241631 0.966843 0.082640
vn 0.266588 0.962003 0.058999
vn 0.288244 0.956968 0.033579
vn 0.306493 0.951849 0.006774
vn 0.321296 0.946745 -0.021033
vn 0.332673 0.941744 -0.049477
vn 0.340693 0.936916 -0.078214
vn 0.345468 0.932319 -0.106929
vn 0.347144 0.927995 -0.135339
vn 0.345894 0.923973 -0.163188
vn 0.341910 0.920272 -0.190257
vn 0.335396 0.916897 -0.216353
vn 0.326567 0.913849 -0.241317
vn 0.315639 0.911119 -0.265018
vn 0.302782 0.908621 -0.287629
vn 0.287573 0.906360 -0.309536
vn 0.270160 0.904689 -0.329472
vn 0.250762 0.903351 -0.347958
vn 0.229146 0.902303 -0.365160
vn 0.204959 0.901506 -0.381155
vn 0.177774 0.900868 -0.396022
vn 0.147271 0.900208 -0.409802
vn 0.113596 0.899239 -0.422452
vn 0.077889 0.897626 -0.433822
vn 0.042757 0.895155 -0.443700
vn 0.012269 0.891975 -0.451918
vn -0.008967 0.888684 -0.458432
vn -0.017620 0.886048 -0.463259
vn -0.013643 0.884519 -0.466306
vn -0.001295 0.884069 -0.467355
vn 0.011828 0.884555 -0.466286
vn 0.017691 0.886059 -0.463235
vn 0.011054 0.888652 -0.458448
vn -0.008876 0.891963 -0.452021
vn -0.039049 0.895222 -0.443907
vn -0.074611 0.897763 -0.434114
vn -0.111048 0.899389 -0.422809
vn -0.145399 0.900319 -0.410224
vn -0.176372 0.900921 -0.396528
vn -0.203818 0.901506 -0.381766
vn -0.228125 0.902265 -0.365893
vn -0.249789 0.903288 -0.348822
vn -0.269214 0.904607 -0.330469
vn -0.286677 0.906386 -0.310291
vn -0.301641 0.908581 -0.288952
vn -0.314729 0.911025 -0.266418
vn -0.325774 0.913739 -0.242802
vn -0.334738 0.916766 -0.217923
vn -0.341402 0.920119 -0.191902
vn -0.345552 0.923798 -0.164898
vn -0.346981 0.927797 -0.137100
vn -0.345497 0.932100 -0.108725
vn -0.340925 0.936678 -0.080027
vn -0.333118 0.941489 -0.051288
vn -0.321960 0.946478 -0.022820
vn -0.307380 0.951574 0.005035
vn -0.289353 0.956690 0.031912
vn -0.267915 0.961729 0.057430
vn -0.243166 0.966580 0.081195
vn -0.215281 0.971125 0.102813
vn -0.184507 0.975242 0.121903
vn -0.151172 0.978812 0.138106
vn -0.115676 0.981726 0.151103
vn -0.078489 0.983890 0.160626
vn -0.040134 0.985229 0.166475
vn -0.001156 0.995113 0.098736
vn 0.031981 0.994744 0.097275
vn 0.064666 0.993593 0.092686
vn 0.096441 0.991697 0.085062
vn 0.126881 0.989112 0.074553
vn 0.155597 0.985913 0.061359
vn 0.182251 0.982188 0.045724
vn 0.206563 0.978035 0.027925
vn 0.228308 0.973554 0.008260
vn 0.247325 0.968846 -0.012959
vn 0.263507 0.964007 -0.035417
vn 0.276802 0.959126 -0.058804
vn 0.287208 0.954281 -0.082819
vn 0.294762 0.949541 -0.107177
vn 0.299541 0.944962 -0.131614
vn 0.301651 0.940588 -0.155888
vn 0.301222 0.936453 -0.179779
vn 0.298402 0.932582 -0.203095
vn 0.293354 0.928988 -0.225666
vn 0.286248 0.925679 -0.247347
vn 0.277262 0.922655 -0.268018
vn 0.266563 0.919900 -0.287626
vn 0.253847 0.917033 -0.307592
vn 0.238134 0.914419 -0.327307
vn 0.220122 0.912727 -0.344204
vn 0.199888 0.911235 -0.360132
vn 0.177214 0.909870 -0.375142
vn 0.151947 0.908504 -0.389272
vn 0.124187 0.906951 -0.402515
vn 0.094540 0.904987 -0.414802
vn 0.064396 0.902432 -0.425993
vn 0.036038 0.899267 -0.435912
vn 0.012400 0.895746 -0.444394
vn -0.003680 0.892364 -0.451301
vn -0.010541 0.889665 -0.456492
vn -0.008714 0.887995 -0.459770
vn -0.001295 0.887438 -0.460926
vn 0.006733 0.887965 -0.459863
vn 0.010105 0.889577 -0.456674
vn 0.005060 0.892220 -0.451573
vn -0.009591 0.895601 -0.444755
vn -0.032529 0.899187 -0.436353
vn -0.060886 0.902440 -0.426490
vn -0.091474 0.905057 -0.415336
vn -0.121716 0.907033 -0.403083
vn -0.150023 0.908559 -0.389888
vn -0.175703 0.909879 -0.375832
vn -0.198654 0.911195 -0.360917
vn -0.219064 0.912642 -0.345102
vn -0.237198 0.914589 -0.327511
vn -0.252478 0.917055 -0.308652
vn -0.265579 0.919724 -0.289094
vn -0.276388 0.922506 -0.269430
vn -0.285499 0.925509 -0.248845
vn -0.292743 0.928796 -0.227242
vn -0.297945 0.932368 -0.204740
vn -0.300932 0.936218 -0.181481
vn -0.301542 0.940332 -0.157633
vn -0.299624 0.944687 -0.133387
vn -0.295046 0.949250 -0.108960
vn -0.287701 0.953977 -0.084592
vn -0.277510 0.958813 -0.060547
vn -0.264430 0.963691 -0.037108
vn -0.248463 0.968532 -0.014573
vn -0.229655 0.973249 0.006746
vn -0.208109 0.977746 0.026535
vn -0.183982 0.981923 0.044481
vn -0.157494 0.985678 0.060284
vn -0.128921 0.988915 0.073666
vn -0.098598 0.991543 0.084381
vn -0.066907 0.993488 0.092224
vn -0.034275 0.994690 0.097041
vn -0.001137 0.999390 0.034898
vn 0.026527 0.999079 0.033739
vn 0.053839 0.998097 0.030062
vn 0.080442 0.996472 0.023934
vn 0.105995 0.994246 0.015467
vn 0.130191 0.991477 0.004808
vn 0.152755 0.988233 -0.007861
vn 0.173453 0.984589 -0.022331
vn 0.192094 0.980626 -0.038376
vn 0.208534 0.976425 -0.055755
vn 0.222670 0.972064 -0.074223
vn 0.234443 0.967620 -0.093535
vn 0.243831 0.963159 -0.113451
vn 0.250849 0.958743 -0.133742
vn 0.255540 0.954424 -0.154190
vn 0.257974 0.950246 -0.174593
vn 0.258244 0.946243 -0.194766
vn 0.256458 0.942444 -0.214545
vn 0.252738 0.938866 -0.233780
vn 0.247216 0.935525 -0.252344
vn 0.240029 0.932426 -0.270127
vn 0.231316 0.929572 -0.287035
vn 0.221061 0.926793 -0.303621
vn 0.208716 0.923247 -0.322571
vn 0.192169 0.919759 -0.342221
vn 0.173517 0.917865 -0.356955
vn 0.152886 0.915962 -0.370999
vn 0.130384 0.913937 -0.384343
vn 0.106385 0.911658 -0.396941
vn 0.081653 0.909010 -0.408697
vn 0.057420 0.905950 -0.419474
vn 0.035331 0.902565 -0.429101
vn 0.017187 0.899103 -0.437399
vn 0.004481 0.895924 -0.444184
vn -0.002149 0.893394 -0.449268
vn -0.003348 0.891778 -0.452460
vn -0.001133 0.891202 -0.453605
vn 0.001519 0.891693 -0.452639
vn 0.001465 0.893220 -0.449617
vn -0.003714 0.895679 -0.444685
vn -0.015109 0.898835 -0.438027
vn -0.032383 0.902332 -0.429823
vn -0.054130 0.905791 -0.420253
vn -0.078458 0.908928 -0.409504
vn -0.103548 0.911627 -0.397761
vn -0.128003 0.913920 -0.385182
vn -0.150943 0.915929 -0.371874
vn -0.171944 0.917796 -0.357890
vn -0.191254 0.920351 -0.341139
vn -0.206451 0.923391 -0.323616
vn -0.219736 0.926476 -0.305545
vn -0.230377 0.929378 -0.288414
vn -0.239203 0.932221 -0.271563
vn -0.246521 0.935298 -0.253859
vn -0.252187 0.938619 -0.235365
vn -0.256064 0.942175 -0.216190
vn -0.258019 0.945954 -0.196460
vn -0.257930 0.949938 -0.176321
vn -0.255686 0.954101 -0.155937
vn -0.251194 0.958407 -0.135491
vn -0.244382 0.962814 -0.115184
vn -0.235201 0.967270 -0.095230
vn -0.223637 0.971716 -0.075860
vn -0.209706 0.976083 -0.057312
vn -0.193466 0.980298 -0.039831
vn -0.175012 0.984282 -0.023663
vn -0.154488 0.987953 -0.009049
vn -0.132080 0.991232 0.003784
vn -0.108018 0.994041 0.014625
vn -0.082571 0.996313 0.023289
vn -0.056048 0.997988 0.029625
vn -0.028784 0.999024 0.033518
vn -0.001117 0.999724 -0.023486
vn 0.021413 0.999473 -0.024377
vn 0.043679 0.998674 -0.027244
vn 0.065408 0.997344 -0.032040
vn 0.086341 0.995514 -0.038685
vn 0.106238 0.993226 -0.047074
vn 0.124884 0.990528 -0.057076
vn 0.142090 0.987478 -0.068540
vn 0.157699 0.984135 -0.081300
vn 0.171587 0.980561 -0.095176
vn 0.183658 0.976818 -0.109986
vn 0.193852 0.972965 -0.125543
vn 0.202136 0.969058 -0.141662
vn 0.208503 0.965148 -0.158162
vn 0.212972 0.961282 -0.174872
vn 0.215584 0.957498 -0.191628
vn 0.216397 0.953830 -0.208280
vn 0.215485 0.950306 -0.224689
vn 0.212933 0.946947 -0.240729
vn 0.208837 0.943771 -0.256288
vn 0.203298 0.940789 -0.271269
vn 0.196424 0.938008 -0.285586
vn 0.188322 0.935432 -0.299167
vn 0.179153 0.932847 -0.312572
vn 0.166448 0.928312 -0.332462
vn 0.151891 0.923521 -0.352191
vn 0.133718 0.919829 -0.368828
vn 0.114623 0.917402 -0.381098
vn 0.094860 0.914760 -0.392702
vn 0.075077 0.911880 -0.403531
vn 0.056130 0.908797 -0.413445
vn 0.038996 0.905625 -0.422283
vn 0.024603 0.902554 -0.429873
vn 0.013605 0.899823 -0.436044
vn 0.006149 0.897667 -0.440631
vn 0.001725 0.896275 -0.443496
vn -0.000821 0.895758 -0.444542
vn -0.003084 0.896155 -0.443730
vn -0.006745 0.897437 -0.441090
vn -0.013176 0.899506 -0.436710
vn -0.023147 0.902190 -0.430718
vn -0.036726 0.905261 -0.423266
vn -0.053368 0.908474 -0.414520
vn -0.072149 0.911618 -0.404658
vn -0.092024 0.914556 -0.393851
vn -0.112043 0.917238 -0.382258
vn -0.132946 0.920714 -0.366894
vn -0.147353 0.924276 -0.352139
vn -0.163996 0.928263 -0.333817
vn -0.178002 0.932070 -0.315532
vn -0.187294 0.935097 -0.300855
vn -0.195530 0.937771 -0.286971
vn -0.202530 0.940531 -0.272733
vn -0.208206 0.943492 -0.257822
vn -0.212451 0.946648 -0.242325
vn -0.215164 0.949988 -0.226336
vn -0.216248 0.953494 -0.209966
vn -0.215617 0.957146 -0.193340
vn -0.213194 0.960918 -0.176593
vn -0.208920 0.964776 -0.159876
vn -0.202752 0.968681 -0.143351
vn -0.194670 0.972588 -0.127188
vn -0.184675 0.976446 -0.111568
vn -0.172799 0.980201 -0.096674
vn -0.159099 0.983793 -0.082694
vn -0.143666 0.987161 -0.069812
vn -0.126622 0.990242 -0.058206
vn -0.108120 0.992976 -0.048045
vn -0.088345 0.995307 -0.039481
vn -0.067511 0.997184 -0.032649
vn -0.045854 0.998565 -0.027656
vn -0.023632 0.999418 -0.024585
vn -0.001098 0.997032 -0.076984
vn 0.016599 0.996843 -0.077639
vn 0.034106 0.996228 -0.079788
vn 0.051226 0.995199 -0.083399
vn 0.067768 0.993775 -0.088421
vn 0.083553 0.991986 -0.094781
vn 0.098420 0.989864 -0.102389
vn 0.112224 0.987448 -0.111141
vn 0.124841 0.984781 -0.120920
vn 0.136168 0.981906 -0.131601
vn 0.146123 0.978869 -0.143053
vn 0.154647 0.975713 -0.155139
vn 0.161703 0.972482 -0.167725
vn 0.167271 0.969215 -0.180674
vn 0.171351 0.965949 -0.193857
vn 0.173961 0.962719 -0.207148
vn 0.175132 0.959552 -0.220428
vn 0.174907 0.956475 -0.233586
vn 0.173342 0.953510 -0.246520
vn 0.170499 0.950673 -0.259135
vn 0.166450 0.947979 -0.271348
vn 0.161270 0.945439 -0.283084
vn 0.155037 0.943061 -0.294278
vn 0.147832 0.940850 -0.304871
vn 0.139749 0.938761 -0.314957
vn 0.130146 0.935054 -0.329751
vn 0.116088 0.929441 -0.350234
vn 0.099624 0.923725 -0.369873
vn 0.087626 0.919870 -0.382309
vn 0.075008 0.915852 -0.394448
vn 0.057694 0.911750 -0.406673
vn 0.043987 0.909121 -0.414203
vn 0.031840 0.906679 -0.420618
vn 0.021485 0.904567 -0.425790
vn 0.012908 0.902923 -0.429608
vn 0.005807 0.901861 -0.431986
vn -0.000386 0.901456 -0.432871
vn -0.006415 0.901734 -0.432243
vn -0.013064 0.902679 -0.430116
vn -0.021006 0.904225 -0.426539
vn -0.030674 0.906270 -0.421585
vn -0.042208 0.908680 -0.415355
vn -0.058789 0.912329 -0.405215
vn -0.070827 0.916420 -0.393902
vn -0.082852 0.920427 -0.382034
vn -0.094572 0.924252 -0.369884
vn -0.113508 0.929086 -0.352017
vn -0.130560 0.933851 -0.332981
vn -0.137313 0.937378 -0.320105
vn -0.146733 0.940571 -0.306260
vn -0.154077 0.942797 -0.295626
vn -0.160433 0.945153 -0.284511
vn -0.165747 0.947673 -0.272845
vn -0.169941 0.950347 -0.260694
vn -0.172939 0.953165 -0.248131
vn -0.174669 0.956114 -0.235238
vn -0.175068 0.959176 -0.222109
vn -0.174079 0.962331 -0.208844
vn -0.171656 0.965553 -0.195552
vn -0.167767 0.968815 -0.182353
vn -0.162392 0.972082 -0.169370
vn -0.155529 0.975318 -0.156734
vn -0.147195 0.978484 -0.144578
vn -0.137424 0.981537 -0.133040
vn -0.126273 0.984434 -0.122253
vn -0.113820 0.987128 -0.112351
vn -0.100165 0.989577 -0.103461
vn -0.085429 0.991738 -0.095699
vn -0.069756 0.993571 -0.089173
vn -0.053303 0.995041 -0.083973
vn -0.036249 0.996121 -0.080175
vn -0.018781 0.996789 -0.077834
vn -0.001080 0.992015 -0.126114
vn 0.012048 0.991886 -0.126560
vn 0.025051 0.991448 -0.128073
vn 0.037791 0.990710 -0.130634
vn 0.050139 0.989684 -0.134210
vn 0.061970 0.988386 -0.138756
vn 0.073170 0.986838 -0.144214
vn 0.083634 0.985063 -0.150518
vn 0.093271 0.983090 -0.157591
vn 0.102002 0.980946 -0.165352
vn 0.109761 0.978661 -0.173711
vn 0.116498 0.976265 -0.182579
vn 0.122174 0.973788 -0.191861
vn 0.126765 0.971258 -0.201464
vn 0.130261 0.968704 -0.211295
vn 0.132660 0.966149 -0.221263
vn 0.133975 0.963618 -0.231281
vn 0.134227 0.961132 -0.241265
vn 0.133445 0.958709 -0.251137
vn 0.131667 0.956366 -0.260823
vn 0.128934 0.954117 -0.270255
vn 0.125297 0.951973 -0.279371
vn 0.120807 0.949945 -0.288115
vn 0.115519 0.948041 -0.296436
vn 0.109492 0.946266 -0.304291
vn 0.102785 0.944625 -0.311639
vn 0.095249 0.942880 -0.319225
vn 0.085146 0.939168 -0.332735
vn 0.080109 0.935914 -0.342998
vn 0.073832 0.932508 -0.353522
vn 0.056072 0.927551 -0.369467
vn 0.037435 0.923072 -0.382800
vn 0.029265 0.920894 -0.388714
vn 0.021415 0.919070 -0.393511
vn 0.013951 0.917694 -0.397042
vn 0.006858 0.916839 -0.399199
vn 0.000043 0.916551 -0.399918
vn -0.006642 0.916846 -0.399185
vn -0.013366 0.917708 -0.397030
vn -0.020277 0.919088 -0.393530
vn -0.027464 0.920914 -0.388798
vn -0.034941 0.923094 -0.382983
vn -0.054608 0.926688 -0.371843
vn -0.074027 0.930783 -0.357998
vn -0.080641 0.934270 -0.347328
vn -0.085976 0.937662 -0.336745
vn -0.090291 0.940914 -0.326385
vn -0.101177 0.944195 -0.313464
vn -0.108349 0.945998 -0.305530
vn -0.114490 0.947751 -0.297760
vn -0.119900 0.949634 -0.289517
vn -0.124524 0.951641 -0.280843
vn -0.128305 0.953765 -0.271789
vn -0.131190 0.955997 -0.262410
vn -0.133130 0.958324 -0.252767
vn -0.134081 0.960734 -0.242925
vn -0.134005 0.963210 -0.232959
vn -0.132871 0.965733 -0.222945
vn -0.130656 0.968284 -0.212966
vn -0.127347 0.970840 -0.203109
vn -0.122941 0.973374 -0.193464
vn -0.117449 0.975861 -0.184123
vn -0.110892 0.978271 -0.175181
vn -0.103305 0.980576 -0.166730
vn -0.094736 0.982745 -0.158863
vn -0.085250 0.984748 -0.151668
vn -0.074922 0.986557 -0.145229
vn -0.063841 0.988145 -0.139623
vn -0.052111 0.989486 -0.134918
vn -0.039844 0.990559 -0.131173
vn -0.027162 0.991346 -0.128436
vn -0.014196 0.991834 -0.126742
vn -0.001062 0.985246 -0.171139
vn 0.007750 0.985171 -0.171401
vn 0.016487 0.984897 -0.172353
vn 0.025068 0.984429 -0.173985
vn 0.033410 0.983773 -0.176279
vn 0.041436 0.982938 -0.179209
vn 0.049074 0.981935 -0.182743
vn 0.056256 0.980778 -0.186843
vn 0.062920 0.979481 -0.191464
vn 0.069014 0.978060 -0.196560
vn 0.074490 0.976533 -0.202077
vn 0.079309 0.974917 -0.207960
vn 0.083440 0.973230 -0.214152
vn 0.086860 0.971490 -0.220596
vn 0.089553 0.969715 -0.227231
vn 0.091512 0.967920 -0.234000
vn 0.092734 0.966123 -0.240844
vn 0.093226 0.964339 -0.247708
vn 0.092998 0.962581 -0.254536
vn 0.092068 0.960863 -0.261278
vn 0.090458 0.959195 -0.267884
vn 0.088194 0.957589 -0.274308
vn 0.085305 0.956054 -0.280507
vn 0.081825 0.954597 -0.286442
vn 0.077789 0.953227 -0.292075
vn 0.073236 0.951948 -0.297375
vn 0.068205 0.950766 -0.302310
vn 0.062737 0.949686 -0.306856
vn 0.056874 0.948710 -0.310989
vn 0.050658 0.947843 -0.314687
vn 0.044032 0.947055 -0.318039
vn 0.030197 0.944547 -0.326984
vn 0.025365 0.942828 -0.332314
vn 0.019782 0.941361 -0.336820
vn 0.013593 0.940220 -0.340297
vn 0.006977 0.939463 -0.342580
vn 0.000131 0.939131 -0.343558
vn -0.006734 0.939244 -0.343185
vn -0.013411 0.939794 -0.341478
vn -0.019706 0.940752 -0.338522
vn -0.025444 0.942068 -0.334457
vn -0.030483 0.943675 -0.329467
vn -0.034710 0.945500 -0.323766
vn -0.048951 0.947631 -0.315594
vn -0.055356 0.948496 -0.311916
vn -0.061306 0.949446 -0.307887
vn -0.066871 0.950501 -0.303440
vn -0.072009 0.951659 -0.298597
vn -0.076680 0.952914 -0.293385
vn -0.080842 0.954263 -0.287831
vn -0.084458 0.955699 -0.281969
vn -0.087493 0.957215 -0.275833
vn -0.089910 0.958805 -0.269462
vn -0.091682 0.960458 -0.262899
vn -0.092779 0.962164 -0.256188
vn -0.093179 0.963913 -0.249378
vn -0.092864 0.965691 -0.242521
vn -0.091822 0.967486 -0.235669
vn -0.090044 0.969282 -0.228878
vn -0.087532 0.971062 -0.222207
vn -0.084290 0.972812 -0.215713
vn -0.080332 0.974513 -0.209455
vn -0.075681 0.976147 -0.203492
vn -0.070365 0.977697 -0.197881
vn -0.064420 0.979145 -0.192678
vn -0.057893 0.980474 -0.187935
vn -0.050834 0.981666 -0.183703
vn -0.043304 0.982708 -0.180026
vn -0.035368 0.983585 -0.176944
vn -0.027097 0.984286 -0.174491
vn -0.018569 0.984801 -0.172693
vn -0.009863 0.985122 -0.171572
vn -0.001044 0.977495 -0.210956
vn 0.003831 0.977465 -0.211061
vn 0.008672 0.977332 -0.211536
vn 0.013438 0.977096 -0.212375
vn 0.018087 0.976760 -0.213571
vn 0.022580 0.976328 -0.215113
vn 0.026878 0.975805 -0.216985
vn 0.030946 0.975196 -0.219169
vn 0.034751 0.974508 -0.221646
vn 0.038262 0.973747 -0.224392
vn 0.041452 0.972923 -0.227383
vn 0.044297 0.972042 -0.230591
vn 0.046777 0.971114 -0.233988
vn 0.048877 0.970146 -0.237544
vn 0.050581 0.969149 -0.241230
vn 0.051882 0.968131 -0.245013
vn 0.052775 0.967100 -0.248863
vn 0.053255 0.966065 -0.252750
vn 0.053326 0.965034 -0.256642
vn 0.052992 0.964016 -0.260510
vn 0.052259 0.963017 -0.264325
vn 0.051139 0.962044 -0.268058
vn 0.049644 0.961105 -0.271684
vn 0.047789 0.960205 -0.275177
vn 0.045593 0.959350 -0.278513
vn 0.043074 0.958544 -0.281670
vn 0.040253 0.957793 -0.284627
vn 0.037154 0.957100 -0.287366
vn 0.033800 0.956469 -0.289870
vn 0.030217 0.955903 -0.292123
vn 0.026429 0.955405 -0.294113
vn 0.022465 0.954978 -0.295826
vn 0.018351 0.954622 -0.297254
vn 0.014115 0.954340 -0.298388
vn 0.009787 0.954133 -0.299222
vn 0.005395 0.954002 -0.299751
vn 0.000967 0.953948 -0.299972
vn -0.003467 0.953969 -0.299884
vn -0.007878 0.954068 -0.299487
vn -0.012238 0.954242 -0.298784
vn -0.016517 0.954492 -0.297779
vn -0.020686 0.954816 -0.296477
vn -0.024718 0.955213 -0.294885
vn -0.028585 0.955681 -0.293014
vn -0.032260 0.956218 -0.290873
vn -0.035716 0.956821 -0.288475
vn -0.038927 0.957488 -0.285836
vn -0.041871 0.958214 -0.282971
vn -0.044522 0.958997 -0.279898
vn -0.046860 0.959831 -0.276637
vn -0.048864 0.960713 -0.273209
vn -0.050516 0.961636 -0.269638
vn -0.051799 0.962595 -0.265948
vn -0.052701 0.963583 -0.262165
vn -0.053208 0.964594 -0.258317
vn -0.053313 0.965620 -0.254432
vn -0.053010 0.966654 -0.250540
vn -0.052296 0.967687 -0.246671
vn -0.051171 0.968712 -0.242855
vn -0.049640 0.969719 -0.239123
vn -0.047710 0.970701 -0.235508
vn -0.045393 0.971647 -0.232039
vn -0.042703 0.972549 -0.228745
vn -0.039660 0.973399 -0.225658
vn -0.036285 0.974188 -0.222802
vn -0.032604 0.974908 -0.220206
vn -0.028646 0.975552 -0.217892
vn -0.024443 0.976113 -0.215883
vn -0.020030 0.976585 -0.214197
vn -0.015444 0.976963 -0.212850
vn -0.010723 0.977242 -0.211855
vn -0.005909 0.977420 -0.211222
vn -0.001024 0.971084 -0.238736
vn 0.001024 0.971084 -0.238736
vn 0.003065 0.971043 -0.238886
vn 0.005081 0.970961 -0.239185
vn 0.007058 0.970839 -0.239630
vn 0.008979 0.970677 -0.240218
vn 0.010830 0.970478 -0.240945
vn 0.012597 0.970244 -0.241803
vn 0.014265 0.969975 -0.242787
vn 0.015822 0.969674 -0.243889
vn 0.017256 0.969344 -0.245100
vn 0.018556 0.968988 -0.246409
vn 0.019712 0.968608 -0.247808
vn 0.020716 0.968208 -0.249285
vn 0.021560 0.967791 -0.250829
vn 0.022238 0.967360 -0.252427
vn 0.022745 0.966919 -0.254067
vn 0.023078 0.966471 -0.255737
vn 0.023235 0.966019 -0.257423
vn 0.023214 0.965568 -0.259113
vn 0.023018 0.965120 -0.260794
vn 0.022647 0.964679 -0.262453
vn 0.022105 0.964248 -0.264078
vn 0.021396 0.963830 -0.265657
vn 0.020526 0.963429 -0.267177
vn 0.019502 0.963047 -0.268627
vn 0.018332 0.962686 -0.269998
vn 0.017025 0.962351 -0.271278
vn 0.015591 0.962041 -0.272458
vn 0.014041 0.961761 -0.273529
vn 0.012387 0.961512 -0.274484
vn 0.010640 0.961295 -0.275317
vn 0.008815 0.961112 -0.276019
vn 0.006925 0.960964 -0.276588
vn 0.004983 0.960852 -0.277018
vn 0.003005 0.960777 -0.277306
vn 0.001004 0.960739 -0.277451
vn -0.001004 0.960739 -0.277451
vn -0.003005 0.960777 -0.277306
vn -0.004983 0.960852 -0.277018
vn -0.006925 0.960964 -0.276588
vn -0.008815 0.961112 -0.276019
vn -0.010640 0.961295 -0.275317
vn -0.012387 0.961512 -0.274484
vn -0.014041 0.961761 -0.273529
vn -0.015591 0.962041 -0.272458
vn -0.017025 0.962351 -0.271278
vn -0.018332 0.962686 -0.269998
vn -0.019502 0.963047 -0.268627
vn -0.020526 0.963429 -0.267177
vn -0.021396 0.963830 -0.265657
vn -0.022105 0.964248 -0.264078
vn -0.022647 0.964679 -0.262453
vn -0.023018 0.965120 -0.260794
vn -0.023214 0.965568 -0.259113
vn -0.023235 0.966019 -0.257423
vn -0.023078 0.966471 -0.255737
vn -0.022745 0.966919 -0.254067
vn -0.022238 0.967360 -0.252427
vn -0.021560 0.967791 -0.250829
vn -0.020716 0.968208 -0.249285
vn -0.019712 0.968608 -0.247808
vn -0.018556 0.968988 -0.246409
vn -0.017256 0.969344 -0.245100
vn -0.015822 0.969674 -0.243889
vn -0.014265 0.969975 -0.242787
vn -0.012597 0.970244 -0.241803
vn -0.010830 0.970478 -0.240945
vn -0.008979 0.970677 -0.240218
vn -0.007058 0.970839 -0.239630
vn -0.005081 0.970961 -0.239185
vn -0.003065 0.971043 -0.238886
vn -0.016063 0.155008 -0.987783
vn -0.112009 0.154846 -0.981569
vn -0.206498 0.154325 -0.966200
vn -0.298352 0.153467 -0.942037
vn -0.386513 0.152306 -0.909621
vn -0.470076 0.150885 -0.869633
vn -0.548311 0.149249 -0.822848
vn -0.620667 0.147448 -0.770085
vn -0.686761 0.145532 -0.712166
vn -0.746359 0.143547 -0.649879
vn -0.799351 0.141534 -0.583958
vn -0.845720 0.139529 -0.515062
vn -0.885517 0.137565 -0.443775
vn -0.918831 0.135664 -0.370600
vn -0.945774 0.133846 -0.295967
vn -0.966455 0.132125 -0.220244
vn -0.980971 0.130510 -0.143746
vn -0.989395 0.129006 -0.066746
vn -0.991768 0.127616 0.010505
vn -0.988097 0.126338 0.087770
vn -0.978351 0.125168 0.164810
vn -0.962465 0.124103 0.241369
vn -0.940345 0.123135 0.317159
vn -0.911871 0.122258 0.391846
vn -0.876917 0.121463 0.465041
vn -0.835358 0.120742 0.536282
vn -0.787094 0.120089 0.605030
vn -0.732076 0.119496 0.670661
vn -0.670329 0.118958 0.732467
vn -0.601986 0.118470 0.789669
vn -0.527317 0.118030 0.841431
vn -0.446757 0.117636 0.886888
vn -0.360922 0.117290 0.925191
vn -0.270619 0.116993 0.955551
vn -0.176835 0.116746 0.977292
vn -0.080711 0.116550 0.989900
vn 0.016500 0.116400 0.993065
vn 0.113488 0.116299 0.986709
vn 0.208960 0.116254 0.970990
vn 0.301694 0.116270 0.946289
vn 0.390596 0.116353 0.913179
vn 0.474739 0.116503 0.872382
vn 0.553379 0.116721 0.824711
vn 0.625961 0.117009 0.771027
vn 0.692109 0.117368 0.712186
vn 0.751603 0.117803 0.649011
vn 0.804350 0.118317 0.582257
vn 0.850351 0.118917 0.512604
vn 0.889676 0.119607 0.440648
vn 0.922436 0.120395 0.366901
vn 0.948759 0.121285 0.291799
vn 0.968769 0.122284 0.215714
vn 0.982580 0.123397 0.138960
vn 0.990276 0.124630 0.061813
vn 0.991911 0.125985 -0.015478
vn 0.987504 0.127464 -0.092674
vn 0.977036 0.129066 -0.169537
vn 0.960454 0.130787 -0.245809
vn 0.937677 0.132620 -0.321206
vn 0.908603 0.134555 -0.395394
vn 0.873118 0.136574 -0.467987
vn 0.831118 0.138658 -0.538532
vn 0.782524 0.140779 -0.606497
vn 0.727303 0.142905 -0.671274
vn 0.665502 0.144998 -0.732177
vn 0.597268 0.147013 -0.788453
vn 0.522884 0.148904 -0.839297
vn 0.442787 0.150619 -0.883886
vn 0.357587 0.152111 -0.921409
vn 0.268075 0.153330 -0.951118
vn 0.175209 0.154239 -0.972375
vn 0.080095 0.154804 -0.984693
vn 0.002334 0.160214 -0.987080
vn -0.093191 0.160002 -0.982708
vn -0.187523 0.159387 -0.969242
vn -0.279491 0.158390 -0.946994
vn -0.368031 0.157043 -0.916455
vn -0.452220 0.155388 -0.878266
vn -0.531303 0.153472 -0.833165
vn -0.604696 0.151346 -0.781944
vn -0.671983 0.149060 -0.725410
vn -0.732898 0.146662 -0.664343
vn -0.787299 0.144193 -0.599474
vn -0.835144 0.141693 -0.531468
vn -0.876460 0.139193 -0.460915
vn -0.911323 0.136716 -0.388328
vn -0.939829 0.134283 -0.314148
vn -0.962080 0.131907 -0.238751
vn -0.978167 0.129597 -0.162461
vn -0.988160 0.127357 -0.085560
vn -0.992098 0.125190 -0.008299
vn -0.989988 0.123093 0.069080
vn -0.981798 0.121064 0.146340
vn -0.967464 0.119100 0.223225
vn -0.946885 0.117196 0.299455
vn -0.919942 0.115350 0.374702
vn -0.886497 0.113560 0.448584
vn -0.846416 0.111827 0.520649
vn -0.799584 0.110156 0.590365
vn -0.745932 0.108555 0.657116
vn -0.685462 0.107037 0.720198
vn -0.618278 0.105618 0.778831
vn -0.544619 0.104320 0.832170
vn -0.464888 0.103168 0.879338
vn -0.379672 0.102194 0.919459
vn -0.289751 0.101425 0.951713
vn -0.196087 0.100882 0.975383
vn -0.099807 0.100569 0.989911
vn -0.002167 0.100478 0.994937
vn 0.095504 0.100605 0.990332
vn 0.191874 0.100962 0.976213
vn 0.285683 0.101555 0.952928
vn 0.375795 0.102375 0.921031
vn 0.461237 0.103395 0.881232
vn 0.541219 0.104585 0.834352
vn 0.615150 0.105917 0.781264
vn 0.682618 0.107364 0.722846
vn 0.743380 0.108905 0.659944
vn 0.797325 0.110524 0.593344
vn 0.844448 0.112208 0.523752
vn 0.884818 0.113949 0.451789
vn 0.918546 0.115743 0.377990
vn 0.945769 0.117589 0.302809
vn 0.966623 0.119489 0.226633
vn 0.981231 0.121446 0.149789
vn 0.989693 0.123464 0.072562
vn 0.992076 0.125547 -0.004795
vn 0.988414 0.127698 -0.082043
vn 0.978702 0.129920 -0.158943
vn 0.962903 0.132210 -0.235242
vn 0.940947 0.134564 -0.310663
vn 0.912744 0.136975 -0.384884
vn 0.878194 0.139428 -0.457532
vn 0.837197 0.141905 -0.528171
vn 0.789678 0.144381 -0.596291
vn 0.735606 0.146825 -0.661307
vn 0.675018 0.149201 -0.722558
vn 0.608050 0.151465 -0.779316
vn 0.534961 0.153570 -0.830803
vn 0.456158 0.155466 -0.876213
vn 0.372216 0.157104 -0.914754
vn 0.283880 0.158434 -0.945680
vn 0.192064 0.159416 -0.968348
vn 0.097827 0.160016 -0.982255
vn 0.000878 0.153415 -0.988162
vn -0.094103 0.153163 -0.983710
vn -0.187904 0.152421 -0.970288
vn -0.279389 0.151211 -0.948197
vn -0.367517 0.149562 -0.917912
vn -0.451389 0.147515 -0.880050
vn -0.530260 0.145116 -0.835324
vn -0.603553 0.142412 -0.784502
vn -0.670852 0.139450 -0.728362
vn -0.731882 0.136276 -0.667666
vn -0.786493 0.132927 -0.603124
vn -0.834629 0.129437 -0.535388
vn -0.876304 0.125832 -0.465035
vn -0.911577 0.122132 -0.392571
vn -0.940529 0.118349 -0.318431
vn -0.963248 0.114491 -0.242990
vn -0.979812 0.110561 -0.166570
vn -0.990275 0.106557 -0.089452
vn -0.994665 0.102475 -0.011892
vn -0.992974 0.098309 0.065867
vn -0.985159 0.094054 0.143581
vn -0.971142 0.089707 0.220989
vn -0.950813 0.085268 0.297800
vn -0.924038 0.080745 0.373677
vn -0.890671 0.076151 0.448225
vn -0.850571 0.071511 0.520975
vn -0.803617 0.066862 0.591379
vn -0.749737 0.062254 0.658801
vn -0.688936 0.057754 0.722518
vn -0.621324 0.053439 0.781729
vn -0.547153 0.049404 0.835574
vn -0.466840 0.045752 0.883158
vn -0.380990 0.042593 0.923598
vn -0.290401 0.040034 0.956067
vn -0.196051 0.038161 0.979851
vn -0.099071 0.037026 0.994391
vn -0.000724 0.036649 0.999328
vn 0.097642 0.037034 0.994532
vn 0.194672 0.038184 0.980125
vn 0.289089 0.040079 0.956463
vn 0.379752 0.042663 0.924104
vn 0.465680 0.045844 0.883765
vn 0.546077 0.049515 0.836271
vn 0.620335 0.053566 0.782505
vn 0.688037 0.057894 0.723362
vn 0.748931 0.062406 0.659703
vn 0.802903 0.067023 0.592331
vn 0.849948 0.071679 0.521968
vn 0.890138 0.076325 0.449254
vn 0.923593 0.080922 0.374737
vn 0.950455 0.085447 0.298887
vn 0.970872 0.089885 0.222101
vn 0.984976 0.094231 0.144715
vn 0.992879 0.098482 0.067021
vn 0.994660 0.102643 -0.010720
vn 0.990364 0.106719 -0.088265
vn 0.979997 0.110716 -0.165371
vn 0.963535 0.114638 -0.241783
vn 0.940921 0.118487 -0.317221
vn 0.912079 0.122259 -0.391363
vn 0.876921 0.125949 -0.463838
vn 0.835367 0.129543 -0.534211
vn 0.787354 0.133022 -0.601979
vn 0.732869 0.136360 -0.666565
vn 0.671965 0.139524 -0.727321
vn 0.604790 0.142474 -0.783537
vn 0.531616 0.145168 -0.834452
vn 0.452855 0.147557 -0.879289
vn 0.369081 0.149595 -0.917279
vn 0.281033 0.151235 -0.947707
vn 0.189610 0.152437 -0.969954
vn 0.095846 0.153170 -0.983541
vn 0.000671 0.116843 -0.993150
vn -0.094432 0.116562 -0.988684
vn -0.188362 0.115732 -0.975257
vn -0.279993 0.114371 -0.953165
vn -0.368292 0.112503 -0.922878
vn -0.452362 0.110162 -0.885005
vn -0.531462 0.107384 -0.840248
vn -0.605013 0.104207 -0.789367
vn -0.672594 0.100668 -0.733133
vn -0.733924 0.096800 -0.672298
vn -0.788846 0.092632 -0.607571
vn -0.837292 0.088185 -0.539597
vn -0.879269 0.083473 -0.468954
vn -0.914824 0.078506 -0.396148
vn -0.944030 0.073286 -0.321616
vn -0.966962 0.067809 -0.245735
vn -0.983688 0.062068 -0.168834
vn -0.994254 0.056054 -0.091202
vn -0.998676 0.049754 -0.013105
vn -0.996938 0.043158 0.065204
vn -0.988991 0.036260 0.143465
vn -0.974750 0.029058 0.221400
vn -0.954104 0.021562 0.298698
vn -0.926922 0.013793 0.374999
vn -0.893067 0.005789 0.449886
vn -0.852411 -0.002392 0.522867
vn -0.804857 -0.010669 0.593372
vn -0.750365 -0.018936 0.660753
vn -0.688975 -0.027058 0.724280
vn -0.620840 -0.034879 0.783161
vn -0.546249 -0.042223 0.836558
vn -0.465650 -0.048909 0.883616
vn -0.379662 -0.054765 0.923503
vn -0.289093 -0.059639 0.955441
vn -0.194949 -0.063373 0.978764
vn -0.098381 -0.065757 0.992974
vn -0.000578 -0.066566 0.997782
vn 0.097275 -0.065710 0.993086
vn 0.193947 -0.063304 0.978967
vn 0.288179 -0.059571 0.955722
vn 0.378807 -0.054702 0.923858
vn 0.464846 -0.048844 0.884043
vn 0.545500 -0.042151 0.837050
vn 0.620151 -0.034797 0.783710
vn 0.688350 -0.026965 0.724878
vn 0.749804 -0.018833 0.661391
vn 0.804362 -0.010558 0.594046
vn 0.851980 -0.002273 0.523570
vn 0.892699 0.005915 0.450615
vn 0.926616 0.013924 0.375752
vn 0.953859 0.021696 0.299471
vn 0.974566 0.029194 0.222193
vn 0.988868 0.036396 0.144276
vn 0.996878 0.043294 0.066033
vn 0.998680 0.049887 -0.012260
vn 0.994325 0.056184 -0.090343
vn 0.983830 0.062195 -0.167962
vn 0.967178 0.067930 -0.244853
vn 0.944323 0.073401 -0.320727
vn 0.915200 0.078614 -0.395257
vn 0.879732 0.083573 -0.468068
vn 0.837846 0.088277 -0.538722
vn 0.789494 0.092716 -0.606716
vn 0.734669 0.096875 -0.671474
vn 0.673436 0.100734 -0.732350
vn 0.605951 0.104264 -0.788639
vn 0.532492 0.107432 -0.839589
vn 0.453478 0.110201 -0.884428
vn 0.369483 0.112534 -0.922398
vn 0.281247 0.114394 -0.952793
vn 0.189664 0.115748 -0.975003
vn 0.095763 0.116569 -0.988555
vn 0.000622 0.066552 -0.997783
vn -0.094833 0.066240 -0.993287
vn -0.189113 0.065318 -0.979781
vn -0.281085 0.063797 -0.957560
vn -0.369715 0.061696 -0.927094
vn -0.454101 0.059038 -0.888992
vn -0.533496 0.055849 -0.843957
vn -0.607314 0.052155 -0.792748
vn -0.675127 0.047980 -0.736139
vn -0.736649 0.043343 -0.674885
vn -0.791711 0.038257 -0.609697
vn -0.840240 0.032732 -0.541226
vn -0.882231 0.026769 -0.470055
vn -0.917723 0.020364 -0.396698
vn -0.946778 0.013507 -0.321603
vn -0.969463 0.006183 -0.245159
vn -0.985835 -0.001624 -0.167708
vn -0.995932 -0.009932 -0.089559
vn -0.999764 -0.018757 -0.010998
vn -0.997310 -0.028111 0.067694
vn -0.988521 -0.037997 0.146228
vn -0.973319 -0.048408 0.224292
vn -0.951607 -0.059318 0.301539
vn -0.923279 -0.070681 0.377572
vn -0.888234 -0.082425 0.451937
vn -0.846395 -0.094448 0.524113
vn -0.797732 -0.106612 0.593512
vn -0.742281 -0.118744 0.659484
vn -0.680168 -0.130638 0.721322
vn -0.611630 -0.142060 0.778285
vn -0.537021 -0.152764 0.829621
vn -0.456812 -0.162530 0.874589
vn -0.371597 -0.171208 0.912471
vn -0.282184 -0.178703 0.942569
vn -0.189716 -0.184808 0.964289
vn -0.095528 -0.188971 0.977325
vn -0.000644 -0.190430 0.981700
vn 0.094371 -0.188840 0.977463
vn 0.188803 -0.184632 0.964502
vn 0.281424 -0.178563 0.942823
vn 0.370881 -0.171124 0.912778
vn 0.456110 -0.162481 0.874965
vn 0.536350 -0.152727 0.830062
vn 0.611007 -0.142021 0.778782
vn 0.679601 -0.130592 0.721865
vn 0.741773 -0.118689 0.660065
vn 0.797283 -0.106547 0.594127
vn 0.846005 -0.094374 0.524756
vn 0.887901 -0.082344 0.452605
vn 0.923003 -0.070592 0.378261
vn 0.951388 -0.059223 0.302248
vn 0.973156 -0.048308 0.225019
vn 0.988415 -0.037893 0.146971
vn 0.997261 -0.028004 0.068453
vn 0.999774 -0.018649 -0.010223
vn 0.996004 -0.009824 -0.088771
vn 0.985971 -0.001517 -0.166908
vn 0.969667 0.006287 -0.244349
vn 0.947054 0.013607 -0.320787
vn 0.918074 0.020460 -0.395880
vn 0.882662 0.026861 -0.469240
vn 0.840755 0.032817 -0.540420
vn 0.792313 0.038336 -0.608909
vn 0.737340 0.043414 -0.674125
vn 0.675909 0.048044 -0.735418
vn 0.608184 0.052211 -0.792077
vn 0.534451 0.055897 -0.843349
vn 0.455136 0.059078 -0.888460
vn 0.370821 0.061728 -0.926651
vn 0.282250 0.063821 -0.957216
vn 0.190321 0.065334 -0.979546
vn 0.096068 0.066248 -0.993168
vn 0.000635 0.004715 -0.999989
vn -0.095231 0.004372 -0.995446
vn -0.189907 0.003356 -0.981796
vn -0.282245 0.001672 -0.959341
vn -0.371196 -0.000668 -0.928554
vn -0.455846 -0.003652 -0.890051
vn -0.535434 -0.007266 -0.844546
vn -0.609365 -0.011499 -0.792806
vn -0.677201 -0.016342 -0.735616
vn -0.738644 -0.021790 -0.673743
vn -0.793518 -0.027843 -0.607910
vn -0.841738 -0.034508 -0.538782
vn -0.883292 -0.041796 -0.466956
vn -0.918209 -0.049722 -0.392964
vn -0.946540 -0.058306 -0.317273
vn -0.968345 -0.067571 -0.240295
vn -0.983674 -0.077537 -0.162399
vn -0.992559 -0.088225 -0.083927
vn -0.995009 -0.099648 -0.005201
vn -0.991011 -0.111809 0.073456
vn -0.980528 -0.124698 0.151707
vn -0.963508 -0.138284 0.229193
vn -0.939894 -0.152514 0.305513
vn -0.909637 -0.167303 0.380224
vn -0.872712 -0.182531 0.452832
vn -0.829138 -0.198040 0.522790
vn -0.778997 -0.213634 0.589512
vn -0.722450 -0.229076 0.652372
vn -0.659753 -0.244095 0.710735
vn -0.591251 -0.258405 0.763969
vn -0.517363 -0.271738 0.811477
vn -0.438524 -0.283916 0.852695
vn -0.355207 -0.294930 0.887042
vn -0.268201 -0.304868 0.913851
vn -0.179043 -0.313496 0.932558
vn -0.089653 -0.319750 0.943251
vn -0.000829 -0.322020 0.946732
vn 0.088263 -0.319534 0.943455
vn 0.178138 -0.313202 0.932830
vn 0.267562 -0.304637 0.914115
vn 0.354583 -0.294812 0.887331
vn 0.437854 -0.283881 0.853051
vn 0.516684 -0.271743 0.811907
vn 0.590605 -0.258422 0.764463
vn 0.659158 -0.244111 0.711281
vn 0.721914 -0.229085 0.652963
vn 0.778521 -0.213635 0.590140
vn 0.828723 -0.198031 0.523451
vn 0.872358 -0.182511 0.453520
vn 0.909344 -0.167273 0.380938
vn 0.939662 -0.152474 0.306248
vn 0.963336 -0.138235 0.229947
vn 0.980416 -0.124641 0.152479
vn 0.990960 -0.111745 0.074243
vn 0.995020 -0.099578 -0.004399
vn 0.992634 -0.088151 -0.083112
vn 0.983816 -0.077460 -0.161573
vn 0.968558 -0.067492 -0.239460
vn 0.946826 -0.058227 -0.316433
vn 0.918572 -0.049643 -0.392123
vn 0.883738 -0.041719 -0.466119
vn 0.842269 -0.034434 -0.537956
vn 0.794137 -0.027773 -0.607104
vn 0.739354 -0.021725 -0.672966
vn 0.678003 -0.016282 -0.734879
vn 0.610257 -0.011446 -0.792121
vn 0.536412 -0.007219 -0.843925
vn 0.456904 -0.003612 -0.889508
vn 0.372326 -0.000636 -0.928102
vn 0.283434 0.001696 -0.958990
vn 0.191141 0.003372 -0.981557
vn 0.096492 0.004380 -0.995324
vn 0.000680 -0.067913 -0.997691
vn -0.095485 -0.068281 -0.993086
vn -0.190434 -0.069378 -0.979245
vn -0.282992 -0.071203 -0.956476
vn -0.372087 -0.073753 -0.925263
vn -0.456783 -0.077027 -0.886237
vn -0.536300 -0.081027 -0.840129
vn -0.610029 -0.085754 -0.787725
vn -0.677515 -0.091216 -0.729830
vn -0.738452 -0.097421 -0.667232
vn -0.792650 -0.104384 -0.600675
vn -0.840018 -0.112123 -0.530847
vn -0.880533 -0.120658 -0.458371
vn -0.914215 -0.130013 -0.383806
vn -0.941112 -0.140211 -0.307650
vn -0.961278 -0.151275 -0.230350
vn -0.974761 -0.163221 -0.152316
vn -0.981599 -0.176060 -0.073934
vn -0.981815 -0.189789 0.004423
vn -0.975417 -0.204389 0.082375
vn -0.962408 -0.219822 0.159531
vn -0.942788 -0.236020 0.235470
vn -0.916574 -0.252885 0.309743
vn -0.883814 -0.270283 0.381862
vn -0.844600 -0.288043 0.451311
vn -0.799086 -0.305954 0.517547
vn -0.747501 -0.323766 0.580015
vn -0.690159 -0.341201 0.638172
vn -0.627450 -0.357961 0.691498
vn -0.559820 -0.373755 0.739533
vn -0.487689 -0.388362 0.781879
vn -0.411340 -0.401738 0.818172
vn -0.330981 -0.414110 0.847918
vn -0.247394 -0.425794 0.870342
vn -0.162906 -0.436509 0.884829
vn -0.080618 -0.444623 0.892082
vn -0.001082 -0.447652 0.894207
vn 0.078892 -0.444373 0.892361
vn 0.161981 -0.436150 0.885175
vn 0.246893 -0.425495 0.870631
vn 0.330468 -0.413954 0.848194
vn 0.410695 -0.401710 0.818510
vn 0.486975 -0.388409 0.782301
vn 0.559110 -0.373833 0.740030
vn 0.626783 -0.358048 0.692059
vn 0.689548 -0.341288 0.638786
vn 0.746952 -0.323847 0.580677
vn 0.798602 -0.306026 0.518250
vn 0.844184 -0.288105 0.452051
vn 0.883466 -0.270332 0.382634
vn 0.916294 -0.252921 0.310542
vn 0.942576 -0.236043 0.236293
vn 0.962265 -0.219832 0.160375
vn 0.975345 -0.204387 0.083238
vn 0.981813 -0.189775 0.005301
vn 0.981670 -0.176036 -0.073041
vn 0.974907 -0.163189 -0.151413
vn 0.961502 -0.151236 -0.229439
vn 0.941418 -0.140166 -0.306735
vn 0.914605 -0.129964 -0.382892
vn 0.881011 -0.120606 -0.457464
vn 0.840589 -0.112070 -0.529953
vn 0.793316 -0.104331 -0.599803
vn 0.739215 -0.097370 -0.666393
vn 0.678377 -0.091167 -0.729036
vn 0.610986 -0.085709 -0.786988
vn 0.537350 -0.080986 -0.839462
vn 0.457918 -0.076992 -0.885654
vn 0.373298 -0.073724 -0.924778
vn 0.284266 -0.071180 -0.956100
vn 0.191755 -0.069363 -0.978989
vn 0.096835 -0.068273 -0.992956
vn 0.000743 -0.150675 -0.988583
vn -0.095414 -0.151056 -0.983910
vn -0.190317 -0.152197 -0.969853
vn -0.282759 -0.154102 -0.946731
vn -0.371633 -0.156779 -0.915046
vn -0.455974 -0.160238 -0.875449
vn -0.534980 -0.164495 -0.828696
vn -0.608021 -0.169568 -0.775601
vn -0.674627 -0.175476 -0.716998
vn -0.734479 -0.182243 -0.653703
vn -0.787379 -0.189894 -0.586494
vn -0.833227 -0.198453 -0.516090
vn -0.871995 -0.207946 -0.443151
vn -0.903703 -0.218396 -0.368271
vn -0.928399 -0.229821 -0.291990
vn -0.946141 -0.242234 -0.214802
vn -0.956993 -0.255635 -0.137167
vn -0.961015 -0.270012 -0.059523
vn -0.958265 -0.285333 0.017699
vn -0.948800 -0.301546 0.094063
vn -0.932690 -0.318570 0.169122
vn -0.910025 -0.336292 0.242410
vn -0.880928 -0.354569 0.313442
vn -0.845574 -0.373220 0.381721
vn -0.804198 -0.392031 0.446741
vn -0.757104 -0.410758 0.508007
vn -0.704671 -0.429133 0.565052
vn -0.647348 -0.446871 0.617452
vn -0.585625 -0.463696 0.664853
vn -0.519978 -0.479370 0.706985
vn -0.450726 -0.493780 0.743658
vn -0.377846 -0.507074 0.774666
vn -0.301146 -0.519721 0.799501
vn -0.221496 -0.532186 0.817140
vn -0.142495 -0.544056 0.826861
vn -0.069013 -0.553254 0.830149
vn -0.001351 -0.556752 0.830677
vn 0.066913 -0.553046 0.830460
vn 0.141513 -0.543725 0.827246
vn 0.221136 -0.531873 0.817441
vn 0.300774 -0.519537 0.799760
vn 0.377249 -0.507042 0.774978
vn 0.449979 -0.493855 0.744060
vn 0.519192 -0.479500 0.707473
vn 0.584862 -0.463850 0.665416
vn 0.646635 -0.447034 0.618081
vn 0.704019 -0.429295 0.565740
vn 0.756519 -0.410916 0.508750
vn 0.803684 -0.392181 0.447533
vn 0.845136 -0.373358 0.382556
vn 0.880567 -0.354694 0.314316
vn 0.909742 -0.336402 0.243316
vn 0.932488 -0.318663 0.170057
vn 0.948680 -0.301623 0.095023
vn 0.958228 -0.285394 0.018679
vn 0.961064 -0.270056 -0.058526
vn 0.957129 -0.255665 -0.136157
vn 0.946367 -0.242250 -0.213784
vn 0.928718 -0.229826 -0.290969
vn 0.904119 -0.218390 -0.367252
vn 0.872511 -0.207931 -0.442141
vn 0.833846 -0.198431 -0.515097
vn 0.788104 -0.189867 -0.585528
vn 0.735312 -0.182214 -0.652775
vn 0.675568 -0.175445 -0.716120
vn 0.609067 -0.169537 -0.774787
vn 0.536128 -0.164465 -0.827960
vn 0.457215 -0.160211 -0.874807
vn 0.372956 -0.156755 -0.914512
vn 0.284151 -0.154084 -0.946317
vn 0.191761 -0.152185 -0.969571
vn 0.096890 -0.151050 -0.983766
vn 0.000818 -0.242404 -0.970175
vn -0.094799 -0.242777 -0.965439
vn -0.189120 -0.243895 -0.951183
vn -0.280893 -0.245769 -0.927737
vn -0.368976 -0.248418 -0.895625
vn -0.452371 -0.251868 -0.855525
vn -0.530249 -0.256146 -0.808223
vn -0.601960 -0.261284 -0.754569
vn -0.667020 -0.267318 -0.695432
vn -0.725099 -0.274280 -0.631667
vn -0.775994 -0.282202 -0.564089
vn -0.819605 -0.291112 -0.493459
vn -0.855907 -0.301033 -0.420478
vn -0.884930 -0.311981 -0.345785
vn -0.906734 -0.323961 -0.269968
vn -0.921404 -0.336964 -0.193569
vn -0.929037 -0.350968 -0.117099
vn -0.929737 -0.365928 -0.041049
vn -0.923625 -0.381778 0.034100
vn -0.910835 -0.398426 0.107871
vn -0.891532 -0.415752 0.179783
vn -0.865916 -0.433605 0.249352
vn -0.834237 -0.451807 0.316098
vn -0.796804 -0.470153 0.379552
vn -0.753987 -0.488412 0.439268
vn -0.706221 -0.506342 0.494843
vn -0.653994 -0.523691 0.545930
vn -0.597834 -0.540212 0.592254
vn -0.538263 -0.555687 0.633628
vn -0.475693 -0.569971 0.669962
vn -0.410216 -0.583092 0.701232
vn -0.341368 -0.595384 0.727315
vn -0.268506 -0.607472 0.747584
vn -0.192790 -0.619801 0.760710
vn -0.119557 -0.631739 0.765906
vn -0.055831 -0.641034 0.765479
vn -0.001577 -0.644612 0.764508
vn 0.053377 -0.640926 0.765744
vn 0.118461 -0.631522 0.766255
vn 0.192525 -0.619536 0.760992
vn 0.268281 -0.607280 0.747821
vn 0.340851 -0.595337 0.727595
vn 0.409462 -0.583175 0.701604
vn 0.474840 -0.570133 0.670429
vn 0.537403 -0.555890 0.634180
vn 0.597010 -0.540434 0.592883
vn 0.653224 -0.523921 0.546631
vn 0.705515 -0.506574 0.495612
vn 0.753354 -0.488641 0.440101
vn 0.796249 -0.470374 0.380442
vn 0.833766 -0.452017 0.317041
vn 0.865533 -0.433800 0.250341
vn 0.891240 -0.415930 0.180812
vn 0.910639 -0.398586 0.108934
vn 0.923526 -0.381918 0.035192
vn 0.929739 -0.366048 -0.039935
vn 0.929141 -0.351068 -0.115967
vn 0.921614 -0.337046 -0.192426
vn 0.907052 -0.324024 -0.268820
vn 0.885360 -0.312028 -0.344640
vn 0.856452 -0.301065 -0.419343
vn 0.820268 -0.291131 -0.492345
vn 0.776777 -0.282210 -0.563005
vn 0.726003 -0.274279 -0.630627
vn 0.668046 -0.267310 -0.694449
vn 0.603104 -0.261272 -0.753659
vn 0.531507 -0.256131 -0.807402
vn 0.453733 -0.251852 -0.854808
vn 0.370430 -0.248404 -0.895029
vn 0.282424 -0.245756 -0.927276
vn 0.190708 -0.243885 -0.950868
vn 0.096422 -0.242772 -0.965279
vn 0.000897 -0.341003 -0.940062
vn -0.093410 -0.341334 -0.935289
vn -0.186379 -0.342332 -0.920908
vn -0.276714 -0.344016 -0.897264
vn -0.363237 -0.346416 -0.864902
vn -0.444917 -0.349571 -0.824529
vn -0.520904 -0.353526 -0.776967
vn -0.590529 -0.358328 -0.723102
vn -0.653300 -0.364023 -0.663842
vn -0.708883 -0.370654 -0.600084
vn -0.757079 -0.378259 -0.532684
vn -0.797798 -0.386864 -0.462445
vn -0.831031 -0.396487 -0.390110
vn -0.856830 -0.407131 -0.316365
vn -0.875291 -0.418784 -0.241840
vn -0.886539 -0.431415 -0.167121
vn -0.890726 -0.444975 -0.092761
vn -0.888026 -0.459389 -0.019285
vn -0.878637 -0.474563 0.052797
vn -0.862790 -0.490374 0.122993
vn -0.840754 -0.506676 0.190822
vn -0.812842 -0.523301 0.255821
vn -0.779419 -0.540061 0.317553
vn -0.740905 -0.556751 0.375618
vn -0.697767 -0.573159 0.429663
vn -0.650519 -0.589070 0.479397
vn -0.599700 -0.604278 0.524603
vn -0.545847 -0.618595 0.565147
vn -0.489434 -0.631879 0.600986
vn -0.430721 -0.644088 0.632163
vn -0.369467 -0.655385 0.658760
vn -0.304682 -0.666239 0.680657
vn -0.235350 -0.677290 0.697058
vn -0.163226 -0.688778 0.706359
vn -0.095730 -0.699850 0.707846
vn -0.042073 -0.708403 0.704553
vn -0.001715 -0.711731 0.702451
vn 0.039345 -0.708416 0.704698
vn 0.094444 -0.699793 0.708075
vn 0.162954 -0.688615 0.706580
vn 0.235242 -0.677118 0.697261
vn 0.304271 -0.666174 0.680905
vn 0.368740 -0.655455 0.659098
vn 0.429827 -0.644255 0.632601
vn 0.488491 -0.632103 0.601516
vn 0.544917 -0.618850 0.565765
vn 0.598812 -0.604550 0.525303
vn 0.649688 -0.589351 0.480178
vn 0.697004 -0.573443 0.430521
vn 0.740220 -0.557033 0.376549
vn 0.778821 -0.540336 0.318552
vn 0.812337 -0.523566 0.256880
vn 0.840349 -0.506926 0.191935
vn 0.862491 -0.490606 0.124154
vn 0.878449 -0.474775 0.053998
vn 0.887953 -0.459580 -0.018052
vn 0.890772 -0.445143 -0.091503
vn 0.886708 -0.431561 -0.165847
vn 0.875585 -0.418907 -0.240557
vn 0.857254 -0.407232 -0.315083
vn 0.831588 -0.396567 -0.388839
vn 0.798491 -0.386926 -0.461195
vn 0.757910 -0.378304 -0.531469
vn 0.709852 -0.370685 -0.598918
vn 0.654407 -0.364041 -0.662741
vn 0.591771 -0.358336 -0.722082
vn 0.522273 -0.353527 -0.776047
vn 0.446404 -0.349568 -0.823727
vn 0.364827 -0.346410 -0.864234
vn 0.278390 -0.344010 -0.896747
vn 0.188119 -0.342327 -0.920556
vn 0.095191 -0.341332 -0.935110
vn 0.000975 -0.443237 -0.896404
vn -0.091040 -0.443489 -0.891644
vn -0.181682 -0.444252 -0.877287
vn -0.269626 -0.445553 -0.853689
vn -0.353661 -0.447437 -0.821416
vn -0.432737 -0.449960 -0.781201
vn -0.505988 -0.453183 -0.733895
vn -0.572738 -0.457170 -0.680417
vn -0.632493 -0.461984 -0.621710
vn -0.684928 -0.467676 -0.558707
vn -0.729857 -0.474288 -0.492300
vn -0.767212 -0.481850 -0.423327
vn -0.797013 -0.490373 -0.352568
vn -0.819350 -0.499850 -0.280741
vn -0.834366 -0.510254 -0.208507
vn -0.842242 -0.521538 -0.136480
vn -0.843197 -0.533633 -0.065232
vn -0.837481 -0.546447 0.004699
vn -0.825377 -0.559868 0.072807
vn -0.807207 -0.573762 0.138614
vn -0.783331 -0.587980 0.201673
vn -0.754153 -0.602355 0.261575
vn -0.720119 -0.616712 0.317953
vn -0.681713 -0.630873 0.370495
vn -0.639451 -0.644658 0.418948
vn -0.593867 -0.657898 0.463133
vn -0.545492 -0.670436 0.502945
vn -0.494816 -0.682148 0.538360
vn -0.442201 -0.692966 0.569436
vn -0.387678 -0.702941 0.596305
vn -0.330597 -0.712343 0.619091
vn -0.269448 -0.721688 0.637624
vn -0.203043 -0.731484 0.650926
vn -0.134100 -0.741647 0.657250
vn -0.072256 -0.751199 0.656109
vn -0.028558 -0.758482 0.651068
vn -0.001730 -0.761364 0.648323
vn 0.025686 -0.758604 0.651045
vn 0.070709 -0.751307 0.656154
vn 0.133675 -0.741618 0.657369
vn 0.202971 -0.731362 0.651085
vn 0.269147 -0.721610 0.637839
vn 0.329938 -0.712383 0.619395
vn 0.386780 -0.703091 0.596711
vn 0.441201 -0.693187 0.569942
vn 0.493799 -0.682411 0.538960
vn 0.544500 -0.670724 0.503637
vn 0.592921 -0.658200 0.463915
vn 0.638565 -0.644970 0.419819
vn 0.680900 -0.631189 0.371451
vn 0.719390 -0.617026 0.318992
vn 0.753520 -0.602662 0.262690
vn 0.782803 -0.588276 0.202857
vn 0.806792 -0.574044 0.139859
vn 0.825082 -0.560131 0.074105
vn 0.837313 -0.546690 0.006042
vn 0.843163 -0.533852 -0.063855
vn 0.842347 -0.521733 -0.135077
vn 0.834614 -0.510424 -0.207089
vn 0.819747 -0.499995 -0.279320
vn 0.797562 -0.490494 -0.351156
vn 0.767916 -0.481948 -0.421937
vn 0.730719 -0.474364 -0.490947
vn 0.685947 -0.467732 -0.557408
vn 0.633668 -0.462023 -0.620483
vn 0.574065 -0.457196 -0.679280
vn 0.507460 -0.453197 -0.732869
vn 0.434342 -0.449966 -0.780306
vn 0.355382 -0.447438 -0.820672
vn 0.271444 -0.445551 -0.853113
vn 0.183573 -0.444249 -0.876894
vn 0.092975 -0.443487 -0.891445
vn 0.001047 -0.544875 -0.838517
vn -0.087555 -0.545010 -0.833846
vn -0.174773 -0.545426 -0.819735
vn -0.259266 -0.546161 -0.796548
vn -0.339816 -0.547274 -0.764863
vn -0.415368 -0.548841 -0.725426
vn -0.485055 -0.550943 -0.679106
vn -0.548204 -0.553665 -0.626839
vn -0.604337 -0.557085 -0.569591
vn -0.653142 -0.561271 -0.508311
vn -0.694458 -0.566275 -0.443914
vn -0.728247 -0.572130 -0.377259
vn -0.754565 -0.578847 -0.309141
vn -0.773546 -0.586418 -0.240293
vn -0.785383 -0.594810 -0.171389
vn -0.790318 -0.603969 -0.103046
vn -0.788632 -0.613820 -0.035830
vn -0.780644 -0.624268 0.029736
vn -0.766707 -0.635200 0.093173
vn -0.747211 -0.646488 0.154044
vn -0.722578 -0.657993 0.211957
vn -0.693265 -0.669569 0.266572
vn -0.659755 -0.681068 0.317600
vn -0.622554 -0.692341 0.364815
vn -0.582177 -0.703250 0.408055
vn -0.539134 -0.713666 0.447230
vn -0.493908 -0.723482 0.482316
vn -0.446899 -0.732625 0.513364
vn -0.398309 -0.741090 0.540496
vn -0.347881 -0.749006 0.563887
vn -0.294519 -0.756701 0.583663
vn -0.236294 -0.764647 0.599567
vn -0.172168 -0.773093 0.610480
vn -0.106177 -0.781604 0.614672
vn -0.050029 -0.789261 0.612017
vn -0.015921 -0.795050 0.606334
vn -0.001610 -0.797418 0.603426
vn 0.013076 -0.795254 0.606135
vn 0.048182 -0.789506 0.611848
vn 0.105432 -0.781715 0.614658
vn 0.172000 -0.773050 0.610582
vn 0.236068 -0.764574 0.599749
vn 0.293956 -0.756709 0.583936
vn 0.347021 -0.749120 0.564265
vn 0.397289 -0.741286 0.540977
vn 0.445822 -0.732873 0.513946
vn 0.492832 -0.723761 0.482996
vn 0.538091 -0.713966 0.448008
vn 0.581184 -0.703563 0.408931
vn 0.621627 -0.692662 0.365787
vn 0.658908 -0.681391 0.318665
vn 0.692510 -0.669890 0.267726
vn 0.721928 -0.658306 0.213195
vn 0.746678 -0.646790 0.155357
vn 0.766301 -0.635486 0.094553
vn 0.780374 -0.624536 0.031173
vn 0.788507 -0.614066 -0.034346
vn 0.790346 -0.604190 -0.101527
vn 0.785570 -0.595005 -0.169848
vn 0.773898 -0.586587 -0.238743
vn 0.755087 -0.578989 -0.307595
vn 0.728944 -0.572246 -0.375734
vn 0.695332 -0.566367 -0.442427
vn 0.654193 -0.561341 -0.506881
vn 0.605563 -0.557134 -0.568238
vn 0.549602 -0.553697 -0.625586
vn 0.486614 -0.550961 -0.677974
vn 0.417076 -0.548849 -0.724439
vn 0.341655 -0.547276 -0.764042
vn 0.261213 -0.546159 -0.795913
vn 0.176800 -0.545423 -0.819302
vn 0.089633 -0.545008 -0.833626
vn 0.001108 -0.641252 -0.767329
vn -0.082949 -0.641246 -0.762839
vn -0.165639 -0.641239 -0.749250
vn -0.245642 -0.641281 -0.726924
vn -0.321755 -0.641448 -0.696433
vn -0.392942 -0.641834 -0.658518
vn -0.458352 -0.642545 -0.614043
vn -0.517336 -0.643689 -0.563940
vn -0.569431 -0.645364 -0.509169
vn -0.614354 -0.647658 -0.450675
vn -0.651969 -0.650636 -0.389370
vn -0.682267 -0.654344 -0.326108
vn -0.705340 -0.658801 -0.261680
vn -0.721361 -0.664005 -0.196811
vn -0.730568 -0.669929 -0.132162
vn -0.733246 -0.676522 -0.068330
vn -0.729725 -0.683716 -0.005857
vn -0.720371 -0.691423 0.054768
vn -0.705581 -0.699543 0.113111
vn -0.685782 -0.707965 0.168788
vn -0.661423 -0.716569 0.221470
vn -0.632976 -0.725234 0.270882
vn -0.600926 -0.733840 0.316808
vn -0.565763 -0.742270 0.359092
vn -0.527971 -0.750418 0.397642
vn -0.488009 -0.758192 0.432425
vn -0.446284 -0.765521 0.463475
vn -0.403077 -0.772374 0.490884
vn -0.358387 -0.778801 0.514808
vn -0.311622 -0.784982 0.535439
vn -0.261266 -0.791250 0.552868
vn -0.205176 -0.797936 0.566746
vn -0.142875 -0.804953 0.575880
vn -0.079960 -0.811596 0.578721
vn -0.029748 -0.817215 0.575564
vn -0.004668 -0.821509 0.570176
vn -0.001355 -0.823373 0.567499
vn 0.002046 -0.821763 0.569826
vn 0.027613 -0.817554 0.575190
vn 0.078744 -0.811830 0.578559
vn 0.142435 -0.805008 0.575911
vn 0.204938 -0.797893 0.566893
vn 0.260800 -0.791233 0.553113
vn 0.310841 -0.785053 0.535790
vn 0.357387 -0.778957 0.515268
vn 0.401974 -0.772589 0.491450
vn 0.445153 -0.765773 0.464145
vn 0.486892 -0.758468 0.433200
vn 0.526893 -0.750710 0.398520
vn 0.564743 -0.742571 0.360074
vn 0.599979 -0.734146 0.317892
vn 0.632117 -0.725540 0.272065
vn 0.660667 -0.716871 0.222747
vn 0.685142 -0.708258 0.170152
vn 0.705071 -0.699823 0.114553
vn 0.720003 -0.691686 0.056279
vn 0.729509 -0.683958 -0.004289
vn 0.733192 -0.676741 -0.066716
vn 0.730686 -0.670122 -0.130516
vn 0.721659 -0.664172 -0.195149
vn 0.705824 -0.658941 -0.260018
vn 0.682942 -0.654457 -0.324464
vn 0.652839 -0.650723 -0.387764
vn 0.615420 -0.647721 -0.449128
vn 0.570691 -0.645406 -0.507703
vn 0.518783 -0.643713 -0.562581
vn 0.459979 -0.642555 -0.612815
vn 0.394732 -0.641834 -0.657446
vn 0.323690 -0.641442 -0.695541
vn 0.247695 -0.641273 -0.726234
vn 0.167782 -0.641232 -0.748780
vn 0.085146 -0.641242 -0.762600
vn 0.001155 -0.728142 -0.685425
vn -0.077353 -0.727990 -0.681210
vn -0.154551 -0.727543 -0.668427
vn -0.229169 -0.726861 -0.647421
vn -0.300054 -0.726035 -0.618742
vn -0.366211 -0.725179 -0.583099
vn -0.426827 -0.724422 -0.541324
vn -0.481283 -0.723893 -0.494313
vn -0.529147 -0.723715 -0.442990
vn -0.570157 -0.723994 -0.388271
vn -0.604201 -0.724815 -0.331034
vn -0.631295 -0.726241 -0.272104
vn -0.651555 -0.728305 -0.212243
vn -0.665178 -0.731019 -0.152147
vn -0.672428 -0.734367 -0.092444
vn -0.673615 -0.738313 -0.033698
vn -0.669095 -0.742802 0.023589
vn -0.659253 -0.747763 0.078974
vn -0.644500 -0.753111 0.132070
vn -0.625271 -0.758757 0.182549
vn -0.602014 -0.764602 0.230137
vn -0.575187 -0.770550 0.274614
vn -0.545250 -0.776505 0.315822
vn -0.512656 -0.782376 0.353654
vn -0.477839 -0.788084 0.388064
vn -0.441193 -0.793561 0.419057
vn -0.403028 -0.798769 0.446695
vn -0.363475 -0.803712 0.471097
vn -0.322290 -0.808481 0.492431
vn -0.278533 -0.813276 0.510883
vn -0.230369 -0.818374 0.526493
vn -0.175762 -0.823878 0.538826
vn -0.115214 -0.829360 0.546705
vn -0.055919 -0.834015 0.548900
vn -0.012029 -0.837642 0.546087
vn 0.004780 -0.840568 0.541685
vn -0.000986 -0.841974 0.539517
vn -0.006980 -0.840843 0.541234
vn 0.009686 -0.838024 0.545547
vn 0.054130 -0.834335 0.548593
vn 0.114307 -0.829518 0.546657
vn 0.175363 -0.823892 0.538935
vn 0.229953 -0.818352 0.526709
vn 0.277851 -0.813305 0.511208
vn 0.321353 -0.808586 0.492870
vn 0.362384 -0.803881 0.471649
vn 0.401872 -0.798980 0.447358
vn 0.440029 -0.793800 0.419828
vn 0.476701 -0.788339 0.388944
vn 0.511566 -0.782642 0.354643
vn 0.544226 -0.776776 0.316918
vn 0.574247 -0.770822 0.275817
vn 0.601173 -0.764870 0.231441
vn 0.624545 -0.759016 0.183949
vn 0.643904 -0.753359 0.133558
vn 0.658800 -0.747994 0.080540
vn 0.668800 -0.743015 0.025222
vn 0.673489 -0.738503 -0.032011
vn 0.672482 -0.734533 -0.090718
vn 0.665423 -0.731158 -0.150398
vn 0.651998 -0.728418 -0.210489
vn 0.631944 -0.726327 -0.270365
vn 0.605059 -0.724876 -0.329331
vn 0.571225 -0.724031 -0.386629
vn 0.530424 -0.723731 -0.441433
vn 0.482764 -0.723893 -0.492867
vn 0.428501 -0.724409 -0.540017
vn 0.368062 -0.725158 -0.581959
vn 0.302060 -0.726011 -0.617792
vn 0.231304 -0.726839 -0.646687
vn 0.156782 -0.727526 -0.667926
vn 0.079643 -0.727980 -0.680956
vn 0.001186 -0.802567 -0.596561
vn -0.071020 -0.802285 -0.592702
vn -0.142007 -0.801444 -0.580966
vn -0.210590 -0.800110 -0.561672
vn -0.275693 -0.798386 -0.535325
vn -0.336386 -0.796401 -0.502583
vn -0.391909 -0.794301 -0.464212
vn -0.441683 -0.792234 -0.421048
vn -0.485305 -0.790342 -0.373949
vn -0.522537 -0.788750 -0.323772
vn -0.553281 -0.787564 -0.271337
vn -0.577563 -0.786861 -0.217418
vn -0.595509 -0.786694 -0.162729
vn -0.607323 -0.787091 -0.107919
vn -0.613272 -0.788053 -0.053572
vn -0.613672 -0.789561 -0.000206
vn -0.608877 -0.791577 0.051721
vn -0.599268 -0.794048 0.101812
vn -0.585249 -0.796910 0.149727
vn -0.567236 -0.800092 0.195183
vn -0.545656 -0.803516 0.237954
vn -0.520934 -0.807107 0.277861
vn -0.493491 -0.810789 0.314783
vn -0.463732 -0.814492 0.348649
vn -0.432029 -0.818156 0.379436
vn -0.398696 -0.821737 0.407173
vn -0.363925 -0.825221 0.431936
vn -0.327664 -0.828645 0.453855
vn -0.289399 -0.832120 0.473102
vn -0.247886 -0.835829 0.489838
vn -0.201179 -0.839920 0.504045
vn -0.147741 -0.844222 0.515229
vn -0.089381 -0.848050 0.522324
vn -0.034612 -0.850711 0.524492
vn 0.002559 -0.852533 0.522668
vn 0.012086 -0.854276 0.519679
vn -0.000536 -0.855275 0.518174
vn -0.013685 -0.854550 0.519189
vn -0.004962 -0.852913 0.522030
vn 0.032240 -0.851067 0.524066
vn 0.087831 -0.848292 0.522193
vn 0.146982 -0.844314 0.515296
vn 0.200699 -0.839922 0.504234
vn 0.247284 -0.835832 0.490138
vn 0.288556 -0.832175 0.473520
vn 0.326628 -0.828759 0.454393
vn 0.362782 -0.825381 0.432591
vn 0.397516 -0.821927 0.407942
vn 0.430857 -0.818364 0.380319
vn 0.462597 -0.814711 0.349644
vn 0.492416 -0.811012 0.315890
vn 0.519937 -0.807330 0.279078
vn 0.544755 -0.803734 0.239276
vn 0.566447 -0.800302 0.196608
vn 0.584589 -0.797108 0.151246
vn 0.598752 -0.794230 0.103415
vn 0.608521 -0.791739 0.053398
vn 0.613489 -0.789701 0.001531
vn 0.613275 -0.788169 -0.051790
vn 0.607524 -0.787182 -0.106110
vn 0.595918 -0.786759 -0.160911
vn 0.578187 -0.786900 -0.215613
vn 0.554124 -0.787579 -0.269567
vn 0.523602 -0.788744 -0.322062
vn 0.486591 -0.790317 -0.372328
vn 0.443183 -0.792195 -0.419542
vn 0.393612 -0.794253 -0.462851
vn 0.338276 -0.796350 -0.501395
vn 0.277747 -0.798336 -0.534337
vn 0.212779 -0.800067 -0.560908
vn 0.144296 -0.801413 -0.580445
vn 0.073371 -0.802268 -0.592437
vn 0.001203 -0.863210 -0.504843
vn -0.064255 -0.862830 -0.501394
vn -0.128611 -0.861688 -0.490870
vn -0.190793 -0.859852 -0.473553
vn -0.249822 -0.857431 -0.449890
vn -0.304850 -0.854561 -0.420465
vn -0.355182 -0.851397 -0.385964
vn -0.400285 -0.848098 -0.347134
vn -0.439786 -0.844817 -0.304749
vn -0.473462 -0.841695 -0.259582
vn -0.501223 -0.838850 -0.212381
vn -0.523093 -0.836378 -0.163849
vn -0.539190 -0.834346 -0.114637
vn -0.549708 -0.832798 -0.065339
vn -0.554901 -0.831753 -0.016487
vn -0.555069 -0.831210 0.031450
vn -0.550545 -0.831148 0.078059
vn -0.541690 -0.831533 0.122985
vn -0.528879 -0.832319 0.165930
vn -0.512499 -0.833452 0.206648
vn -0.492937 -0.834873 0.244948
vn -0.470576 -0.836527 0.280680
vn -0.445790 -0.838353 0.313744
vn -0.418926 -0.840298 0.344092
vn -0.390287 -0.842321 0.371716
vn -0.360084 -0.844397 0.396653
vn -0.328369 -0.846535 0.418989
vn -0.294880 -0.848792 0.438859
vn -0.258847 -0.851276 0.456429
vn -0.218853 -0.854099 0.471824
vn -0.173144 -0.857222 0.484966
vn -0.121075 -0.860217 0.495345
vn -0.065851 -0.862305 0.502089
vn -0.016714 -0.863103 0.504751
vn 0.013513 -0.863402 0.504336
vn 0.017017 -0.864156 0.502936
vn -0.000050 -0.864789 0.502135
vn -0.017880 -0.864411 0.502468
vn -0.015778 -0.863745 0.503682
vn 0.013864 -0.863443 0.504257
vn 0.063564 -0.862594 0.501888
vn 0.119738 -0.860391 0.495369
vn 0.172412 -0.857278 0.485128
vn 0.218242 -0.854103 0.472100
vn 0.258092 -0.851293 0.456824
vn 0.293931 -0.848852 0.439381
vn 0.327279 -0.846637 0.419635
vn 0.358924 -0.844530 0.397419
vn 0.389110 -0.842474 0.372600
vn 0.417773 -0.840462 0.345093
vn 0.444688 -0.838520 0.314860
vn 0.469547 -0.836693 0.281907
vn 0.491999 -0.835034 0.246284
vn 0.511671 -0.833602 0.208090
vn 0.528179 -0.832455 0.167469
vn 0.541135 -0.831652 0.124612
vn 0.550151 -0.831247 0.079762
vn 0.554850 -0.831287 0.033217
vn 0.554872 -0.831806 -0.014672
vn 0.549881 -0.832826 -0.063494
vn 0.539575 -0.834349 -0.112782
vn 0.523699 -0.836357 -0.162005
vn 0.502056 -0.838808 -0.210573
vn 0.474524 -0.841634 -0.257836
vn 0.441076 -0.844741 -0.303092
vn 0.401796 -0.848012 -0.345596
vn 0.356902 -0.851307 -0.384575
vn 0.306762 -0.854473 -0.419253
vn 0.251901 -0.857351 -0.448882
vn 0.193010 -0.859786 -0.472774
vn 0.130932 -0.861641 -0.490339
vn 0.066639 -0.862806 -0.501125
vn 0.001207 -0.910303 -0.413940
vn -0.057352 -0.909864 -0.410924
vn -0.114944 -0.908535 -0.401687
vn -0.170622 -0.906384 -0.386466
vn -0.223519 -0.903517 -0.365645
vn -0.272879 -0.900069 -0.339725
vn -0.318079 -0.896193 -0.309295
vn -0.358633 -0.892051 -0.275005
vn -0.394199 -0.887799 -0.237529
vn -0.424567 -0.883583 -0.197547
vn -0.449643 -0.879530 -0.155717
vn -0.469443 -0.875745 -0.112667
vn -0.484064 -0.872310 -0.068978
vn -0.493678 -0.869280 -0.025179
vn -0.498510 -0.866692 0.018252
vn -0.498829 -0.864558 0.060892
vn -0.494939 -0.862876 0.102374
vn -0.487162 -0.861627 0.142381
vn -0.475837 -0.860782 0.180648
vn -0.461313 -0.860303 0.216957
vn -0.443929 -0.860146 0.251149
vn -0.424010 -0.860275 0.283096
vn -0.401877 -0.860648 0.312699
vn -0.377816 -0.861223 0.339926
vn -0.352040 -0.861976 0.364781
vn -0.324644 -0.862901 0.387307
vn -0.295513 -0.864023 0.407597
vn -0.264185 -0.865398 0.425784
vn -0.229722 -0.867092 0.442018
vn -0.190753 -0.869097 0.456382
vn -0.146071 -0.871172 0.468745
vn -0.096169 -0.872730 0.478637
vn -0.045414 -0.873098 0.485424
vn -0.002942 -0.872297 0.488968
vn 0.020473 -0.871402 0.490142
vn 0.019476 -0.871346 0.490282
vn 0.000423 -0.871645 0.490138
vn -0.019540 -0.871565 0.489890
vn -0.022383 -0.871683 0.489559
vn -0.000165 -0.872576 0.488479
vn 0.042427 -0.873379 0.485189
vn 0.094089 -0.872961 0.478629
vn 0.144853 -0.871300 0.468886
vn 0.189960 -0.869137 0.456636
vn 0.228978 -0.867099 0.442390
vn 0.263320 -0.865415 0.426285
vn 0.294507 -0.864068 0.408229
vn 0.323542 -0.862974 0.388068
vn 0.350895 -0.862068 0.365666
vn 0.376675 -0.861325 0.340932
vn 0.400775 -0.860753 0.313822
vn 0.422973 -0.860379 0.284328
vn 0.442975 -0.860244 0.252494
vn 0.460467 -0.860387 0.218411
vn 0.475120 -0.860851 0.182199
vn 0.486590 -0.861678 0.144020
vn 0.494529 -0.862906 0.104090
vn 0.498596 -0.864566 0.062673
vn 0.498468 -0.866676 0.020080
vn 0.493840 -0.869240 -0.023320
vn 0.484442 -0.872246 -0.067109
vn 0.470045 -0.875659 -0.110811
vn 0.450475 -0.879424 -0.153898
vn 0.425630 -0.883462 -0.195791
vn 0.395493 -0.887667 -0.235865
vn 0.360150 -0.891914 -0.273462
vn 0.319806 -0.896058 -0.307903
vn 0.274799 -0.899942 -0.338511
vn 0.225607 -0.903405 -0.364637
vn 0.172848 -0.906294 -0.385687
vn 0.117274 -0.908472 -0.401156
vn 0.059745 -0.909831 -0.410656
vn 0.001202 -0.945163 -0.326598
vn -0.050548 -0.944701 -0.324013
vn -0.101471 -0.943299 -0.316056
vn -0.150749 -0.941016 -0.302926
vn -0.197634 -0.937951 -0.284938
vn -0.241465 -0.934230 -0.262507
vn -0.281693 -0.929996 -0.236127
vn -0.317883 -0.925404 -0.206342
vn -0.349722 -0.920605 -0.173728
vn -0.377009 -0.915741 -0.138862
vn -0.399648 -0.910941 -0.102314
vn -0.417635 -0.906314 -0.064627
vn -0.431043 -0.901948 -0.026309
vn -0.440012 -0.897910 0.012172
vn -0.444731 -0.894245 0.050396
vn -0.445431 -0.890982 0.087987
vn -0.442374 -0.888130 0.124617
vn -0.435841 -0.885687 0.160005
vn -0.426129 -0.883636 0.193913
vn -0.413540 -0.881954 0.226146
vn -0.398373 -0.880608 0.256569
vn -0.380858 -0.879576 0.285120
vn -0.361240 -0.878861 0.311623
vn -0.339761 -0.878415 0.336079
vn -0.316529 -0.878226 0.358509
vn -0.291505 -0.878300 0.378964
vn -0.264418 -0.878661 0.397539
vn -0.234673 -0.879338 0.414360
vn -0.201333 -0.880314 0.429549
vn -0.163358 -0.881441 0.443144
vn -0.120356 -0.882329 0.454984
vn -0.073935 -0.882386 0.464681
vn -0.029072 -0.881209 0.471832
vn 0.006080 -0.879175 0.476460
vn 0.023302 -0.877414 0.479168
vn 0.019534 -0.876707 0.480628
vn 0.000832 -0.876704 0.481029
vn -0.018822 -0.876876 0.480348
vn -0.024671 -0.877616 0.478730
vn -0.009142 -0.879363 0.476064
vn 0.025586 -0.881428 0.471625
vn 0.071082 -0.882624 0.464675
vn 0.118446 -0.882516 0.455123
vn 0.162146 -0.881540 0.443391
vn 0.200433 -0.880345 0.429906
vn 0.233815 -0.879340 0.414840
vn 0.263485 -0.878664 0.398152
vn 0.290483 -0.878316 0.379712
vn 0.315450 -0.878255 0.359388
vn 0.338667 -0.878452 0.337085
vn 0.360171 -0.878899 0.312751
vn 0.379842 -0.879622 0.286331
vn 0.397413 -0.880645 0.257930
vn 0.412696 -0.881972 0.227610
vn 0.425415 -0.883636 0.195472
vn 0.435273 -0.885667 0.161650
vn 0.441969 -0.888089 0.126337
vn 0.445204 -0.890918 0.089768
vn 0.444696 -0.894158 0.052223
vn 0.440182 -0.897799 0.014027
vn 0.431429 -0.901815 -0.024447
vn 0.418245 -0.906162 -0.062779
vn 0.400489 -0.910773 -0.100506
vn 0.378081 -0.915562 -0.137120
vn 0.351023 -0.920419 -0.172080
vn 0.319405 -0.925219 -0.204817
vn 0.283423 -0.929819 -0.234752
vn 0.243385 -0.934067 -0.261310
vn 0.199719 -0.937810 -0.283945
vn 0.152970 -0.940904 -0.302160
vn 0.103792 -0.943220 -0.315535
vn 0.052932 -0.944661 -0.323749
vn 0.001190 -0.969643 -0.244523
vn -0.044003 -0.969191 -0.242346
vn -0.088504 -0.967809 -0.235611
vn -0.131625 -0.965550 -0.224473
vn -0.172731 -0.962499 -0.209187
vn -0.211258 -0.958768 -0.190088
vn -0.246730 -0.954485 -0.167577
vn -0.278764 -0.949789 -0.142099
vn -0.307075 -0.944818 -0.114128
vn -0.331473 -0.939705 -0.084147
vn -0.351856 -0.934573 -0.052635
vn -0.368202 -0.929529 -0.020053
vn -0.380557 -0.924664 0.013163
vn -0.389025 -0.920047 0.046609
vn -0.393757 -0.915734 0.079918
vn -0.394941 -0.911760 0.112761
vn -0.392794 -0.908147 0.144849
vn -0.387553 -0.904904 0.175930
vn -0.379468 -0.902028 0.205791
vn -0.368799 -0.899506 0.234256
vn -0.355804 -0.897319 0.261195
vn -0.340603 -0.895425 0.286712
vn -0.323283 -0.893896 0.310544
vn -0.304053 -0.892731 0.332542
vn -0.282952 -0.891869 0.352857
vn -0.259824 -0.891316 0.371548
vn -0.234301 -0.891074 0.388704
vn -0.205790 -0.891113 0.404436
vn -0.173576 -0.891322 0.418828
vn -0.137181 -0.891441 0.431872
vn -0.097087 -0.891046 0.443408
vn -0.055680 -0.889697 0.453144
vn -0.017809 -0.887304 0.460840
vn 0.010009 -0.884447 0.466534
vn 0.022174 -0.882116 0.470510
vn 0.017445 -0.880914 0.472954
vn 0.001134 -0.880655 0.473756
vn -0.016077 -0.881021 0.472805
vn -0.022890 -0.882227 0.470268
vn -0.012707 -0.884528 0.466314
vn 0.014167 -0.887419 0.460745
vn 0.052220 -0.889878 0.453201
vn 0.094415 -0.891244 0.443587
vn 0.135333 -0.891592 0.432144
vn 0.172288 -0.891401 0.419192
vn 0.204769 -0.891133 0.404909
vn 0.233350 -0.891062 0.389303
vn 0.258855 -0.891292 0.372280
vn 0.281949 -0.891843 0.353726
vn 0.303035 -0.892704 0.333542
vn 0.322271 -0.893887 0.311620
vn 0.339604 -0.895425 0.287895
vn 0.354857 -0.897289 0.262579
vn 0.367973 -0.899459 0.235730
vn 0.378775 -0.901961 0.207355
vn 0.387007 -0.904816 0.177576
vn 0.392412 -0.908037 0.146566
vn 0.394738 -0.911627 0.114535
vn 0.393746 -0.915578 0.081733
vn 0.389219 -0.919870 0.048448
vn 0.380966 -0.924467 0.015005
vn 0.368834 -0.929317 -0.018230
vn 0.352715 -0.934348 -0.050855
vn 0.332559 -0.939473 -0.082436
vn 0.308386 -0.944584 -0.112513
vn 0.280291 -0.949561 -0.140607
vn 0.248460 -0.954271 -0.166236
vn 0.213173 -0.958575 -0.188924
vn 0.174805 -0.962334 -0.208223
vn 0.133829 -0.965419 -0.223730
vn 0.090805 -0.967719 -0.235105
vn 0.046364 -0.969145 -0.242091
vn 0.001174 -0.985697 -0.168521
vn -0.037804 -0.985279 -0.166720
vn -0.076215 -0.983989 -0.161111
vn -0.113494 -0.981871 -0.151817
vn -0.149114 -0.978997 -0.139034
vn -0.182601 -0.975460 -0.123026
vn -0.213550 -0.971369 -0.104109
vn -0.241631 -0.966843 -0.082640
vn -0.266588 -0.962003 -0.058999
vn -0.288244 -0.956968 -0.033579
vn -0.306493 -0.951849 -0.006774
vn -0.321296 -0.946745 0.021033
vn -0.332673 -0.941744 0.049477
vn -0.340693 -0.936916 0.078214
vn -0.345468 -0.932319 0.106929
vn -0.347144 -0.927995 0.135339
vn -0.345894 -0.923973 0.163188
vn -0.341910 -0.920272 0.190257
vn -0.335396 -0.916897 0.216353
vn -0.326567 -0.913849 0.241317
vn -0.315639 -0.911119 0.265018
vn -0.302782 -0.908621 0.287629
vn -0.287573 -0.906360 0.309536
vn -0.270160 -0.904689 0.329472
vn -0.250762 -0.903351 0.347958
vn -0.229146 -0.902303 0.365160
vn -0.204959 -0.901506 0.381155
vn -0.177774 -0.900868 0.396022
vn -0.147271 -0.900208 0.409802
vn -0.113596 -0.899239 0.422452
vn -0.077889 -0.897626 0.433822
vn -0.042757 -0.895155 0.443700
vn -0.012269 -0.891975 0.451918
vn 0.008967 -0.888684 0.458432
vn 0.017620 -0.886048 0.463259
vn 0.013643 -0.884519 0.466306
vn 0.001295 -0.884069 0.467355
vn -0.011828 -0.884555 0.466286
vn -0.017691 -0.886059 0.463235
vn -0.011054 -0.888652 0.458448
vn 0.008876 -0.891963 0.452021
vn 0.039049 -0.895222 0.443907
vn 0.074611 -0.897763 0.434114
vn 0.111048 -0.899389 0.422809
vn 0.145399 -0.900319 0.410224
vn 0.176372 -0.900921 0.396528
vn 0.203818 -0.901506 0.381766
vn 0.228125 -0.902265 0.365893
vn 0.249789 -0.903288 0.348822
vn 0.269214 -0.904607 0.330469
vn 0.286677 -0.906386 0.310291
vn 0.301641 -0.908581 0.288952
vn 0.314729 -0.911025 0.266418
vn 0.325774 -0.913739 0.242802
vn 0.334738 -0.916766 0.217923
vn 0.341402 -0.920119 0.191902
vn 0.345552 -0.923798 0.164898
vn 0.346981 -0.927797 0.137100
vn 0.345497 -0.932100 0.108725
vn 0.340925 -0.936678 0.080027
vn 0.333118 -0.941489 0.051288
vn 0.321960 -0.946478 0.022820
vn 0.307380 -0.951574 -0.005035
vn 0.289353 -0.956690 -0.031912
vn 0.267915 -0.961729 -0.057430
vn 0.243166 -0.966580 -0.081195
vn 0.215281 -0.971125 -0.102813
vn 0.184507 -0.975242 -0.121903
vn 0.151172 -0.978812 -0.138106
vn 0.115676 -0.981726 -0.151103
vn 0.078489 -0.983890 -0.160626
vn 0.040134 -0.985229 -0.166475
vn 0.001156 -0.995113 -0.098736
vn -0.031981 -0.994744 -0.097275
vn -0.064666 -0.993593 -0.092686
vn -0.096441 -0.991697 -0.085062
vn -0.126881 -0.989112 -0.074553
vn -0.155597 -0.985913 -0.061359
vn -0.182251 -0.982188 -0.045724
vn -0.206563 -0.978035 -0.027925
vn -0.228308 -0.973554 -0.008260
vn -0.247325 -0.968846 0.012959
vn -0.263507 -0.964007 0.035417
vn -0.276802 -0.959126 0.058804
vn -0.287208 -0.954281 0.082819
vn -0.294762 -0.949541 0.107177
vn -0.299541 -0.944962 0.131614
vn -0.301651 -0.940588 0.155888
vn -0.301222 -0.936453 0.179779
vn -0.298402 -0.932582 0.203095
vn -0.293354 -0.928988 0.225666
vn -0.286248 -0.925679 0.247347
vn -0.277262 -0.922655 0.268018
vn -0.266563 -0.919900 0.287626
vn -0.253847 -0.917033 0.307592
vn -0.238134 -0.914419 0.327307
vn -0.220122 -0.912727 0.344204
vn -0.199888 -0.911235 0.360132
vn -0.177214 -0.909870 0.375142
vn -0.151947 -0.908504 0.389272
vn -0.124187 -0.906951 0.402515
vn -0.094540 -0.904987 0.414802
vn -0.064396 -0.902432 0.425993
vn -0.036038 -0.899267 0.435912
vn -0.012400 -0.895746 0.444394
vn 0.003680 -0.892364 0.451301
vn 0.010541 -0.889665 0.456492
vn 0.008714 -0.887995 0.459770
vn 0.001295 -0.887438 0.460926
vn -0.006733 -0.887965 0.459863
vn -0.010105 -0.889577 0.456674
vn -0.005060 -0.892220 0.451573
vn 0.009591 -0.895601 0.444755
vn 0.032529 -0.899187 0.436353
vn 0.060886 -0.902440 0.426490
vn 0.091474 -0.905057 0.415336
vn 0.121716 -0.907033 0.403083
vn 0.150023 -0.908559 0.389888
vn 0.175703 -0.909879 0.375832
vn 0.198654 -0.911195 0.360917
vn 0.219064 -0.912642 0.345102
vn 0.237198 -0.914589 0.327511
vn 0.252478 -0.917055 0.308652
vn 0.265579 -0.919724 0.289094
vn 0.276388 -0.922506 0.269430
vn 0.285499 -0.925509 0.248845
vn 0.292743 -0.928796 0.227242
vn 0.297945 -0.932368 0.204740
vn 0.300932 -0.936218 0.181481
vn 0.301542 -0.940332 0.157633
vn 0.299624 -0.944687 0.133387
vn 0.295046 -0.949250 0.108960
vn 0.287701 -0.953977 0.084592
vn 0.277510 -0.958813 0.060547
vn 0.264430 -0.963691 0.037108
vn 0.248463 -0.968532 0.014573
vn 0.229655 -0.973249 -0.006746
vn 0.208109 -0.977746 -0.026535
vn 0.183982 -0.981923 -0.044481
vn 0.157494 -0.985678 -0.060284
vn 0.128921 -0.988915 -0.073666
vn 0.098598 -0.991543 -0.084381
vn 0.066907 -0.993488 -0.092224
vn 0.034275 -0.994690 -0.097041
vn 0.001137 -0.999390 -0.034898
vn -0.026527 -0.999079 -0.033739
vn -0.053839 -0.998097 -0.030062
vn -0.080442 -0.996472 -0.023934
vn -0.105995 -0.994246 -0.015467
vn -0.130191 -0.991477 -0.004808
vn -0.152755 -0.988233 0.007861
vn -0.173453 -0.984589 0.022331
vn -0.192094 -0.980626 0.038376
vn -0.208534 -0.976425 0.055755
vn -0.222670 -0.972064 0.074223
vn -0.234443 -0.967620 0.093535
vn -0.243831 -0.963159 0.113451
vn -0.250849 -0.958743 0.133742
vn -0.255540 -0.954424 0.154190
vn -0.257974 -0.950246 0.174593
vn -0.258244 -0.946243 0.194766
vn -0.256458 -0.942444 0.214545
vn -0.252738 -0.938866 0.233780
vn -0.247216 -0.935525 0.252344
vn -0.240029 -0.932426 0.270127
vn -0.231316 -0.929572 0.287035
vn -0.221061 -0.926793 0.303621
vn -0.208716 -0.923247 0.322571
vn -0.192169 -0.919759 0.342221
vn -0.173517 -0.917865 0.356955
vn -0.152886 -0.915962 0.370999
vn -0.130384 -0.913937 0.384343
vn -0.106385 -0.911658 0.396941
vn -0.081653 -0.909010 0.408697
vn -0.057420 -0.905950 0.419474
vn -0.035331 -0.902565 0.429101
vn -0.017187 -0.899103 0.437399
vn -0.004481 -0.895924 0.444184
vn 0.002149 -0.893394 0.449268
vn 0.003348 -0.891778 0.452460
vn 0.001133 -0.891202 0.453605
vn -0.001519 -0.891693 0.452639
vn -0.001465 -0.893220 0.449617
vn 0.003714 -0.895679 0.444685
vn 0.015109 -0.898835 0.438027
vn 0.032383 -0.902332 0.429823
vn 0.054130 -0.905791 0.420253
vn 0.078458 -0.908928 0.409504
vn 0.103548 -0.911627 0.397761
vn 0.128003 -0.913920 0.385182
vn 0.150943 -0.915929 0.371874
vn 0.171944 -0.917796 0.357890
vn 0.191254 -0.920351 0.341139
vn 0.206451 -0.923391 0.323616
vn 0.219736 -0.926476 0.305545
vn 0.230377 -0.929378 0.288414
vn 0.239203 -0.932221 0.271563
vn 0.246521 -0.935298 0.253859
vn 0.252187 -0.938619 0.235365
vn 0.256064 -0.942175 0.216190
vn 0.258019 -0.945954 0.196460
vn 0.257930 -0.949938 0.176321
vn 0.255686 -0.954101 0.155937
vn 0.251194 -0.958407 0.135491
vn 0.244382 -0.962814 0.115184
vn 0.235201 -0.967270 0.095230
vn 0.223637 -0.971716 0.075860
vn 0.209706 -0.976083 0.057312
vn 0.193466 -0.980298 0.039831
vn 0.175012 -0.984282 0.023663
vn 0.154488 -0.987953 0.009049
vn 0.132080 -0.991232 -0.003784
vn 0.108018 -0.994041 -0.014625
vn 0.082571 -0.996313 -0.023289
vn 0.056048 -0.997988 -0.029625
vn 0.028784 -0.999024 -0.033518
vn 0.001117 -0.999724 0.023486
vn -0.021413 -0.999473 0.024377
vn -0.043679 -0.998674 0.027244
vn -0.065408 -0.997344 0.032040
vn -0.086341 -0.995514 0.038685
vn -0.106238 -0.993226 0.047074
vn -0.124884 -0.990528 0.057076
vn -0.142090 -0.987478 0.068540
vn -0.157699 -0.984135 0.081300
vn -0.171587 -0.980561 0.095176
vn -0.183658 -0.976818 0.109986
vn -0.193852 -0.972965 0.125543
vn -0.202136 -0.969058 0.141662
vn -0.208503 -0.965148 0.158162
vn -0.212972 -0.961282 0.174872
vn -0.215584 -0.957498 0.191628
vn -0.216397 -0.953830 0.208280
vn -0.215485 -0.950306 0.224689
vn -0.212933 -0.946947 0.240729
vn -0.208837 -0.943771 0.256288
vn -0.203298 -0.940789 0.271269
vn -0.196424 -0.938008 0.285586
vn -0.188322 -0.935432 0.299167
vn -0.179153 -0.932847 0.312572
vn -0.166448 -0.928312 0.332462
vn -0.151891 -0.923521 0.352191
vn -0.133718 -0.919829 0.368828
vn -0.114623 -0.917402 0.381098
vn -0.094860 -0.914760 0.392702
vn -0.075077 -0.911880 0.403531
vn -0.056130 -0.908797 0.413445
vn -0.038996 -0.905625 0.422283
vn -0.024603 -0.902554 0.429873
vn -0.013605 -0.899823 0.436044
vn -0.006149 -0.897667 0.440631
vn -0.001725 -0.896275 0.443496
vn 0.000821 -0.895758 0.444542
vn 0.003084 -0.896155 0.443730
vn 0.006745 -0.897437 0.441090
vn 0.013176 -0.899506 0.436710
vn 0.023147 -0.902190 0.430718
vn 0.036726 -0.905261 0.423266
vn 0.053368 -0.908474 0.414520
vn 0.072149 -0.911618 0.404658
vn 0.092024 -0.914556 0.393851
vn 0.112043 -0.917238 0.382258
vn 0.132946 -0.920714 0.366894
vn 0.147353 -0.924276 0.352139
vn 0.163996 -0.928263 0.333817
vn 0.178002 -0.932070 0.315532
vn 0.187294 -0.935097 0.300855
vn 0.195530 -0.937771 0.286971
vn 0.202530 -0.940531 0.272733
vn 0.208206 -0.943492 0.257822
vn 0.212451 -0.946648 0.242325
vn 0.215164 -0.949988 0.226336
vn 0.216248 -0.953494 0.209966
vn 0.215617 -0.957146 0.193340
vn 0.213194 -0.960918 0.176593
vn 0.208920 -0.964776 0.159876
vn 0.202752 -0.968681 0.143351
vn 0.194670 -0.972588 0.127188
vn 0.184675 -0.976446 0.111568
vn 0.172799 -0.980201 0.096674
vn 0.159099 -0.983793 0.082694
vn 0.143666 -0.987161 0.069812
vn 0.126622 -0.990242 0.058206
vn 0.108120 -0.992976 0.048045
vn 0.088345 -0.995307 0.039481
vn 0.067511 -0.997184 0.032649
vn 0.045854 -0.998565 0.027656
vn 0.023632 -0.999418 0.024585
vn 0.001098 -0.997032 0.076984
vn -0.016599 -0.996843 0.077639
vn -0.034106 -0.996228 0.079788
vn -0.051226 -0.995199 0.083399
vn -0.067768 -0.993775 0.088421
vn -0.083553 -0.991986 0.094781
vn -0.098420 -0.989864 0.102389
vn -0.112224 -0.987448 0.111141
vn -0.124841 -0.984781 0.120920
vn -0.136168 -0.981906 0.131601
vn -0.146123 -0.978869 0.143053
vn -0.154647 -0.975713 0.155139
vn -0.161703 -0.972482 0.167725
vn -0.167271 -0.969215 0.180674
vn -0.171351 -0.965949 0.193857
vn -0.173961 -0.962719 0.207148
vn -0.175132 -0.959552 0.220428
vn -0.174907 -0.956475 0.233586
vn -0.173342 -0.953510 0.246520
vn -0.170499 -0.950673 0.259135
vn -0.166450 -0.947979 0.271348
vn -0.161270 -0.945439 0.283084
vn -0.155037 -0.943061 0.294278
vn -0.147832 -0.940850 0.304871
vn -0.139749 -0.938761 0.314957
vn -0.130146 -0.935054 0.329751
vn -0.116088 -0.929441 0.350234
vn -0.099624 -0.923725 0.369873
vn -0.087626 -0.919870 0.382309
vn -0.075008 -0.915852 0.394448
vn -0.057694 -0.911750 0.406673
vn -0.043987 -0.909121 0.414203
vn -0.031840 -0.906679 0.420618
vn -0.021485 -0.904567 0.425790
vn -0.012908 -0.902923 0.429608
vn -0.005807 -0.901861 0.431986
vn 0.000386 -0.901456 0.432871
vn 0.006415 -0.901734 0.432243
vn 0.013064 -0.902679 0.430116
vn 0.021006 -0.904225 0.426539
vn 0.030674 -0.906270 0.421585
vn 0.042208 -0.908680 0.415355
vn 0.058789 -0.912329 0.405215
vn 0.070827 -0.916420 0.393902
vn 0.082852 -0.920427 0.382034
vn 0.094572 -0.924252 0.369884
vn 0.113508 -0.929086 0.352017
vn 0.130560 -0.933851 0.332981
vn 0.137313 -0.937378 0.320105
vn 0.146733 -0.940571 0.306260
vn 0.154077 -0.942797 0.295626
vn 0.160433 -0.945153 0.284511
vn 0.165747 -0.947673 0.272845
vn 0.169941 -0.950347 0.260694
vn 0.172939 -0.953165 0.248131
vn 0.174669 -0.956114 0.235238
vn 0.175068 -0.959176 0.222109
vn 0.174079 -0.962331 0.208844
vn 0.171656 -0.965553 0.195552
vn 0.167767 -0.968815 0.182353
vn 0.162392 -0.972082 0.169370
vn 0.155529 -0.975318 0.156734
vn 0.147195 -0.978484 0.144578
vn 0.137424 -0.981537 0.133040
vn 0.126273 -0.984434 0.122253
vn 0.113820 -0.987128 0.112351
vn 0.100165 -0.989577 0.103461
vn 0.085429 -0.991738 0.095699
vn 0.069756 -0.993571 0.089173
vn 0.053303 -0.995041 0.083973
vn 0.036249 -0.996121 0.080175
vn 0.018781 -0.996789 0.077834
vn 0.001080 -0.992015 0.126114
vn -0.012048 -0.991886 0.126560
vn -0.025051 -0.991448 0.128073
vn -0.037791 -0.990710 0.130634
vn -0.050139 -0.989684 0.134210
vn -0.061970 -0.988386 0.138756
vn -0.073170 -0.986838 0.144214
vn -0.083634 -0.985063 0.150518
vn -0.093271 -0.983090 0.157591
vn -0.102002 -0.980946 0.165352
vn -0.109761 -0.978661 0.173711
vn -0.116498 -0.976265 0.182579
vn -0.122174 -0.973788 0.191861
vn -0.126765 -0.971258 0.201464
vn -0.130261 -0.968704 0.211295
vn -0.132660 -0.966149 0.221263
vn -0.133975 -0.963618 0.231281
vn -0.134227 -0.961132 0.241265
vn -0.133445 -0.958709 0.251137
vn -0.131667 -0.956366 0.260823
vn -0.128934 -0.954117 0.270255
vn -0.125297 -0.951973 0.279371
vn -0.120807 -0.949945 0.288115
vn -0.115519 -0.948041 0.296436
vn -0.109492 -0.946266 0.304291
vn -0.102785 -0.944625 0.311639
vn -0.095249 -0.942880 0.319225
vn -0.085146 -0.939168 0.332735
vn -0.080109 -0.935914 0.342998
vn -0.073832 -0.932508 0.353522
vn -0.056072 -0.927551 0.369467
vn -0.037435 -0.923072 0.382800
vn -0.029265 -0.920894 0.388714
vn -0.021415 -0.919070 0.393511
vn -0.013951 -0.917694 0.397042
vn -0.006858 -0.916839 0.399199
vn -0.000043 -0.916551 0.399918
vn 0.006642 -0.916846 0.399185
vn 0.013366 -0.917708 0.397030
vn 0.020277 -0.919088 0.393530
vn 0.027464 -0.920914 0.388798
vn 0.034941 -0.923094 0.382983
vn 0.054608 -0.926688 0.371843
vn 0.074027 -0.930783 0.357998
vn 0.080641 -0.934270 0.347328
vn 0.085976 -0.937662 0.336745
vn 0.090291 -0.940914 0.326385
vn 0.101177 -0.944195 0.313464
vn 0.108349 -0.945998 0.305530
vn 0.114490 -0.947751 0.297760
vn 0.119900 -0.949634 0.289517
vn 0.124524 -0.951641 0.280843
vn 0.128305 -0.953765 0.271789
vn 0.131190 -0.955997 0.262410
vn 0.133130 -0.958324 0.252767
vn 0.134081 -0.960734 0.242925
vn 0.134005 -0.963210 0.232959
vn 0.132871 -0.965733 0.222945
vn 0.130656 -0.968284 0.212966
vn 0.127347 -0.970840 0.203109
vn 0.122941 -0.973374 0.193464
vn 0.117449 -0.975861 0.184123
vn 0.110892 -0.978271 0.175181
vn 0.103305 -0.980576 0.166730
vn 0.094736 -0.982745 0.158863
vn 0.085250 -0.984748 0.151668
vn 0.074922 -0.986557 0.145229
vn 0.063841 -0.988145 0.139623
vn 0.052111 -0.989486 0.134918
vn 0.039844 -0.990559 0.131173
vn 0.027162 -0.991346 0.128436
vn 0.014196 -0.991834 0.126742
vn 0.001062 -0.985246 0.171139
vn -0.007750 -0.985171 0.171401
vn -0.016487 -0.984897 0.172353
vn -0.025068 -0.984429 0.173985
vn -0.033410 -0.983773 0.176279
vn -0.041436 -0.982938 0.179209
vn -0.049074 -0.981935 0.182743
vn -0.056256 -0.980778 0.186843
vn -0.062920 -0.979481 0.191464
vn -0.069014 -0.978060 0.196560
vn -0.074490 -0.976533 0.202077
vn -0.079309 -0.974917 0.207960
vn -0.083440 -0.973230 0.214152
vn -0.086860 -0.971490 0.220596
vn -0.089553 -0.969715 0.227231
vn -0.091512 -0.967920 0.234000
vn -0.092734 -0.966123 0.240844
vn -0.093226 -0.964339 0.247708
vn -0.092998 -0.962581 0.254536
vn -0.092068 -0.960863 0.261278
vn -0.090458 -0.959195 0.267884
vn -0.088194 -0.957589 0.274308
vn -0.085305 -0.956054 0.280507
vn -0.081825 -0.954597 0.286442
vn -0.077789 -0.953227 0.292075
vn -0.073236 -0.951948 0.297375
vn -0.068205 -0.950766 0.302310
vn -0.062737 -0.949686 0.306856
vn -0.056874 -0.948710 0.310989
vn -0.050658 -0.947843 0.314687
vn -0.044032 -0.947055 0.318039
vn -0.030197 -0.944547 0.326984
vn -0.025365 -0.942828 0.332314
vn -0.019782 -0.941361 0.336820
vn -0.013593 -0.940220 0.340297
vn -0.006977 -0.939463 0.342580
vn -0.000131 -0.939131 0.343558
vn 0.006734 -0.939244 0.343185
vn 0.013411 -0.939794 0.341478
vn 0.019706 -0.940752 0.338522
vn 0.025444 -0.942068 0.334457
vn 0.030483 -0.943675 0.329467
vn 0.034710 -0.945500 0.323766
vn 0.048951 -0.947631 0.315594
vn 0.055356 -0.948496 0.311916
vn 0.061306 -0.949446 0.307887
vn 0.066871 -0.950501 0.303440
vn 0.072009 -0.951659 0.298597
vn 0.076680 -0.952914 0.293385
vn 0.080842 -0.954263 0.287831
vn 0.084458 -0.955699 0.281969
vn 0.087493 -0.957215 0.275833
vn 0.089910 -0.958805 0.269462
vn 0.091682 -0.960458 0.262899
vn 0.092779 -0.962164 0.256188
vn 0.093179 -0.963913 0.249378
vn 0.092864 -0.965691 0.242521
vn 0.091822 -0.967486 0.235669
vn 0.090044 -0.969282 0.228878
vn 0.087532 -0.971062 0.222207
vn 0.084290 -0.972812 0.215713
vn 0.080332 -0.974513 0.209455
vn 0.075681 -0.976147 0.203492
vn 0.070365 -0.977697 0.197881
vn 0.064420 -0.979145 0.192678
vn 0.057893 -0.980474 0.187935
vn 0.050834 -0.981666 0.183703
vn 0.043304 -0.982708 0.180026
vn 0.035368 -0.983585 0.176944
vn 0.027097 -0.984286 0.174491
vn 0.018569 -0.984801 0.172693
vn 0.009863 -0.985122 0.171572
vn 0.001044 -0.977495 0.210956
vn -0.003831 -0.977465 0.211061
vn -0.008672 -0.977332 0.211536
vn -0.013438 -0.977096 0.212375
vn -0.018087 -0.976760 0.213571
vn -0.022580 -0.976328 0.215113
vn -0.026878 -0.975805 0.216985
vn -0.030946 -0.975196 0.219169
vn -0.034751 -0.974508 0.221646
vn -0.038262 -0.973747 0.224392
vn -0.041452 -0.972923 0.227383
vn -0.044297 -0.972042 0.230591
vn -0.046777 -0.971114 0.233988
vn -0.048877 -0.970146 0.237544
vn -0.050581 -0.969149 0.241230
vn -0.051882 -0.968131 0.245013
vn -0.052775 -0.967100 0.248863
vn -0.053255 -0.966065 0.252750
vn -0.053326 -0.965034 0.256642
vn -0.052992 -0.964016 0.260510
vn -0.052259 -0.963017 0.264325
vn -0.051139 -0.962044 0.268058
vn -0.049644 -0.961105 0.271684
vn -0.047789 -0.960205 0.275177
vn -0.045593 -0.959350 0.278513
vn -0.043074 -0.958544 0.281670
vn -0.040253 -0.957793 0.284627
vn -0.037154 -0.957100 0.287366
vn -0.033800 -0.956469 0.289870
vn -0.030217 -0.955903 0.292123
vn -0.026429 -0.955405 0.294113
vn -0.022465 -0.954978 0.295826
vn -0.018351 -0.954622 0.297254
vn -0.014115 -0.954340 0.298388
vn -0.009787 -0.954133 0.299222
vn -0.005395 -0.954002 0.299751
vn -0.000967 -0.953948 0.299972
vn 0.003467 -0.953969 0.299884
vn 0.007878 -0.954068 0.299487
vn 0.012238 -0.954242 0.298784
vn 0.016517 -0.954492 0.297779
vn 0.020686 -0.954816 0.296477
vn 0.024718 -0.955213 0.294885
vn 0.028585 -0.955681 0.293014
vn 0.032260 -0.956218 0.290873
vn 0.035716 -0.956821 0.288475
vn 0.038927 -0.957488 0.285836
vn 0.041871 -0.958214 0.282971
vn 0.044522 -0.958997 0.279898
vn 0.046860 -0.959831 0.276637
vn 0.048864 -0.960713 0.273209
vn 0.050516 -0.961636 0.269638
vn 0.051799 -0.962595 0.265948
vn 0.052701 -0.963583 0.262165
vn 0.053208 -0.964594 0.258317
vn 0.053313 -0.965620 0.254432
vn 0.053010 -0.966654 0.250540
vn 0.052296 -0.967687 0.246671
vn 0.051171 -0.968712 0.242855
vn 0.049640 -0.969719 0.239123
vn 0.047710 -0.970701 0.235508
vn 0.045393 -0.971647 0.232039
vn 0.042703 -0.972549 0.228745
vn 0.039660 -0.973399 0.225658
vn 0.036285 -0.974188 0.222802
vn 0.032604 -0.974908 0.220206
vn 0.028646 -0.975552 0.217892
vn 0.024443 -0.976113 0.215883
vn 0.020030 -0.976585 0.214197
vn 0.015444 -0.976963 0.212850
vn 0.010723 -0.977242 0.211855
vn 0.005909 -0.977420 0.211222
vn 0.001024 -0.971084 0.238736
vn -0.001024 -0.971084 0.238736
vn -0.003065 -0.971043 0.238886
vn -0.005081 -0.970961 0.239185
vn -0.007058 -0.970839 0.239630
vn -0.008979 -0.970677 0.240218
vn -0.010830 -0.970478 0.240945
vn -0.012597 -0.970244 0.241803
vn -0.014265 -0.969975 0.242787
vn -0.015822 -0.969674 0.243889
vn -0.017256 -0.969344 0.245100
vn -0.018556 -0.968988 0.246409
vn -0.019712 -0.968608 0.247808
vn -0.020716 -0.968208 0.249285
vn -0.021560 -0.967791 0.250829
vn -0.022238 -0.967360 0.252427
vn -0.022745 -0.966919 0.254067
vn -0.023078 -0.966471 0.255737
vn -0.023235 -0.966019 0.257423
vn -0.023214 -0.965568 0.259113
vn -0.023018 -0.965120 0.260794
vn -0.022647 -0.964679 0.262453
vn -0.022105 -0.964248 0.264078
vn -0.021396 -0.963830 0.265657
vn -0.020526 -0.963429 0.267177
vn -0.019502 -0.963047 0.268627
vn -0.018332 -0.962686 0.269998
vn -0.017025 -0.962351 0.271278
vn -0.015591 -0.962041 0.272458
vn -0.014041 -0.961761 0.273529
vn -0.012387 -0.961512 0.274484
vn -0.010640 -0.961295 0.275317
vn -0.008815 -0.961112 0.276019
vn -0.006925 -0.960964 0.276588
vn -0.004983 -0.960852 0.277018
vn -0.003005 -0.960777 0.277306
vn -0.001004 -0.960739 0.277451
vn 0.001004 -0.960739 0.277451
vn 0.003005 -0.960777 0.277306
vn 0.004983 -0.960852 0.277018
vn 0.006925 -0.960964 0.276588
vn 0.008815 -0.961112 0.276019
vn 0.010640 -0.961295 0.275317
vn 0.012387 -0.961512 0.274484
vn 0.014041 -0.961761 0.273529
vn 0.015591 -0.962041 0.272458
vn 0.017025 -0.962351 0.271278
vn 0.018332 -0.962686 0.269998
vn 0.019502 -0.963047 0.268627
vn 0.020526 -0.963429 0.267177
vn 0.021396 -0.963830 0.265657
vn 0.022105 -0.964248 0.264078
vn 0.022647 -0.964679 0.262453
vn 0.023018 -0.965120 0.260794
vn 0.023214 -0.965568 0.259113
vn 0.023235 -0.966019 0.257423
vn 0.023078 -0.966471 0.255737
vn 0.022745 -0.966919 0.254067
vn 0.022238 -0.967360 0.252427
vn 0.021560 -0.967791 0.250829
vn 0.020716 -0.968208 0.249285
vn 0.019712 -0.968608 0.247808
vn 0.018556 -0.968988 0.246409
vn 0.017256 -0.969344 0.245100
vn 0.015822 -0.969674 0.243889
vn 0.014265 -0.969975 0.242787
vn 0.012597 -0.970244 0.241803
vn 0.010830 -0.970478 0.240945
vn 0.008979 -0.970677 0.240218
vn 0.007058 -0.970839 0.239630
vn 0.005081 -0.970961 0.239185
vn 0.003065 -0.971043 0.238886
vn 0.000000 -1.000000 0.000000
vn 0.000000 -1.000000 0.000000
vn 0.000000 -1.000000 0.000000
vn 0.000000 -1.000000 0.000000
vn 0.000000 -1.000000 0.000000
vn 0.000000 -1.000000 0.000000
vn 0.000000 -1.000000 0.000000
vn 0.000000 -1.000000 0.000000
vn 0.000000 -1.000000 0.000000
vn 0.000000 -1.000000 0.000000
vn 0.000000 -1.000000 0.000000
vn 0.000000 -1.000000 0.000000
vn 0.000000 -1.000000 0.000000
vn 0.000000 -1.000000 0.000000
vn 0.000000 -1.000000 0.000000
vn 0.000000 -1.000000 0.000000
vn 0.000000 -1.000000 0.000000
vn 0.000000 -1.000000 0.000000
vn 0.000000 -1.000000 0.000000
vn 0.000000 -1.000000 0.000000
vn 0.000000 -1.000000 0.000000
vn 0.000000 -1.000000 0.000000
vn 0.000000 -1.000000 0.000000
vn 0.000000 -1.000000 0.000000
vn 0.000000 -1.000000 0.000000
vn 0.000000 -1.000000 0.000000
vn 0.000000 -1.000000 0.000000
vn 0.000000 -1.000000 0.000000
vn 0.000000 -1.000000 0.000000
vn 0.000000 -1.000000 0.000000
vn 0.000000 -1.000000 0.000000
vn 0.000000 -1.000000 0.000000
vn 0.000000 -1.000000 0.000000
vn 0.000000 -1.000000 0.000000
vn 0.000000 -1.000000 0.000000
vn 0.000000 -1.000000 0.000000
vn 0.000000 -1.000000 0.000000
vn 0.000000 -1.000000 0.000000
vn 0.000000 -1.000000 0.000000
vn 0.000000 -1.000000 0.000000
vn 0.000000 -1.000000 0.000000
vn 0.000000 -1.000000 0.000000
vn 0.000000 -1.000000 0.000000
vn 0.000000 -1.000000 0.000000
vn 0.000000 -1.000000 0.000000
vn 0.000000 -1.000000 0.000000
vn 0.000000 -1.000000 0.000000
vn 0.000000 -1.000000 0.000000
vn 0.000000 -1.000000 0.000000
vn 0.000000 -1.000000 0.000000
vn 0.000000 -1.000000 0.000000
vn 0.000000 -1.000000 0.000000
vn 0.000000 -1.000000 0.000000
vn 0.000000 -1.000000 0.000000
vn 0.000000 -1.000000 0.000000
vn 0.000000 -1.000000 0.000000
vn 0.000000 -1.000000 0.000000
vn 0.000000 -1.000000 0.000000
vn 0.000000 -1.000000 0.000000
vn 0.000000 -1.000000 0.000000
vn 0.000000 -1.000000 0.000000
vn 0.000000 -1.000000 0.000000
vn 0.000000 -1.000000 0.000000
vn 0.000000 -1.000000 0.000000
vn 0.000000 -1.000000 0.000000
vn 0.000000 -1.000000 0.000000
vn 0.000000 -1.000000 0.000000
vn 0.000000 -1.000000 0.000000
vn 0.000000 -1.000000 0.000000
vn 0.000000 -1.000000 0.000000
vn 0.000000 -1.000000 0.000000
vn 0.000000 -1.000000 0.000000
vn 0.000000 -1.000000 0.000000
vn 0.000000 -1.000000 0.000000
vn 0.000000 -1.000000 0.000000
vn 0.000000 -1.000000 0.000000
vn 0.000000 -1.000000 0.000000
vn 0.000000 -1.000000 0.000000
vn 0.000000 -1.000000 0.000000
vn 0.000000 -1.000000 0.000000
vn 0.000000 -1.000000 0.000000
vn 0.000000 -1.000000 0.000000
vn 0.000000 -1.000000 0.000000
vn 0.000000 -1.000000 0.000000
vn 0.000000 -1.000000 0.000000
vn 0.000000 -1.000000 0.000000
vn 0.000000 -1.000000 0.000000
vn 0.000000 -1.000000 0.000000
vn 0.000000 -1.000000 0.000000
vn 0.000000 -1.000000 0.000000
vn 0.000000 -1.000000 0.000000
vn 0.000000 -1.000000 0.000000
vn 0.000000 -1.000000 0.000000
vn 0.000000 -1.000000 0.000000
vn 0.000000 -1.000000 0.000000
vn 0.000000 -1.000000 0.000000
vn 0.000000 -1.000000 0.000000
vn 0.000000 -1.000000 0.000000
vn 0.000000 -1.000000 0.000000
vn 0.000000 -1.000000 0.000000
vn 0.000000 -1.000000 0.000000
vn 0.000000 -1.000000 0.000000
vn 0.000000 -1.000000 0.000000
vn 0.000000 -1.000000 0.000000
vn 0.000000 -1.000000 0.000000
vn 0.000000 -1.000000 0.000000
vn 0.000000 -1.000000 0.000000
vn 0.000000 -1.000000 0.000000
vn 0.000000 -1.000000 0.000000
vn 0.000000 -1.000000 0.000000
vn 0.000000 -1.000000 0.000000
vn 0.000000 -1.000000 0.000000
vn 0.000000 -1.000000 0.000000
vn 0.000000 -1.000000 0.000000
vn 0.000000 -1.000000 0.000000
vn 0.000000 -1.000000 0.000000
vn 0.000000 -1.000000 0.000000
vn 0.000000 -1.000000 0.000000
vn 0.000000 -1.000000 0.000000
vn 0.000000 -1.000000 0.000000
vn 0.000000 -1.000000 0.000000
vn 0.000000 -1.000000 0.000000
vn 0.000000 -1.000000 0.000000
vn 0.000000 -1.000000 0.000000
vn 0.000000 -1.000000 0.000000
vn 0.000000 -1.000000 0.000000
vn 0.000000 -1.000000 0.000000
vn 0.000000 -1.000000 0.000000
vn 0.000000 -1.000000 0.000000
vn 0.000000 -1.000000 0.000000
vn 0.000000 -1.000000 0.000000
vn 0.000000 -1.000000 0.000000
vn 0.000000 -1.000000 0.000000
vn 0.000000 -1.000000 0.000000
vn 0.000000 -1.000000 0.000000
vn 0.000000 -1.000000 0.000000
vn 0.000000 -1.000000 0.000000
vn 0.000000 -1.000000 0.000000
vn 0.000000 -1.000000 0.000000
vn 0.000000 -1.000000 0.000000
vn 0.000000 -1.000000 0.000000
vn 0.000000 -1.000000 0.000000
vn 0.000000 -1.000000 0.000000
vn 0.000000 -1.000000 0.000000
vn -0.657405 0.752050 0.047316
vn -0.308914 0.948819 0.065679
vn -0.210902 0.975607 0.060925
vn -0.159394 0.985521 0.057814
vn -0.125454 0.990577 0.054944
vn -0.100571 0.993571 0.051974
vn -0.081284 0.995493 0.048856
vn -0.065880 0.996783 0.045638
vn -0.053382 0.997674 0.042402
vn -0.043157 0.998298 0.039226
vn -0.034760 0.998740 0.036183
vn -0.027852 0.999056 0.033330
vn -0.022163 0.999282 0.030714
vn -0.017474 0.999445 0.028367
vn -0.013597 0.999561 0.026315
vn -0.010374 0.999644 0.024576
vn -0.007664 0.999702 0.023163
vn -0.005343 0.999742 0.022083
vn -0.003300 0.999767 0.021343
vn -0.001427 0.999780 0.020946
vn 0.000374 0.999782 0.020894
vn 0.002201 0.999773 0.021187
vn 0.004154 0.999753 0.021826
vn 0.006336 0.999720 0.022808
vn 0.008855 0.999670 0.024129
vn 0.011829 0.999598 0.025784
vn 0.015393 0.999496 0.027764
vn 0.019695 0.999354 0.030055
vn 0.024911 0.999157 0.032638
vn 0.031247 0.998882 0.035485
vn 0.038953 0.998497 0.038561
vn 0.048339 0.997955 0.041818
vn 0.059811 0.997186 0.045198
vn 0.073929 0.996077 0.048634
vn 0.091536 0.994440 0.052058
vn 0.114047 0.991928 0.055425
vn 0.144178 0.987805 0.058763
vn 0.188161 0.980160 0.062307
vn 0.264820 0.961974 0.066899
vn 0.521915 0.850039 0.070977
vn 0.976277 0.000000 0.216525
vn -0.892832 0.437121 -0.108520
vn -0.502349 0.864051 0.032591
vn -0.311384 0.948304 0.061316
vn -0.233870 0.969992 0.066484
vn -0.185832 0.980238 0.067822
vn -0.151588 0.986140 0.067446
vn -0.125294 0.989916 0.066091
vn -0.104231 0.992483 0.064133
vn -0.086934 0.994294 0.061815
vn -0.072511 0.995602 0.059314
vn -0.060364 0.996561 0.056760
vn -0.050058 0.997272 0.054255
vn -0.041258 0.997801 0.051876
vn -0.033692 0.998197 0.049680
vn -0.027135 0.998493 0.047711
vn -0.021394 0.998712 0.046001
vn -0.016302 0.998873 0.044574
vn -0.011708 0.998987 0.043445
vn -0.007476 0.999063 0.042627
vn -0.003480 0.999106 0.042125
vn 0.000399 0.999120 0.041945
vn 0.004280 0.999105 0.042088
vn 0.008278 0.999060 0.042551
vn 0.012514 0.998982 0.043331
vn 0.017114 0.998866 0.044419
vn 0.022215 0.998703 0.045804
vn 0.027967 0.998481 0.047469
vn 0.034538 0.998182 0.049389
vn 0.042123 0.997783 0.051530
vn 0.050948 0.997249 0.053849
vn 0.061287 0.996532 0.056283
vn 0.073480 0.995565 0.058752
vn 0.087969 0.994245 0.061146
vn 0.105363 0.992416 0.063320
vn 0.126575 0.989820 0.065072
vn 0.153110 0.985996 0.066104
vn 0.187767 0.980000 0.065911
vn 0.236586 0.969539 0.063418
vn 0.315934 0.947174 0.055207
vn 0.520347 0.853955 0.000633
vn 0.847340 0.530762 0.017521
vn -0.922566 0.285430 -0.259620
vn -0.670956 0.739655 -0.052224
vn -0.446683 0.893229 0.051144
vn -0.346106 0.935110 0.076026
vn -0.281928 0.955457 0.087289
vn -0.235480 0.967426 0.092928
vn -0.199312 0.975260 0.095623
vn -0.169853 0.980726 0.096574
vn -0.145166 0.984697 0.096429
vn -0.124087 0.987657 0.095585
vn -0.105847 0.989900 0.094313
vn -0.089902 0.991617 0.092804
vn -0.075837 0.992941 0.091199
vn -0.063318 0.993963 0.089603
vn -0.052068 0.994750 0.088097
vn -0.041850 0.995352 0.086739
vn -0.032455 0.995803 0.085574
vn -0.023696 0.996130 0.084634
vn -0.015400 0.996352 0.083943
vn -0.007407 0.996479 0.083515
vn 0.000438 0.996520 0.083358
vn 0.008283 0.996475 0.083476
vn 0.016280 0.996344 0.083866
vn 0.024582 0.996119 0.084517
vn 0.033351 0.995787 0.085415
vn 0.042758 0.995331 0.086536
vn 0.052992 0.994724 0.087846
vn 0.064262 0.993929 0.089301
vn 0.076809 0.992899 0.090838
vn 0.090910 0.991565 0.092377
vn 0.106903 0.989834 0.093807
vn 0.125208 0.987574 0.094981
vn 0.146381 0.984589 0.095696
vn 0.171203 0.980580 0.095664
vn 0.200864 0.975055 0.094449
vn 0.237350 0.967122 0.091326
vn 0.284321 0.954961 0.084922
vn 0.349430 0.934185 0.072092
vn 0.451965 0.890992 0.043133
vn 0.685117 0.722739 -0.090908
vn 0.923267 0.346597 -0.165674
vn -0.910311 0.195073 -0.365076
vn -0.779527 0.609434 -0.144666
vn -0.565491 0.824228 0.029466
vn -0.451233 0.889026 0.077596
vn -0.374498 0.921703 0.101069
vn -0.317570 0.941338 0.114160
vn -0.272494 0.954409 0.121861
vn -0.235233 0.963686 0.126392
vn -0.203537 0.970543 0.128913
vn -0.176043 0.975746 0.130108
vn -0.151857 0.979761 0.130416
vn -0.130349 0.982890 0.130142
vn -0.111041 0.985342 0.129505
vn -0.093552 0.987265 0.128666
vn -0.077564 0.988769 0.127748
vn -0.062802 0.989933 0.126842
vn -0.049021 0.990816 0.126017
vn -0.036003 0.991462 0.125325
vn -0.023541 0.991903 0.124801
vn -0.011444 0.992157 0.124469
vn 0.000473 0.992239 0.124344
vn 0.012391 0.992151 0.124430
vn 0.024493 0.991889 0.124721
vn 0.036962 0.991442 0.125204
vn 0.049991 0.990788 0.125854
vn 0.063786 0.989897 0.126632
vn 0.078568 0.988723 0.127489
vn 0.094582 0.987208 0.128352
vn 0.112104 0.985271 0.129129
vn 0.131456 0.982801 0.129695
vn 0.153022 0.979650 0.129882
vn 0.177287 0.975607 0.129464
vn 0.204892 0.970363 0.128123
vn 0.236747 0.963445 0.125395
vn 0.274241 0.954075 0.120551
vn 0.319672 0.940845 0.112338
vn 0.377158 0.920914 0.098328
vn 0.454814 0.887590 0.072992
vn 0.570678 0.820927 0.020170
vn 0.786357 0.589930 -0.183373
vn 0.925103 0.232684 -0.300072
vn -0.887788 0.139909 -0.438473
vn -0.838651 0.495371 -0.226433
vn -0.662453 0.749101 0.001618
vn -0.544756 0.835400 0.073135
vn -0.460210 0.880987 0.109854
vn -0.395368 0.909090 0.131302
vn -0.342941 0.928143 0.144711
vn -0.298898 0.941879 0.153373
vn -0.260890 0.952184 0.159001
vn -0.227466 0.960116 0.162593
vn -0.197669 0.966320 0.164779
vn -0.170821 0.971220 0.165987
vn -0.146413 0.975107 0.166523
vn -0.124034 0.978190 0.166611
vn -0.103340 0.980625 0.166421
vn -0.084031 0.982525 0.166080
vn -0.065838 0.983979 0.165685
vn -0.048513 0.985048 0.165306
vn -0.031826 0.985781 0.164996
vn -0.015557 0.986206 0.164788
vn 0.000504 0.986343 0.164703
vn 0.016567 0.986197 0.164747
vn 0.032841 0.985761 0.164914
vn 0.049536 0.985018 0.165181
vn 0.066873 0.983937 0.165516
vn 0.085083 0.982471 0.165864
vn 0.104414 0.980556 0.166153
vn 0.125136 0.978105 0.166286
vn 0.147551 0.975002 0.166132
vn 0.172008 0.971091 0.165519
vn 0.198919 0.966160 0.164217
vn 0.228802 0.959914 0.161911
vn 0.262345 0.951925 0.158157
vn 0.300521 0.941537 0.152298
vn 0.344807 0.927673 0.143284
vn 0.397590 0.908407 0.129298
vn 0.462963 0.879917 0.106824
vn 0.548291 0.833513 0.068063
vn 0.666967 0.745040 -0.008355
vn 0.839155 0.476808 -0.261674
vn 0.904933 0.163569 -0.392863
vn -0.864746 0.104575 -0.491201
vn -0.866593 0.404020 -0.292889
vn -0.737546 0.674706 -0.028240
vn -0.624655 0.778228 0.064547
vn -0.537021 0.835765 0.114475
vn -0.467115 0.872284 0.144656
vn -0.409193 0.897551 0.164206
vn -0.359648 0.916068 0.177404
vn -0.316245 0.930165 0.186502
vn -0.277557 0.941162 0.192812
vn -0.242633 0.949873 0.197157
vn -0.210797 0.956832 0.200092
vn -0.181534 0.962412 0.202012
vn -0.154431 0.966880 0.203208
vn -0.129135 0.970438 0.203896
vn -0.105337 0.973236 0.204243
vn -0.082752 0.975389 0.204374
vn -0.061118 0.976981 0.204384
vn -0.040184 0.978075 0.204339
vn -0.019711 0.978713 0.204287
vn 0.000532 0.978918 0.204252
vn 0.020778 0.978699 0.204244
vn 0.041255 0.978048 0.204254
vn 0.062198 0.976940 0.204255
vn 0.083845 0.975332 0.204199
vn 0.106447 0.973163 0.204018
vn 0.130267 0.970346 0.203617
vn 0.155591 0.966766 0.202868
vn 0.182732 0.962271 0.201604
vn 0.212044 0.956659 0.199602
vn 0.243945 0.949659 0.196566
vn 0.278956 0.940895 0.192093
vn 0.317763 0.929826 0.185609
vn 0.361332 0.915626 0.176260
vn 0.411110 0.896952 0.162681
vn 0.469361 0.871430 0.142510
vn 0.539725 0.834460 0.111238
vn 0.627933 0.776013 0.059194
vn 0.741128 0.670265 -0.038401
vn 0.862982 0.387862 -0.323768
vn 0.880742 0.120095 -0.458117
vn -0.843859 0.080850 -0.530439
vn -0.877202 0.333337 -0.345549
vn -0.793810 0.605444 -0.057473
vn -0.690948 0.720925 0.053464
vn -0.604120 0.788434 0.115806
vn -0.531821 0.832617 0.154646
vn -0.470285 0.863858 0.180504
vn -0.416611 0.887153 0.198484
vn -0.368838 0.905153 0.211321
vn -0.325664 0.919387 0.220614
vn -0.286203 0.930802 0.227368
vn -0.249820 0.940024 0.232261
vn -0.216031 0.947492 0.235773
vn -0.184441 0.953528 0.238256
vn -0.154711 0.958371 0.239979
vn -0.126533 0.962205 0.241144
vn -0.099625 0.965171 0.241907
vn -0.073718 0.967375 0.242385
vn -0.048551 0.968895 0.242663
vn -0.023875 0.969783 0.242799
vn 0.000557 0.970070 0.242826
vn 0.024992 0.969766 0.242755
vn 0.049673 0.968860 0.242574
vn 0.074847 0.967322 0.242250
vn 0.100767 0.965099 0.241724
vn 0.127691 0.962111 0.240909
vn 0.155890 0.958253 0.239688
vn 0.185649 0.953382 0.237902
vn 0.217275 0.947314 0.235346
vn 0.251111 0.939806 0.231749
vn 0.287556 0.930535 0.226750
vn 0.327100 0.919058 0.219859
vn 0.370385 0.904740 0.210382
vn 0.418312 0.886620 0.197280
vn 0.472197 0.863148 0.178900
vn 0.534017 0.831626 0.152395
vn 0.606677 0.786957 0.112436
vn 0.693853 0.718517 0.047985
vn 0.796440 0.600940 -0.067490
vn 0.871270 0.319777 -0.372333
vn 0.857898 0.091463 -0.505613
vn -0.825609 0.064248 -0.560573
vn -0.878726 0.278965 -0.387322
vn -0.835213 0.543361 -0.084721
vn -0.744910 0.665896 0.041133
vn -0.661654 0.740989 0.114669
vn -0.589169 0.791652 0.161761
vn -0.525720 0.828273 0.193863
vn -0.469238 0.856066 0.216715
vn -0.418135 0.877874 0.233455
vn -0.371295 0.895354 0.245928
vn -0.327943 0.909547 0.255300
vn -0.287518 0.921142 0.262356
vn -0.249590 0.930627 0.267652
vn -0.213806 0.938361 0.271599
vn -0.179857 0.944614 0.274511
vn -0.147456 0.949597 0.276626
vn -0.116332 0.953473 0.278129
vn -0.086223 0.956366 0.279160
vn -0.056871 0.958366 0.279821
vn -0.028021 0.959538 0.280181
vn 0.000579 0.959918 0.280282
vn 0.029181 0.959517 0.280135
vn 0.058035 0.958324 0.279728
vn 0.087395 0.956300 0.279020
vn 0.117515 0.953384 0.277938
vn 0.148654 0.949482 0.276381
vn 0.181074 0.944470 0.274207
vn 0.215049 0.938184 0.271229
vn 0.250866 0.930412 0.267206
vn 0.288836 0.920882 0.261820
vn 0.329317 0.909231 0.254654
vn 0.372744 0.894968 0.245140
vn 0.419684 0.877394 0.232476
vn 0.470923 0.855458 0.215463
vn 0.527585 0.827475 0.192198
vn 0.591264 0.790560 0.159439
vn 0.664008 0.739407 0.111230
vn 0.747402 0.663415 0.035645
vn 0.836997 0.539003 -0.094395
vn 0.871625 0.267712 -0.410609
vn 0.837709 0.071781 -0.541379
vn -0.817044 0.000000 -0.576576
vn -0.862693 0.173275 -0.475118
vn -0.870545 0.473959 -0.132340
vn -0.788263 0.615165 0.014629
vn -0.705292 0.701700 0.100895
vn -0.631057 0.759859 0.156145
vn -0.565329 0.801766 0.193840
vn -0.506434 0.833540 0.220763
vn -0.452875 0.858495 0.240604
vn -0.403552 0.878554 0.255517
vn -0.357689 0.894903 0.266846
vn -0.314732 0.908324 0.275485
vn -0.274264 0.919358 0.282063
vn -0.235946 0.928405 0.287044
vn -0.199482 0.935765 0.290776
vn -0.164600 0.941672 0.293531
vn -0.131040 0.946307 0.295518
vn -0.098546 0.949812 0.296894
vn -0.066865 0.952290 0.297779
vn -0.035745 0.953816 0.298256
vn -0.004935 0.954436 0.298374
vn 0.025815 0.954169 0.298153
vn 0.056755 0.953007 0.297585
vn 0.088137 0.950917 0.296630
vn 0.120212 0.947837 0.295218
vn 0.153230 0.943678 0.293245
vn 0.187445 0.938315 0.290567
vn 0.223115 0.931587 0.286993
vn 0.260506 0.923286 0.282277
vn 0.299900 0.913143 0.276098
vn 0.341613 0.900810 0.268034
vn 0.386023 0.885817 0.257517
vn 0.433613 0.867506 0.243748
vn 0.485042 0.844903 0.225550
vn 0.541233 0.816477 0.201078
vn 0.603448 0.779667 0.167243
vn 0.673197 0.729904 0.118511
vn 0.751322 0.658457 0.044158
vn 0.833340 0.547073 -0.079091
vn 0.874242 0.329506 -0.356548
vn 0.820792 0.091252 -0.563892
vn 0.657405 -0.752050 -0.047316
vn 0.308914 -0.948819 -0.065679
vn 0.210902 -0.975607 -0.060925
vn 0.159394 -0.985521 -0.057814
vn 0.125454 -0.990577 -0.054944
vn 0.100571 -0.993571 -0.051974
vn 0.081284 -0.995493 -0.048856
vn 0.065880 -0.996783 -0.045638
vn 0.053382 -0.997674 -0.042402
vn 0.043157 -0.998298 -0.039226
vn 0.034760 -0.998740 -0.036183
vn 0.027852 -0.999056 -0.033330
vn 0.022163 -0.999282 -0.030714
vn 0.017474 -0.999445 -0.028367
vn 0.013597 -0.999561 -0.026315
vn 0.010374 -0.999644 -0.024576
vn 0.007664 -0.999702 -0.023163
vn 0.005343 -0.999742 -0.022083
vn 0.003300 -0.999767 -0.021343
vn 0.001427 -0.999780 -0.020946
vn -0.000374 -0.999782 -0.020894
vn -0.002201 -0.999773 -0.021187
vn -0.004154 -0.999753 -0.021826
vn -0.006336 -0.999720 -0.022808
vn -0.008855 -0.999670 -0.024129
vn -0.011829 -0.999598 -0.025784
vn -0.015393 -0.999496 -0.027764
vn -0.019695 -0.999354 -0.030055
vn -0.024911 -0.999157 -0.032638
vn -0.031247 -0.998882 -0.035485
vn -0.038953 -0.998497 -0.038561
vn -0.048339 -0.997955 -0.041818
vn -0.059811 -0.997186 -0.045198
vn -0.073929 -0.996077 -0.048634
vn -0.091536 -0.994440 -0.052058
vn -0.114047 -0.991928 -0.055425
vn -0.144178 -0.987805 -0.058763
vn -0.188161 -0.980160 -0.062307
vn -0.264820 -0.961974 -0.066899
vn -0.521915 -0.850039 -0.070977
vn -0.976277 0.000000 -0.216525
vn 0.892832 -0.437121 0.108520
vn 0.502349 -0.864051 -0.032591
vn 0.311384 -0.948304 -0.061316
vn 0.233870 -0.969992 -0.066484
vn 0.185832 -0.980238 -0.067822
vn 0.151588 -0.986140 -0.067446
vn 0.125294 -0.989916 -0.066091
vn 0.104231 -0.992483 -0.064133
vn 0.086934 -0.994294 -0.061815
vn 0.072511 -0.995602 -0.059314
vn 0.060364 -0.996561 -0.056760
vn 0.050058 -0.997272 -0.054255
vn 0.041258 -0.997801 -0.051876
vn 0.033692 -0.998197 -0.049680
vn 0.027135 -0.998493 -0.047711
vn 0.021394 -0.998712 -0.046001
vn 0.016302 -0.998873 -0.044574
vn 0.011708 -0.998987 -0.043445
vn 0.007476 -0.999063 -0.042627
vn 0.003480 -0.999106 -0.042125
vn -0.000399 -0.999120 -0.041945
vn -0.004280 -0.999105 -0.042088
vn -0.008278 -0.999060 -0.042551
vn -0.012514 -0.998982 -0.043331
vn -0.017114 -0.998866 -0.044419
vn -0.022215 -0.998703 -0.045804
vn -0.027967 -0.998481 -0.047469
vn -0.034538 -0.998182 -0.049389
vn -0.042123 -0.997783 -0.051530
vn -0.050948 -0.997249 -0.053849
vn -0.061287 -0.996532 -0.056283
vn -0.073480 -0.995565 -0.058752
vn -0.087969 -0.994245 -0.061146
vn -0.105363 -0.992416 -0.063320
vn -0.126575 -0.989820 -0.065072
vn -0.153110 -0.985996 -0.066104
vn -0.187767 -0.980000 -0.065911
vn -0.236586 -0.969539 -0.063418
vn -0.315934 -0.947174 -0.055207
vn -0.520347 -0.853955 -0.000633
vn -0.847340 -0.530762 -0.017521
vn 0.922566 -0.285430 0.259620
vn 0.670956 -0.739655 0.052224
vn 0.446683 -0.893229 -0.051144
vn 0.346106 -0.935110 -0.076026
vn 0.281928 -0.955457 -0.087289
vn 0.235480 -0.967426 -0.092928
vn 0.199312 -0.975260 -0.095623
vn 0.169853 -0.980726 -0.096574
vn 0.145166 -0.984697 -0.096429
vn 0.124087 -0.987657 -0.095585
vn 0.105847 -0.989900 -0.094313
vn 0.089902 -0.991617 -0.092804
vn 0.075837 -0.992941 -0.091199
vn 0.063318 -0.993963 -0.089603
vn 0.052068 -0.994750 -0.088097
vn 0.041850 -0.995352 -0.086739
vn 0.032455 -0.995803 -0.085574
vn 0.023696 -0.996130 -0.084634
vn 0.015400 -0.996352 -0.083943
vn 0.007407 -0.996479 -0.083515
vn -0.000438 -0.996520 -0.083358
vn -0.008283 -0.996475 -0.083476
vn -0.016280 -0.996344 -0.083866
vn -0.024582 -0.996119 -0.084517
vn -0.033351 -0.995787 -0.085415
vn -0.042758 -0.995331 -0.086536
vn -0.052992 -0.994724 -0.087846
vn -0.064262 -0.993929 -0.089301
vn -0.076809 -0.992899 -0.090838
vn -0.090910 -0.991565 -0.092377
vn -0.106903 -0.989834 -0.093807
vn -0.125208 -0.987574 -0.094981
vn -0.146381 -0.984589 -0.095696
vn -0.171203 -0.980580 -0.095664
vn -0.200864 -0.975055 -0.094449
vn -0.237350 -0.967122 -0.091326
vn -0.284321 -0.954961 -0.084922
vn -0.349430 -0.934185 -0.072092
vn -0.451965 -0.890992 -0.043133
vn -0.685117 -0.722739 0.090908
vn -0.923267 -0.346597 0.165674
vn 0.910311 -0.195073 0.365076
vn 0.779527 -0.609434 0.144666
vn 0.565491 -0.824228 -0.029466
vn 0.451233 -0.889026 -0.077596
vn 0.374498 -0.921703 -0.101069
vn 0.317570 -0.941338 -0.114160
vn 0.272494 -0.954409 -0.121861
vn 0.235233 -0.963686 -0.126392
vn 0.203537 -0.970543 -0.128913
vn 0.176043 -0.975746 -0.130108
vn 0.151857 -0.979761 -0.130416
vn 0.130349 -0.982890 -0.130142
vn 0.111041 -0.985342 -0.129505
vn 0.093552 -0.987265 -0.128666
vn 0.077564 -0.988769 -0.127748
vn 0.062802 -0.989933 -0.126842
vn 0.049021 -0.990816 -0.126017
vn 0.036003 -0.991462 -0.125325
vn 0.023541 -0.991903 -0.124801
vn 0.011444 -0.992157 -0.124469
vn -0.000473 -0.992239 -0.124344
vn -0.012391 -0.992151 -0.124430
vn -0.024493 -0.991889 -0.124721
vn -0.036962 -0.991442 -0.125204
vn -0.049991 -0.990788 -0.125854
vn -0.063786 -0.989897 -0.126632
vn -0.078568 -0.988723 -0.127489
vn -0.094582 -0.987208 -0.128352
vn -0.112104 -0.985271 -0.129129
vn -0.131456 -0.982801 -0.129695
vn -0.153022 -0.979650 -0.129882
vn -0.177287 -0.975607 -0.129464
vn -0.204892 -0.970363 -0.128123
vn -0.236747 -0.963445 -0.125395
vn -0.274241 -0.954075 -0.120551
vn -0.319672 -0.940845 -0.112338
vn -0.377158 -0.920914 -0.098328
vn -0.454814 -0.887590 -0.072992
vn -0.570678 -0.820927 -0.020170
vn -0.786357 -0.589930 0.183373
vn -0.925103 -0.232684 0.300072
vn 0.887788 -0.139909 0.438473
vn 0.838651 -0.495371 0.226433
vn 0.662453 -0.749101 -0.001618
vn 0.544756 -0.835400 -0.073135
vn 0.460210 -0.880987 -0.109854
vn 0.395368 -0.909090 -0.131302
vn 0.342941 -0.928143 -0.144711
vn 0.298898 -0.941879 -0.153373
vn 0.260890 -0.952184 -0.159001
vn 0.227466 -0.960116 -0.162593
vn 0.197669 -0.966320 -0.164779
vn 0.170821 -0.971220 -0.165987
vn 0.146413 -0.975107 -0.166523
vn 0.124034 -0.978190 -0.166611
vn 0.103340 -0.980625 -0.166421
vn 0.084031 -0.982525 -0.166080
vn 0.065838 -0.983979 -0.165685
vn 0.048513 -0.985048 -0.165306
vn 0.031826 -0.985781 -0.164996
vn 0.015557 -0.986206 -0.164788
vn -0.000504 -0.986343 -0.164703
vn -0.016567 -0.986197 -0.164747
vn -0.032841 -0.985761 -0.164914
vn -0.049536 -0.985018 -0.165181
vn -0.066873 -0.983937 -0.165516
vn -0.085083 -0.982471 -0.165864
vn -0.104414 -0.980556 -0.166153
vn -0.125136 -0.978105 -0.166286
vn -0.147551 -0.975002 -0.166132
vn -0.172008 -0.971091 -0.165519
vn -0.198919 -0.966160 -0.164217
vn -0.228802 -0.959914 -0.161911
vn -0.262345 -0.951925 -0.158157
vn -0.300521 -0.941537 -0.152298
vn -0.344807 -0.927673 -0.143284
vn -0.397590 -0.908407 -0.129298
vn -0.462963 -0.879917 -0.106824
vn -0.548291 -0.833513 -0.068063
vn -0.666967 -0.745040 0.008355
vn -0.839155 -0.476808 0.261674
vn -0.904933 -0.163569 0.392863
vn 0.864746 -0.104575 0.491201
vn 0.866593 -0.404020 0.292889
vn 0.737546 -0.674706 0.028240
vn 0.624655 -0.778228 -0.064547
vn 0.537021 -0.835765 -0.114475
vn 0.467115 -0.872284 -0.144656
vn 0.409193 -0.897551 -0.164206
vn 0.359648 -0.916068 -0.177404
vn 0.316245 -0.930165 -0.186502
vn 0.277557 -0.941162 -0.192812
vn 0.242633 -0.949873 -0.197157
vn 0.210797 -0.956832 -0.200092
vn 0.181534 -0.962412 -0.202012
vn 0.154431 -0.966880 -0.203208
vn 0.129135 -0.970438 -0.203896
vn 0.105337 -0.973236 -0.204243
vn 0.082752 -0.975389 -0.204374
vn 0.061118 -0.976981 -0.204384
vn 0.040184 -0.978075 -0.204339
vn 0.019711 -0.978713 -0.204287
vn -0.000532 -0.978918 -0.204252
vn -0.020778 -0.978699 -0.204244
vn -0.041255 -0.978048 -0.204254
vn -0.062198 -0.976940 -0.204255
vn -0.083845 -0.975332 -0.204199
vn -0.106447 -0.973163 -0.204018
vn -0.130267 -0.970346 -0.203617
vn -0.155591 -0.966766 -0.202868
vn -0.182732 -0.962271 -0.201604
vn -0.212044 -0.956659 -0.199602
vn -0.243945 -0.949659 -0.196566
vn -0.278956 -0.940895 -0.192093
vn -0.317763 -0.929826 -0.185609
vn -0.361332 -0.915626 -0.176260
vn -0.411110 -0.896952 -0.162681
vn -0.469361 -0.871430 -0.142510
vn -0.539725 -0.834460 -0.111238
vn -0.627933 -0.776013 -0.059194
vn -0.741128 -0.670265 0.038401
vn -0.862982 -0.387862 0.323768
vn -0.880742 -0.120095 0.458117
vn 0.843859 -0.080850 0.530439
vn 0.877202 -0.333337 0.345549
vn 0.793810 -0.605444 0.057473
vn 0.690948 -0.720925 -0.053464
vn 0.604120 -0.788434 -0.115806
vn 0.531821 -0.832617 -0.154646
vn 0.470285 -0.863858 -0.180504
vn 0.416611 -0.887153 -0.198484
vn 0.368838 -0.905153 -0.211321
vn 0.325664 -0.919387 -0.220614
vn 0.286203 -0.930802 -0.227368
vn 0.249820 -0.940024 -0.232261
vn 0.216031 -0.947492 -0.235773
vn 0.184441 -0.953528 -0.238256
vn 0.154711 -0.958371 -0.239979
vn 0.126533 -0.962205 -0.241144
vn 0.099625 -0.965171 -0.241907
vn 0.073718 -0.967375 -0.242385
vn 0.048551 -0.968895 -0.242663
vn 0.023875 -0.969783 -0.242799
vn -0.000557 -0.970070 -0.242826
vn -0.024992 -0.969766 -0.242755
vn -0.049673 -0.968860 -0.242574
vn -0.074847 -0.967322 -0.242250
vn -0.100767 -0.965099 -0.241724
vn -0.127691 -0.962111 -0.240909
vn -0.155890 -0.958253 -0.239688
vn -0.185649 -0.953382 -0.237902
vn -0.217275 -0.947314 -0.235346
vn -0.251111 -0.939806 -0.231749
vn -0.287556 -0.930535 -0.226750
vn -0.327100 -0.919058 -0.219859
vn -0.370385 -0.904740 -0.210382
vn -0.418312 -0.886620 -0.197280
vn -0.472197 -0.863148 -0.178900
vn -0.534017 -0.831626 -0.152395
vn -0.606677 -0.786957 -0.112436
vn -0.693853 -0.718517 -0.047985
vn -0.796440 -0.600940 0.067490
vn -0.871270 -0.319777 0.372333
vn -0.857898 -0.091463 0.505613
vn 0.825609 -0.064248 0.560573
vn 0.878726 -0.278965 0.387322
vn 0.835213 -0.543361 0.084721
vn 0.744910 -0.665896 -0.041133
vn 0.661654 -0.740989 -0.114669
vn 0.589169 -0.791652 -0.161761
vn 0.525720 -0.828273 -0.193863
vn 0.469238 -0.856066 -0.216715
vn 0.418135 -0.877874 -0.233455
vn 0.371295 -0.895354 -0.245928
vn 0.327943 -0.909547 -0.255300
vn 0.287518 -0.921142 -0.262356
vn 0.249590 -0.930627 -0.267652
vn 0.213806 -0.938361 -0.271599
vn 0.179857 -0.944614 -0.274511
vn 0.147456 -0.949597 -0.276626
vn 0.116332 -0.953473 -0.278129
vn 0.086223 -0.956366 -0.279160
vn 0.056871 -0.958366 -0.279821
vn 0.028021 -0.959538 -0.280181
vn -0.000579 -0.959918 -0.280282
vn -0.029181 -0.959517 -0.280135
vn -0.058035 -0.958324 -0.279728
vn -0.087395 -0.956300 -0.279020
vn -0.117515 -0.953384 -0.277938
vn -0.148654 -0.949482 -0.276381
vn -0.181074 -0.944470 -0.274207
vn -0.215049 -0.938184 -0.271229
vn -0.250866 -0.930412 -0.267206
vn -0.288836 -0.920882 -0.261820
vn -0.329317 -0.909231 -0.254654
vn -0.372744 -0.894968 -0.245140
vn -0.419684 -0.877394 -0.232476
vn -0.470923 -0.855458 -0.215463
vn -0.527585 -0.827475 -0.192198
vn -0.591264 -0.790560 -0.159439
vn -0.664008 -0.739407 -0.111230
vn -0.747402 -0.663415 -0.035645
vn -0.836997 -0.539003 0.094395
vn -0.871625 -0.267712 0.410609
vn -0.837709 -0.071781 0.541379
vn 0.817044 0.000000 0.576576
vn 0.862693 -0.173275 0.475118
vn 0.870545 -0.473959 0.132340
vn 0.788263 -0.615165 -0.014629
vn 0.705292 -0.701700 -0.100895
vn 0.631057 -0.759859 -0.156145
vn 0.565329 -0.801766 -0.193840
vn 0.506434 -0.833540 -0.220763
vn 0.452875 -0.858495 -0.240604
vn 0.403552 -0.878554 -0.255517
vn 0.357689 -0.894903 -0.266846
vn 0.314732 -0.908324 -0.275485
vn 0.274264 -0.919358 -0.282063
vn 0.235946 -0.928405 -0.287044
vn 0.199482 -0.935765 -0.290776
vn 0.164600 -0.941672 -0.293531
vn 0.131040 -0.946307 -0.295518
vn 0.098546 -0.949812 -0.296894
vn 0.066865 -0.952290 -0.297779
vn 0.035745 -0.953816 -0.298256
vn 0.004935 -0.954436 -0.298374
vn -0.025815 -0.954169 -0.298153
vn -0.056755 -0.953007 -0.297585
vn -0.088137 -0.950917 -0.296630
vn -0.120212 -0.947837 -0.295218
vn -0.153230 -0.943678 -0.293245
vn -0.187445 -0.938315 -0.290567
vn -0.223115 -0.931587 -0.286993
vn -0.260506 -0.923286 -0.282277
vn -0.299900 -0.913143 -0.276098
vn -0.341613 -0.900810 -0.268034
vn -0.386023 -0.885817 -0.257517
vn -0.433613 -0.867506 -0.243748
vn -0.485042 -0.844903 -0.225550
vn -0.541233 -0.816477 -0.201078
vn -0.603448 -0.779667 -0.167243
vn -0.673197 -0.729904 -0.118511
vn -0.751322 -0.658457 -0.044158
vn -0.833340 -0.547073 0.079091
vn -0.874242 -0.329506 0.356548
vn -0.820792 -0.091252 0.563892
vn -0.817044 0.000000 -0.576576
vn -0.928484 0.000000 -0.371372
vn -0.996958 0.000000 -0.077941
vn -0.996510 0.000000 0.083468
vn -0.978888 0.000000 0.204398
vn -0.953079 0.000000 0.302723
vn -0.921998 0.000000 0.387196
vn -0.886523 0.000000 0.462685
vn -0.846744 0.000000 0.532000
vn -0.802437 0.000000 0.596737
vn -0.753268 0.000000 0.657713
vn -0.698905 0.000000 0.715215
vn -0.639074 0.000000 0.769145
vn -0.573615 0.000000 0.819125
vn -0.502523 0.000000 0.864564
vn -0.425989 0.000000 0.904728
vn -0.344430 0.000000 0.938812
vn -0.258506 0.000000 0.966010
vn -0.169115 0.000000 0.985596
vn -0.077362 0.000000 0.997003
vn 0.015498 0.000000 0.999880
vn 0.108134 0.000000 0.994136
vn 0.199233 0.000000 0.979952
vn 0.287581 0.000000 0.957756
vn 0.372137 0.000000 0.928178
vn 0.452081 0.000000 0.891977
vn 0.526834 0.000000 0.849969
vn 0.596057 0.000000 0.802942
vn 0.659628 0.000000 0.751592
vn 0.717608 0.000000 0.696447
vn 0.770201 0.000000 0.637801
vn 0.817705 0.000000 0.575637
vn 0.860461 0.000000 0.509516
vn 0.898781 0.000000 0.438399
vn 0.932814 0.000000 0.360359
vn 0.962284 0.000000 0.272048
vn 0.985845 0.000000 0.167658
vn 0.999330 0.000000 0.036608
vn 0.989679 0.000000 -0.143304
vn 0.871069 0.000000 -0.491161
vn 0.817044 0.000000 -0.576576
vn -0.817044 0.000000 -0.576576
vn -0.871069 0.000000 -0.491161
vn -0.989679 0.000000 -0.143304
vn -0.999330 0.000000 0.036608
vn -0.985845 0.000000 0.167658
vn -0.962284 0.000000 0.272048
vn -0.932814 0.000000 0.360359
vn -0.898781 0.000000 0.438399
vn -0.860461 0.000000 0.509516
vn -0.817705 0.000000 0.575637
vn -0.770201 0.000000 0.637801
vn -0.717608 0.000000 0.696447
vn -0.659628 0.000000 0.751592
vn -0.596057 0.000000 0.802942
vn -0.526834 0.000000 0.849969
vn -0.452081 0.000000 0.891977
vn -0.372137 0.000000 0.928178
vn -0.287581 0.000000 0.957756
vn -0.199233 0.000000 0.979952
vn -0.108134 0.000000 0.994136
vn -0.015498 0.000000 0.999880
vn 0.077362 0.000000 0.997003
vn 0.169115 0.000000 0.985596
vn 0.258506 0.000000 0.966010
vn 0.344430 0.000000 0.938812
vn 0.425989 0.000000 0.904728
vn 0.502523 0.000000 0.864564
vn 0.573615 0.000000 0.819125
vn 0.639074 0.000000 0.769145
vn 0.698905 0.000000 0.715215
vn 0.753268 0.000000 0.657713
vn 0.802437 0.000000 0.596737
vn 0.846744 0.000000 0.532000
vn 0.886523 0.000000 0.462685
vn 0.921998 0.000000 0.387196
vn 0.953079 0.000000 0.302723
vn 0.978888 0.000000 0.204398
vn 0.996510 0.000000 0.083468
vn 0.996958 0.000000 -0.077941
vn 0.928484 0.000000 -0.371372
vn 0.817044 0.000000 -0.576576
vn 0.186077 0.519422 0.834012
vn 0.551357 0.455535 0.698923
vn 0.474012 0.612975 0.632119
vn -0.012340 0.635938 0.771641
vn -0.334628 0.575479 0.746222
vn -0.199419 0.349278 0.915553
vn -0.551357 0.455535 0.698923
vn -0.312354 0.643585 0.698737
vn -0.403802 0.513443 0.757179
vn 0.061394 0.540347 0.839200
vn 0.118258 0.738675 0.663607
vn 0.358157 0.555233 0.750626
vn 0.935262 -0.288513 -0.205049
vn -0.946342 -0.249447 0.205458
vn 0.239837 -0.832569 0.499307
vn -0.513151 -0.805402 0.296656
vn 0.886915 -0.328815 0.324443
vn 0.778369 -0.592672 0.207079
vn -0.958775 -0.020712 -0.283410
vn -0.820899 0.193227 -0.537390
vn 0.867525 0.324932 -0.376589
vn -0.673855 0.535405 -0.509177
vn -0.653708 0.430019 -0.622695
vn 0.932199 0.102743 -0.347058
vn 0.958878 -0.028305 -0.282405
vn -0.809320 -0.549860 0.206532
vn -0.868837 -0.358238 0.341742
vn 0.451817 -0.837454 0.307460
vn -0.104526 -0.844361 0.525479
vn 0.943258 -0.260195 0.206307
vn -0.943426 -0.255319 -0.211563
vn -0.930292 0.105529 -0.351313
vn 0.693226 0.413448 -0.590337
vn 0.609303 0.575261 -0.545734
vn -0.862274 0.329285 -0.384779
vn 0.843760 0.172281 -0.508319
f 1//1 2//2 74//74
f 1//1 74//74 73//73
f 2//2 3//3 75//75
f 2//2 75//75 74//74
f 3//3 4//4 76//76
f 3//3 76//76 75//75
f 4//4 5//5 77//77
f 4//4 77//77 76//76
f 5//5 6//6 78//78
f 5//5 78//78 77//77
f 6//6 7//7 79//79
f 6//6 79//79 78//78
f 7//7 8//8 80//80
f 7//7 80//80 79//79
f 8//8 9//9 81//81
f 8//8 81//81 80//80
f 9//9 10//10 82//82
f 9//9 82//82 81//81
f 10//10 11//11 83//83
f 10//10 83//83 82//82
f 11//11 12//12 84//84
f 11//11 84//84 83//83
f 12//12 13//13 85//85
f 12//12 85//85 84//84
f 13//13 14//14 86//86
f 13//13 86//86 85//85
f 14//14 15//15 87//87
f 14//14 87//87 86//86
f 15//15 16//16 88//88
f 15//15 88//88 87//87
f 16//16 17//17 89//89
f 16//16 89//89 88//88
f 17//17 18//18 90//90
f 17//17 90//90 89//89
f 18//18 19//19 91//91
f 18//18 91//91 90//90
f 19//19 20//20 92//92
f 19//19 92//92 91//91
f 20//20 21//21 93//93
f 20//20 93//93 92//92
f 21//21 22//22 94//94
f 21//21 94//94 93//93
f 22//22 23//23 95//95
f 22//22 95//95 94//94
f 23//23 24//24 96//96
f 23//23 96//96 95//95
f 24//24 25//25 97//97
f 24//24 97//97 96//96
f 25//25 26//26 98//98
f 25//25 98//98 97//97
f 26//26 27//27 99//99
f 26//26 99//99 98//98
f 27//27 28//28 100//100
f 27//27 100//100 99//99
f 28//28 29//29 101//101
f 28//28 101//101 100//100
f 29//29 30//30 102//102
f 29//29 102//102 101//101
f 30//30 31//31 103//103
f 30//30 103//103 102//102
f 31//31 32//32 104//104
f 31//31 104//104 103//103
f 32//32 33//33 105//105
f 32//32 105//105 104//104
f 33//33 34//34 106//106
f 33//33 106//106 105//105
f 34//34 35//35 107//107
f 34//34 107//107 106//106
f 35//35 36//36 108//108
f 35//35 108//108 107//107
f 36//36 37//37 109//109
f 36//36 109//109 108//108
f 37//37 38//38 110//110
f 37//37 110//110 109//109
f 38//38 39//39 111//111
f 38//38 111//111 110//110
f 39//39 40//40 112//112
f 39//39 112//112 111//111
f 40//40 41//41 113//113
f 40//40 113//113 112//112
f 41//41 42//42 114//114
f 41//41 114//114 113//113
f 42//42 43//43 115//115
f 42//42 115//115 114//114
f 43//43 44//44 116//116
f 43//43 116//116 115//115
f 44//44 45//45 117//117
f 44//44 117//117 116//116
f 45//45 46//46 118//118
f 45//45 118//118 117//117
f 46//46 47//47 119//119
f 46//46 119//119 118//118
f 47//47 48//48 120//120
f 47//47 120//120 119//119
f 48//48 49//49 121//121
f 48//48 121//121 120//120
f 49//49 50//50 122//122
f 49//49 122//122 121//121
f 50//50 51//51 123//123
f 50//50 123//123 122//122
f 51//51 52//52 124//124
f 51//51 124//124 123//123
f 52//52 53//53 125//125
f 52//52 125//125 124//124
f 53//53 54//54 126//126
f 53//53 126//126 125//125
f 54//54 55//55 127//127
f 54//54 127//127 126//126
f 55//55 56//56 128//128
f 55//55 128//128 127//127
f 56//56 57//57 129//129
f 56//56 129//129 128//128
f 57//57 58//58 130//130
f 57//57 130//130 129//129
f 58//58 59//59 131//131
f 58//58 131//131 130//130
f 59//59 60//60 132//132
f 59//59 132//132 131//131
f 60//60 61//61 133//133
f 60//60 133//133 132//132
f 61//61 62//62 134//134
f 61//61 134//134 133//133
f 62//62 63//63 135//135
f 62//62 135//135 134//134
f 63//63 64//64 136//136
f 63//63 136//136 135//135
f 64//64 65//65 137//137
f 64//64 137//137 136//136
f 65//65 66//66 138//138
f 65//65 138//138 137//137
f 66//66 67//67 139//139
f 66//66 139//139 138//138
f 67//67 68//68 140//140
f 67//67 140//140 139//139
f 68//68 69//69 141//141
f 68//68 141//141 140//140
f 69//69 70//70 142//142
f 69//69 142//142 141//141
f 70//70 71//71 143//143
f 70//70 143//143 142//142
f 71//71 72//72 144//144
f 71//71 144//144 143//143
f 72//72 1//1 73//73
f 72//72 73//73 144//144
f 73//73 74//74 146//146
f 73//73 146//146 145//145
f 74//74 75//75 147//147
f 74//74 147//147 146//146
f 75//75 76//76 148//148
f 75//75 148//148 147//147
f 76//76 77//77 149//149
f 76//76 149//149 148//148
f 77//77 78//78 150//150
f 77//77 150//150 149//149
f 78//78 79//79 151//151
f 78//78 151//151 150//150
f 79//79 80//80 152//152
f 79//79 152//152 151//151
f 80//80 81//81 153//153
f 80//80 153//153 152//152
f 81//81 82//82 154//154
f 81//81 154//154 153//153
f 82//82 83//83 155//155
f 82//82 155//155 154//154
f 83//83 84//84 156//156
f 83//83 156//156 155//155
f 84//84 85//85 157//157
f 84//84 157//157 156//156
f 85//85 86//86 158//158
f 85//85 158//158 157//157
f 86//86 87//87 159//159
f 86//86 159//159 158//158
f 87//87 88//88 160//160
f 87//87 160//160 159//159
f 88//88 89//89 161//161
f 88//88 161//161 160//160
f 89//89 90//90 162//162
f 89//89 162//162 161//161
f 90//90 91//91 163//163
f 90//90 163//163 162//162
f 91//91 92//92 164//164
f 91//91 164//164 163//163
f 92//92 93//93 165//165
f 92//92 165//165 164//164
f 93//93 94//94 166//166
f 93//93 166//166 165//165
f 94//94 95//95 167//167
f 94//94 167//167 166//166
f 95//95 96//96 168//168
f 95//95 168//168 167//167
f 96//96 97//97 169//169
f 96//96 169//169 168//168
f 97//97 98//98 170//170
f 97//97 170//170 169//169
f 98//98 99//99 171//171
f 98//98 171//171 170//170
f 99//99 100//100 172//172
f 99//99 172//172 171//171
f 100//100 101//101 173//173
f 100//100 173//173 172//172
f 101//101 102//102 174//174
f 101//101 174//174 173//173
f 102//102 103//103 175//175
f 102//102 175//175 174//174
f 103//103 104//104 176//176
f 103//103 176//176 175//175
f 104//104 105//105 177//177
f 104//104 177//177 176//176
f 105//105 106//106 178//178
f 105//105 178//178 177//177
f 106//106 107//107 179//179
f 106//106 179//179 178//178
f 107//107 108//108 180//180
f 107//107 180//180 179//179
f 108//108 109//109 181//181
f 108//108 181//181 180//180
f 109//109 110//110 182//182
f 109//109 182//182 181//181
f 110//110 111//111 183//183
f 110//110 183//183 182//182
f 111//111 112//112 184//184
f 111//111 184//184 183//183
f 112//112 113//113 185//185
f 112//112 185//185 184//184
f 113//113 114//114 186//186
f 113//113 186//186 185//185
f 114//114 115//115 187//187
f 114//114 187//187 186//186
f 115//115 116//116 188//188
f 115//115 188//188 187//187
f 116//116 117//117 189//189
f 116//116 189//189 188//188
f 117//117 118//118 190//190
f 117//117 190//190 189//189
f 118//118 119//119 191//191
f 118//118 191//191 190//190
f 119//119 120//120 192//192
f 119//119 192//192 191//191
f 120//120 121//121 193//193
f 120//120 193//193 192//192
f 121//121 122//122 194//194
f 121//121 194//194 193//193
f 122//122 123//123 195//195
f 122//122 195//195 194//194
f 123//123 124//124 196//196
f 123//123 196//196 195//195
f 124//124 125//125 197//197
f 124//124 197//197 196//196
f 125//125 126//126 198//198
f 125//125 198//198 197//197
f 126//126 127//127 199//199
f 126//126 199//199 198//198
f 127//127 128//128 200//200
f 127//127 200//200 199//199
f 128//128 129//129 201//201
f 128//128 201//201 200//200
f 129//129 130//130 202//202
f 129//129 202//202 201//201
f 130//130 131//131 203//203
f 130//130 203//203 202//202
f 131//131 132//132 204//204
f 131//131 204//204 203//203
f 132//132 133//133 205//205
f 132//132 205//205 204//204
f 133//133 134//134 206//206
f 133//133 206//206 205//205
f 134//134 135//135 207//207
f 134//134 207//207 206//206
f 135//135 136//136 208//208
f 135//135 208//208 207//207
f 136//136 137//137 209//209
f 136//136 209//209 208//208
f 137//137 138//138 210//210
f 137//137 210//210 209//209
f 138//138 139//139 211//211
f 138//138 211//211 210//210
f 139//139 140//140 212//212
f 139//139 212//212 211//211
f 140//140 141//141 213//213
f 140//140 213//213 212//212
f 141//141 142//142 214//214
f 141//141 214//214 213//213
f 142//142 143//143 215//215
f 142//142 215//215 214//214
f 143//143 144//144 216//216
f 143//143 216//216 215//215
f 144//144 73//73 145//145
f 144//144 145//145 216//216
f 145//145 146//146 218//218
f 145//145 218//218 217//217
f 146//146 147//147 219//219
f 146//146 219//219 218//218
f 147//147 148//148 220//220
f 147//147 220//220 219//219
f 148//148 149//149 221//221
f 148//148 221//221 220//220
f 149//149 150//150 222//222
f 149//149 222//222 221//221
f 150//150 151//151 223//223
f 150//150 223//223 222//222
f 151//151 152//152 224//224
f 151//151 224//224 223//223
f 152//152 153//153 225//225
f 152//152 225//225 224//224
f 153//153 154//154 226//226
f 153//153 226//226 225//225
f 154//154 155//155 227//227
f 154//154 227//227 226//226
f 155//155 156//156 228//228
f 155//155 228//228 227//227
f 156//156 157//157 229//229
f 156//156 229//229 228//228
f 157//157 158//158 230//230
f 157//157 230//230 229//229
f 158//158 159//159 231//231
f 158//158 231//231 230//230
f 159//159 160//160 232//232
f 159//159 232//232 231//231
f 160//160 161//161 233//233
f 160//160 233//233 232//232
f 161//161 162//162 234//234
f 161//161 234//234 233//233
f 162//162 163//163 235//235
f 162//162 235//235 234//234
f 163//163 164//164 236//236
f 163//163 236//236 235//235
f 164//164 165//165 237//237
f 164//164 237//237 236//236
f 165//165 166//166 238//238
f 165//165 238//238 237//237
f 166//166 167//167 239//239
f 166//166 239//239 238//238
f 167//167 168//168 240//240
f 167//167 240//240 239//239
f 168//168 169//169 241//241
f 168//168 241//241 240//240
f 169//169 170//170 242//242
f 169//169 242//242 241//241
f 170//170 171//171 243//243
f 170//170 243//243 242//242
f 171//171 172//172 244//244
f 171//171 244//244 243//243
f 172//172 173//173 245//245
f 172//172 245//245 244//244
f 173//173 174//174 246//246
f 173//173 246//246 245//245
f 174//174 175//175 247//247
f 174//174 247//247 246//246
f 175//175 176//176 248//248
f 175//175 248//248 247//247
f 176//176 177//177 249//249
f 176//176 249//249 248//248
f 177//177 178//178 250//250
f 177//177 250//250 249//249
f 178//178 179//179 251//251
f 178//178 251//251 250//250
f 179//179 180//180 252//252
f 179//179 252//252 251//251
f 180//180 181//181 253//253
f 180//180 253//253 252//252
f 181//181 182//182 254//254
f 181//181 254//254 253//253
f 182//182 183//183 255//255
f 182//182 255//255 254//254
f 183//183 184//184 256//256
f 183//183 256//256 255//255
f 184//184 185//185 257//257
f 184//184 257//257 256//256
f 185//185 186//186 258//258
f 185//185 258//258 257//257
f 186//186 187//187 259//259
f 186//186 259//259 258//258
f 187//187 188//188 260//260
f 187//187 260//260 259//259
f 188//188 189//189 261//261
f 188//188 261//261 260//260
f 189//189 190//190 262//262
f 189//189 262//262 261//261
f 190//190 191//191 263//263
f 190//190 263//263 262//262
f 191//191 192//192 264//264
f 191//191 264//264 263//263
f 192//192 193//193 265//265
f 192//192 265//265 264//264
f 193//193 194//194 266//266
f 193//193 266//266 265//265
f 194//194 195//195 267//267
f 194//194 267//267 266//266
f 195//195 196//196 268//268
f 195//195 268//268 267//267
f 196//196 197//197 269//269
f 196//196 269//269 268//268
f 197//197 198//198 270//270
f 197//197 270//270 269//269
f 198//198 199//199 271//271
f 198//198 271//271 270//270
f 199//199 200//200 272//272
f 199//199 272//272 271//271
f 200//200 201//201 273//273
f 200//200 273//273 272//272
f 201//201 202//202 274//274
f 201//201 274//274 273//273
f 202//202 203//203 275//275
f 202//202 275//275 274//274
f 203//203 204//204 276//276
f 203//203 276//276 275//275
f 204//204 205//205 277//277
f 204//204 277//277 276//276
f 205//205 206//206 278//278
f 205//205 278//278 277//277
f 206//206 207//207 279//279
f 206//206 279//279 278//278
f 207//207 208//208 280//280
f 207//207 280//280 279//279
f 208//208 209//209 281//281
f 208//208 281//281 280//280
f 209//209 210//210 282//282
f 209//209 282//282 281//281
f 210//210 211//211 283//283
f 210//210 283//283 282//282
f 211//211 212//212 284//284
f 211//211 284//284 283//283
f 212//212 213//213 285//285
f 212//212 285//285 284//284
f 213//213 214//214 286//286
f 213//213 286//286 285//285
f 214//214 215//215 287//287
f 214//214 287//287 286//286
f 215//215 216//216 288//288
f 215//215 288//288 287//287
f 216//216 145//145 217//217
f 216//216 217//217 288//288
f 217//217 218//218 290//290
f 217//217 290//290 289//289
f 218//218 219//219 291//291
f 218//218 291//291 290//290
f 219//219 220//220 292//292
f 219//219 292//292 291//291
f 220//220 221//221 293//293
f 220//220 293//293 292//292
f 221//221 222//222 294//294
f 221//221 294//294 293//293
f 222//222 223//223 295//295
f 222//222 295//295 294//294
f 223//223 224//224 296//296
f 223//223 296//296 295//295
f 224//224 225//225 297//297
f 224//224 297//297 296//296
f 225//225 226//226 298//298
f 225//225 298//298 297//297
f 226//226 227//227 299//299
f 226//226 299//299 298//298
f 227//227 228//228 300//300
f 227//227 300//300 299//299
f 228//228 229//229 301//301
f 228//228 301//301 300//300
f 229//229 230//230 302//302
f 229//229 302//302 301//301
f 230//230 231//231 303//303
f 230//230 303//303 302//302
f 231//231 232//232 304//304
f 231//231 304//304 303//303
f 232//232 233//233 305//305
f 232//232 305//305 304//304
f 233//233 234//234 306//306
f 233//233 306//306 305//305
f 234//234 235//235 307//307
f 234//234 307//307 306//306
f 235//235 236//236 308//308
f 235//235 308//308 307//307
f 236//236 237//237 309//309
f 236//236 309//309 308//308
f 237//237 238//238 310//310
f 237//237 310//310 309//309
f 238//238 239//239 311//311
f 238//238 311//311 310//310
f 239//239 240//240 312//312
f 239//239 312//312 311//311
f 240//240 241//241 313//313
f 240//240 313//313 312//312
f 241//241 242//242 314//314
f 241//241 314//314 313//313
f 242//242 243//243 315//315
f 242//242 315//315 314//314
f 243//243 244//244 316//316
f 243//243 316//316 315//315
f 244//244 245//245 317//317
f 244//244 317//317 316//316
f 245//245 246//246 318//318
f 245//245 318//318 317//317
f 246//246 247//247 319//319
f 246//246 319//319 318//318
f 247//247 248//248 320//320
f 247//247 320//320 319//319
f 248//248 249//249 321//321
f 248//248 321//321 320//320
f 249//249 250//250 322//322
f 249//249 322//322 321//321
f 250//250 251//251 323//323
f 250//250 323//323 322//322
f 251//251 252//252 324//324
f 251//251 324//324 323//323
f 252//252 253//253 325//325
f 252//252 325//325 324//324
f 253//253 254//254 326//326
f 253//253 326//326 325//325
f 254//254 255//255 327//327
f 254//254 327//327 326//326
f 255//255 256//256 328//328
f 255//255 328//328 327//327
f 256//256 257//257 329//329
f 256//256 329//329 328//328
f 257//257 258//258 330//330
f 257//257 330//330 329//329
f 258//258 259//259 331//331
f 258//258 331//331 330//330
f 259//259 260//260 332//332
f 259//259 332//332 331//331
f 260//260 261//261 333//333
f 260//260 333//333 332//332
f 261//261 262//262 334//334
f 261//261 334//334 333//333
f 262//262 263//263 335//335
f 262//262 335//335 334//334
f 263//263 264//264 336//336
f 263//263 336//336 335//335
f 264//264 265//265 337//337
f 264//264 337//337 336//336
f 265//265 266//266 338//338
f 265//265 338//338 337//337
f 266//266 267//267 339//339
f 266//266 339//339 338//338
f 267//267 268//268 340//340
f 267//267 340//340 339//339
f 268//268 269//269 341//341
f 268//268 341//341 340//340
f 269//269 270//270 342//342
f 269//269 342//342 341//341
f 270//270 271//271 343//343
f 270//270 343//343 342//342
f 271//271 272//272 344//344
f 271//271 344//344 343//343
f 272//272 273//273 345//345
f 272//272 345//345 344//344
f 273//273 274//274 346//346
f 273//273 346//346 345//345
f 274//274 275//275 347//347
f 274//274 347//347 346//346
f 275//275 276//276 348//348
f 275//275 348//348 347//347
f 276//276 277//277 349//349
f 276//276 349//349 348//348
f 277//277 278//278 350//350
f 277//277 350//350 349//349
f 278//278 279//279 351//351
f 278//278 351//351 350//350
f 279//279 280//280 352//352
f 279//279 352//352 351//351
f 280//280 281//281 353//353
f 280//280 353//353 352//352
f 281//281 282//282 354//354
f 281//281 354//354 353//353
f 282//282 283//283 355//355
f 282//282 355//355 354//354
f 283//283 284//284 356//356
f 283//283 356//356 355//355
f 284//284 285//285 357//357
f 284//284 357//357 356//356
f 285//285 286//286 358//358
f 285//285 358//358 357//357
f 286//286 287//287 359//359
f 286//286 359//359 358//358
f 287//287 288//288 360//360
f 287//287 360//360 359//359
f 288//288 217//217 289//289
f 288//288 289//289 360//360
f 289//289 290//290 362//362
f 289//289 362//362 361//361
f 290//290 291//291 363//363
f 290//290 363//363 362//362
f 291//291 292//292 364//364
f 291//291 364//364 363//363
f 292//292 293//293 365//365
f 292//292 365//365 364//364
f 293//293 294//294 366//366
f 293//293 366//366 365//365
f 294//294 295//295 367//367
f 294//294 367//367 366//366
f 295//295 296//296 368//368
f 295//295 368//368 367//367
f 296//296 297//297 369//369
f 296//296 369//369 368//368
f 297//297 298//298 370//370
f 297//297 370//370 369//369
f 298//298 299//299 371//371
f 298//298 371//371 370//370
f 299//299 300//300 372//372
f 299//299 372//372 371//371
f 300//300 301//301 373//373
f 300//300 373//373 372//372
f 301//301 302//302 374//374
f 301//301 374//374 373//373
f 302//302 303//303 375//375
f 302//302 375//375 374//374
f 303//303 304//304 376//376
f 303//303 376//376 375//375
f 304//304 305//305 377//377
f 304//304 377//377 376//376
f 305//305 306//306 378//378
f 305//305 378//378 377//377
f 306//306 307//307 379//379
f 306//306 379//379 378//378
f 307//307 308//308 380//380
f 307//307 380//380 379//379
f 308//308 309//309 381//381
f 308//308 381//381 380//380
f 309//309 310//310 382//382
f 309//309 382//382 381//381
f 310//310 311//311 383//383
f 310//310 383//383 382//382
f 311//311 312//312 384//384
f 311//311 384//384 383//383
f 312//312 313//313 385//385
f 312//312 385//385 384//384
f 313//313 314//314 386//386
f 313//313 386//386 385//385
f 314//314 315//315 387//387
f 314//314 387//387 386//386
f 315//315 316//316 388//388
f 315//315 388//388 387//387
f 316//316 317//317 389//389
f 316//316 389//389 388//388
f 317//317 318//318 390//390
f 317//317 390//390 389//389
f 318//318 319//319 391//391
f 318//318 391//391 390//390
f 319//319 320//320 392//392
f 319//319 392//392 391//391
f 320//320 321//321 393//393
f 320//320 393//393 392//392
f 321//321 322//322 394//394
f 321//321 394//394 393//393
f 322//322 323//323 395//395
f 322//322 395//395 394//394
f 323//323 324//324 396//396
f 323//323 396//396 395//395
f 324//324 325//325 397//397
f 324//324 397//397 396//396
f 325//325 326//326 398//398
f 325//325 398//398 397//397
f 326//326 327//327 399//399
f 326//326 399//399 398//398
f 327//327 328//328 400//400
f 327//327 400//400 399//399
f 328//328 329//329 401//401
f 328//328 401//401 400//400
f 329//329 330//330 402//402
f 329//329 402//402 401//401
f 330//330 331//331 403//403
f 330//330 403//403 402//402
f 331//331 332//332 404//404
f 331//331 404//404 403//403
f 332//332 333//333 405//405
f 332//332 405//405 404//404
f 333//333 334//334 406//406
f 333//333 406//406 405//405
f 334//334 335//335 407//407
f 334//334 407//407 406//406
f 335//335 336//336 408//408
f 335//335 408//408 407//407
f 336//336 337//337 409//409
f 336//336 409//409 408//408
f 337//337 338//338 410//410
f 337//337 410//410 409//409
f 338//338 339//339 411//411
f 338//338 411//411 410//410
f 339//339 340//340 412//412
f 339//339 412//412 411//411
f 340//340 341//341 413//413
f 340//340 413//413 412//412
f 341//341 342//342 414//414
f 341//341 414//414 413//413
f 342//342 343//343 415//415
f 342//342 415//415 414//414
f 343//343 344//344 416//416
f 343//343 416//416 415//415
f 344//344 345//345 417//417
f 344//344 417//417 416//416
f 345//345 346//346 418//418
f 345//345 418//418 417//417
f 346//346 347//347 419//419
f 346//346 419//419 418//418
f 347//347 348//348 420//420
f 347//347 420//420 419//419
f 348//348 349//349 421//421
f 348//348 421//421 420//420
f 349//349 350//350 422//422
f 349//349 422//422 421//421
f 350//350 351//351 423//423
f 350//350 423//423 422//422
f 351//351 352//352 424//424
f 351//351 424//424 423//423
f 352//352 353//353 425//425
f 352//352 425//425 424//424
f 353//353 354//354 426//426
f 353//353 426//426 425//425
f 354//354 355//355 427//427
f 354//354 427//427 426//426
f 355//355 356//356 428//428
f 355//355 428//428 427//427
f 356//356 357//357 429//429
f 356//356 429//429 428//428
f 357//357 358//358 430//430
f 357//357 430//430 429//429
f 358//358 359//359 431//431
f 358//358 431//431 430//430
f 359//359 360//360 432//432
f 359//359 432//432 431//431
f 360//360 289//289 361//361
f 360//360 361//361 432//432
f 361//361 362//362 434//434
f 361//361 434//434 433//433
f 362//362 363//363 435//435
f 362//362 435//435 434//434
f 363//363 364//364 436//436
f 363//363 436//436 435//435
f 364//364 365//365 437//437
f 364//364 437//437 436//436
f 365//365 366//366 438//438
f 365//365 438//438 437//437
f 366//366 367//367 439//439
f 366//366 439//439 438//438
f 367//367 368//368 440//440
f 367//367 440//440 439//439
f 368//368 369//369 441//441
f 368//368 441//441 440//440
f 369//369 370//370 442//442
f 369//369 442//442 441//441
f 370//370 371//371 443//443
f 370//370 443//443 442//442
f 371//371 372//372 444//444
f 371//371 444//444 443//443
f 372//372 373//373 445//445
f 372//372 445//445 444//444
f 373//373 374//374 446//446
f 373//373 446//446 445//445
f 374//374 375//375 447//447
f 374//374 447//447 446//446
f 375//375 376//376 448//448
f 375//375 448//448 447//447
f 376//376 377//377 449//449
f 376//376 449//449 448//448
f 377//377 378//378 450//450
f 377//377 450//450 449//449
f 378//378 379//379 451//451
f 378//378 451//451 450//450
f 379//379 380//380 452//452
f 379//379 452//452 451//451
f 380//380 381//381 453//453
f 380//380 453//453 452//452
f 381//381 382//382 454//454
f 381//381 454//454 453//453
f 382//382 383//383 455//455
f 382//382 455//455 454//454
f 383//383 384//384 456//456
f 383//383 456//456 455//455
f 384//384 385//385 457//457
f 384//384 457//457 456//456
f 385//385 386//386 458//458
f 385//385 458//458 457//457
f 386//386 387//387 459//459
f 386//386 459//459 458//458
f 387//387 388//388 460//460
f 387//387 460//460 459//459
f 388//388 389//389 461//461
f 388//388 461//461 460//460
f 389//389 390//390 462//462
f 389//389 462//462 461//461
f 390//390 391//391 463//463
f 390//390 463//463 462//462
f 391//391 392//392 464//464
f 391//391 464//464 463//463
f 392//392 393//393 465//465
f 392//392 465//465 464//464
f 393//393 394//394 466//466
f 393//393 466//466 465//465
f 394//394 395//395 467//467
f 394//394 467//467 466//466
f 395//395 396//396 468//468
f 395//395 468//468 467//467
f 396//396 397//397 469//469
f 396//396 469//469 468//468
f 397//397 398//398 470//470
f 397//397 470//470 469//469
f 398//398 399//399 471//471
f 398//398 471//471 470//470
f 399//399 400//400 472//472
f 399//399 472//472 471//471
f 400//400 401//401 473//473
f 400//400 473//473 472//472
f 401//401 402//402 474//474
f 401//401 474//474 473//473
f 402//402 403//403 475//475
f 402//402 475//475 474//474
f 403//403 404//404 476//476
f 403//403 476//476 475//475
f 404//404 405//405 477//477
f 404//404 477//477 476//476
f 405//405 406//406 478//478
f 405//405 478//478 477//477
f 406//406 407//407 479//479
f 406//406 479//479 478//478
f 407//407 408//408 480//480
f 407//407 480//480 479//479
f 408//408 409//409 481//481
f 408//408 481//481 480//480
f 409//409 410//410 482//482
f 409//409 482//482 481//481
f 410//410 411//411 483//483
f 410//410 483//483 482//482
f 411//411 412//412 484//484
f 411//411 484//484 483//483
f 412//412 413//413 485//485
f 412//412 485//485 484//484
f 413//413 414//414 486//486
f 413//413 486//486 485//485
f 414//414 415//415 487//487
f 414//414 487//487 486//486
f 415//415 416//416 488//488
f 415//415 488//488 487//487
f 416//416 417//417 489//489
f 416//416 489//489 488//488
f 417//417 418//418 490//490
f 417//417 490//490 489//489
f 418//418 419//419 491//491
f 418//418 491//491 490//490
f 419//419 420//420 492//492
f 419//419 492//492 491//491
f 420//420 421//421 493//493
f 420//420 493//493 492//492
f 421//421 422//422 494//494
f 421//421 494//494 493//493
f 422//422 423//423 495//495
f 422//422 495//495 494//494
f 423//423 424//424 496//496
f 423//423 496//496 495//495
f 424//424 425//425 497//497
f 424//424 497//497 496//496
f 425//425 426//426 498//498
f 425//425 498//498 497//497
f 426//426 427//427 499//499
f 426//426 499//499 498//498
f 427//427 428//428 500//500
f 427//427 500//500 499//499
f 428//428 429//429 501//501
f 428//428 501//501 500//500
f 429//429 430//430 502//502
f 429//429 502//502 501//501
f 430//430 431//431 503//503
f 430//430 503//503 502//502
f 431//431 432//432 504//504
f 431//431 504//504 503//503
f 432//432 361//361 433//433
f 432//432 433//433 504//504
f 433//433 434//434 506//506
f 433//433 506//506 505//505
f 434//434 435//435 507//507
f 434//434 507//507 506//506
f 435//435 436//436 508//508
f 435//435 508//508 507//507
f 436//436 437//437 509//509
f 436//436 509//509 508//508
f 437//437 438//438 510//510
f 437//437 510//510 509//509
f 438//438 439//439 511//511
f 438//438 511//511 510//510
f 439//439 440//440 512//512
f 439//439 512//512 511//511
f 440//440 441//441 513//513
f 440//440 513//513 512//512
f 441//441 442//442 514//514
f 441//441 514//514 513//513
f 442//442 443//443 515//515
f 442//442 515//515 514//514
f 443//443 444//444 516//516
f 443//443 516//516 515//515
f 444//444 445//445 517//517
f 444//444 517//517 516//516
f 445//445 446//446 518//518
f 445//445 518//518 517//517
f 446//446 447//447 519//519
f 446//446 519//519 518//518
f 447//447 448//448 520//520
f 447//447 520//520 519//519
f 448//448 449//449 521//521
f 448//448 521//521 520//520
f 449//449 450//450 522//522
f 449//449 522//522 521//521
f 450//450 451//451 523//523
f 450//450 523//523 522//522
f 451//451 452//452 524//524
f 451//451 524//524 523//523
f 452//452 453//453 525//525
f 452//452 525//525 524//524
f 453//453 454//454 526//526
f 453//453 526//526 525//525
f 454//454 455//455 527//527
f 454//454 527//527 526//526
f 455//455 456//456 528//528
f 455//455 528//528 527//527
f 456//456 457//457 529//529
f 456//456 529//529 528//528
f 457//457 458//458 530//530
f 457//457 530//530 529//529
f 458//458 459//459 531//531
f 458//458 531//531 530//530
f 459//459 460//460 532//532
f 459//459 532//532 531//531
f 460//460 461//461 533//533
f 460//460 533//533 532//532
f 461//461 462//462 534//534
f 461//461 534//534 533//533
f 462//462 463//463 535//535
f 462//462 535//535 534//534
f 463//463 464//464 536//536
f 463//463 536//536 535//535
f 464//464 465//465 537//537
f 464//464 537//537 536//536
f 465//465 466//466 538//538
f 465//465 538//538 537//537
f 466//466 467//467 539//539
f 466//466 539//539 538//538
f 467//467 468//468 540//540
f 467//467 540//540 539//539
f 468//468 469//469 541//541
f 468//468 541//541 540//540
f 469//469 470//470 542//542
f 469//469 542//542 541//541
f 470//470 471//471 543//543
f 470//470 543//543 542//542
f 471//471 472//472 544//544
f 471//471 544//544 543//543
f 472//472 473//473 545//545
f 472//472 545//545 544//544
f 473//473 474//474 546//546
f 473//473 546//546 545//545
f 474//474 475//475 547//547
f 474//474 547//547 546//546
f 475//475 476//476 548//548
f 475//475 548//548 547//547
f 476//476 477//477 549//549
f 476//476 549//549 548//548
f 477//477 478//478 550//550
f 477//477 550//550 549//549
f 478//478 479//479 551//551
f 478//478 551//551 550//550
f 479//479 480//480 552//552
f 479//479 552//552 551//551
f 480//480 481//481 553//553
f 480//480 553//553 552//552
f 481//481 482//482 554//554
f 481//481 554//554 553//553
f 482//482 483//483 555//555
f 482//482 555//555 554//554
f 483//483 484//484 556//556
f 483//483 556//556 555//555
f 484//484 485//485 557//557
f 484//484 557//557 556//556
f 485//485 486//486 558//558
f 485//485 558//558 557//557
f 486//486 487//487 559//559
f 486//486 559//559 558//558
f 487//487 488//488 560//560
f 487//487 560//560 559//559
f 488//488 489//489 561//561
f 488//488 561//561 560//560
f 489//489 490//490 562//562
f 489//489 562//562 561//561
f 490//490 491//491 563//563
f 490//490 563//563 562//562
f 491//491 492//492 564//564
f 491//491 564//564 563//563
f 492//492 493//493 565//565
f 492//492 565//565 564//564
f 493//493 494//494 566//566
f 493//493 566//566 565//565
f 494//494 495//495 567//567
f 494//494 567//567 566//566
f 495//495 496//496 568//568
f 495//495 568//568 567//567
f 496//496 497//497 569//569
f 496//496 569//569 568//568
f 497//497 498//498 570//570
f 497//497 570//570 569//569
f 498//498 499//499 571//571
f 498//498 571//571 570//570
f 499//499 500//500 572//572
f 499//499 572//572 571//571
f 500//500 501//501 573//573
f 500//500 573//573 572//572
f 501//501 502//502 574//574
f 501//501 574//574 573//573
f 502//502 503//503 575//575
f 502//502 575//575 574//574
f 503//503 504//504 576//576
f 503//503 576//576 575//575
f 504//504 433//433 505//505
f 504//504 505//505 576//576
f 505//505 506//506 578//578
f 505//505 578//578 577//577
f 506//506 507//507 579//579
f 506//506 579//579 578//578
f 507//507 508//508 580//580
f 507//507 580//580 579//579
f 508//508 509//509 581//581
f 508//508 581//581 580//580
f 509//509 510//510 582//582
f 509//509 582//582 581//581
f 510//510 511//511 583//583
f 510//510 583//583 582//582
f 511//511 512//512 584//584
f 511//511 584//584 583//583
f 512//512 513//513 585//585
f 512//512 585//585 584//584
f 513//513 514//514 586//586
f 513//513 586//586 585//585
f 514//514 515//515 587//587
f 514//514 587//587 586//586
f 515//515 516//516 588//588
f 515//515 588//588 587//587
f 516//516 517//517 589//589
f 516//516 589//589 588//588
f 517//517 518//518 590//590
f 517//517 590//590 589//589
f 518//518 519//519 591//591
f 518//518 591//591 590//590
f 519//519 520//520 592//592
f 519//519 592//592 591//591
f 520//520 521//521 593//593
f 520//520 593//593 592//592
f 521//521 522//522 594//594
f 521//521 594//594 593//593
f 522//522 523//523 595//595
f 522//522 595//595 594//594
f 523//523 524//524 596//596
f 523//523 596//596 595//595
f 524//524 525//525 597//597
f 524//524 597//597 596//596
f 525//525 526//526 598//598
f 525//525 598//598 597//597
f 526//526 527//527 599//599
f 526//526 599//599 598//598
f 527//527 528//528 600//600
f 527//527 600//600 599//599
f 528//528 529//529 601//601
f 528//528 601//601 600//600
f 529//529 530//530 602//602
f 529//529 602//602 601//601
f 530//530 531//531 603//603
f 530//530 603//603 602//602
f 531//531 532//532 604//604
f 531//531 604//604 603//603
f 532//532 533//533 605//605
f 532//532 605//605 604//604
f 533//533 534//534 606//606
f 533//533 606//606 605//605
f 534//534 535//535 607//607
f 534//534 607//607 606//606
f 535//535 536//536 608//608
f 535//535 608//608 607//607
f 536//536 537//537 609//609
f 536//536 609//609 608//608
f 537//537 538//538 610//610
f 537//537 610//610 609//609
f 538//538 539//539 611//611
f 538//538 611//611 610//610
f 539//539 540//540 612//612
f 539//539 612//612 611//611
f 540//540 541//541 613//613
f 540//540 613//613 612//612
f 541//541 542//542 614//614
f 541//541 614//614 613//613
f 542//542 543//543 615//615
f 542//542 615//615 614//614
f 543//543 544//544 616//616
f 543//543 616//616 615//615
f 544//544 545//545 617//617
f 544//544 617//617 616//616
f 545//545 546//546 618//618
f 545//545 618//618 617//617
f 546//546 547//547 619//619
f 546//546 619//619 618//618
f 547//547 548//548 620//620
f 547//547 620//620 619//619
f 548//548 549//549 621//621
f 548//548 621//621 620//620
f 549//549 550//550 622//622
f 549//549 622//622 621//621
f 550//550 551//551 623//623
f 550//550 623//623 622//622
f 551//551 552//552 624//624
f 551//551 624//624 623//623
f 552//552 553//553 625//625
f 552//552 625//625 624//624
f 553//553 554//554 626//626
f 553//553 626//626 625//625
f 554//554 555//555 627//627
f 554//554 627//627 626//626
f 555//555 556//556 628//628
f 555//555 628//628 627//627
f 556//556 557//557 629//629
f 556//556 629//629 628//628
f 557//557 558//558 630//630
f 557//557 630//630 629//629
f 558//558 559//559 631//631
f 558//558 631//631 630//630
f 559//559 560//560 632//632
f 559//559 632//632 631//631
f 560//560 561//561 633//633
f 560//560 633//633 632//632
f 561//561 562//562 634//634
f 561//561 634//634 633//633
f 562//562 563//563 635//635
f 562//562 635//635 634//634
f 563//563 564//564 636//636
f 563//563 636//636 635//635
f 564//564 565//565 637//637
f 564//564 637//637 636//636
f 565//565 566//566 638//638
f 565//565 638//638 637//637
f 566//566 567//567 639//639
f 566//566 639//639 638//638
f 567//567 568//568 640//640
f 567//567 640//640 639//639
f 568//568 569//569 641//641
f 568//568 641//641 640//640
f 569//569 570//570 642//642
f 569//569 642//642 641//641
f 570//570 571//571 643//643
f 570//570 643//643 642//642
f 571//571 572//572 644//644
f 571//571 644//644 643//643
f 572//572 573//573 645//645
f 572//572 645//645 644//644
f 573//573 574//574 646//646
f 573//573 646//646 645//645
f 574//574 575//575 647//647
f 574//574 647//647 646//646
f 575//575 576//576 648//648
f 575//575 648//648 647//647
f 576//576 505//505 577//577
f 576//576 577//577 648//648
f 577//577 578//578 650//650
f 577//577 650//650 649//649
f 578//578 579//579 651//651
f 578//578 651//651 650//650
f 579//579 580//580 652//652
f 579//579 652//652 651//651
f 580//580 581//581 653//653
f 580//580 653//653 652//652
f 581//581 582//582 654//654
f 581//581 654//654 653//653
f 582//582 583//583 655//655
f 582//582 655//655 654//654
f 583//583 584//584 656//656
f 583//583 656//656 655//655
f 584//584 585//585 657//657
f 584//584 657//657 656//656
f 585//585 586//586 658//658
f 585//585 658//658 657//657
f 586//586 587//587 659//659
f 586//586 659//659 658//658
f 587//587 588//588 660//660
f 587//587 660//660 659//659
f 588//588 589//589 661//661
f 588//588 661//661 660//660
f 589//589 590//590 662//662
f 589//589 662//662 661//661
f 590//590 591//591 663//663
f 590//590 663//663 662//662
f 591//591 592//592 664//664
f 591//591 664//664 663//663
f 592//592 593//593 665//665
f 592//592 665//665 664//664
f 593//593 594//594 666//666
f 593//593 666//666 665//665
f 594//594 595//595 667//667
f 594//594 667//667 666//666
f 595//595 596//596 668//668
f 595//595 668//668 667//667
f 596//596 597//597 669//669
f 596//596 669//669 668//668
f 597//597 598//598 670//670
f 597//597 670//670 669//669
f 598//598 599//599 671//671
f 598//598 671//671 670//670
f 599//599 600//600 672//672
f 599//599 672//672 671//671
f 600//600 601//601 673//673
f 600//600 673//673 672//672
f 601//601 602//602 674//674
f 601//601 674//674 673//673
f 602//602 603//603 675//675
f 602//602 675//675 674//674
f 603//603 604//604 676//676
f 603//603 676//676 675//675
f 604//604 605//605 677//677
f 604//604 677//677 676//676
f 605//605 606//606 678//678
f 605//605 678//678 677//677
f 606//606 607//607 679//679
f 606//606 679//679 678//678
f 607//607 608//608 680//680
f 607//607 680//680 679//679
f 608//608 609//609 681//681
f 608//608 681//681 680//680
f 609//609 610//610 682//682
f 609//609 682//682 681//681
f 610//610 611//611 683//683
f 610//610 683//683 682//682
f 611//611 612//612 684//684
f 611//611 684//684 683//683
f 612//612 613//613 685//685
f 612//612 685//685 684//684
f 613//613 614//614 686//686
f 613//613 686//686 685//685
f 614//614 615//615 687//687
f 614//614 687//687 686//686
f 615//615 616//616 688//688
f 615//615 688//688 687//687
f 616//616 617//617 689//689
f 616//616 689//689 688//688
f 617//617 618//618 690//690
f 617//617 690//690 689//689
f 618//618 619//619 691//691
f 618//618 691//691 690//690
f 619//619 620//620 692//692
f 619//619 692//692 691//691
f 620//620 621//621 693//693
f 620//620 693//693 692//692
f 621//621 622//622 694//694
f 621//621 694//694 693//693
f 622//622 623//623 695//695
f 622//622 695//695 694//694
f 623//623 624//624 696//696
f 623//623 696//696 695//695
f 624//624 625//625 697//697
f 624//624 697//697 696//696
f 625//625 626//626 698//698
f 625//625 698//698 697//697
f 626//626 627//627 699//699
f 626//626 699//699 698//698
f 627//627 628//628 700//700
f 627//627 700//700 699//699
f 628//628 629//629 701//701
f 628//628 701//701 700//700
f 629//629 630//630 702//702
f 629//629 702//702 701//701
f 630//630 631//631 703//703
f 630//630 703//703 702//702
f 631//631 632//632 704//704
f 631//631 704//704 703//703
f 632//632 633//633 705//705
f 632//632 705//705 704//704
f 633//633 634//634 706//706
f 633//633 706//706 705//705
f 634//634 635//635 707//707
f 634//634 707//707 706//706
f 635//635 636//636 708//708
f 635//635 708//708 707//707
f 636//636 637//637 709//709
f 636//636 709//709 708//708
f 637//637 638//638 710//710
f 637//637 710//710 709//709
f 638//638 639//639 711//711
f 638//638 711//711 710//710
f 639//639 640//640 712//712
f 639//639 712//712 711//711
f 640//640 641//641 713//713
f 640//640 713//713 712//712
f 641//641 642//642 714//714
f 641//641 714//714 713//713
f 642//642 643//643 715//715
f 642//642 715//715 714//714
f 643//643 644//644 716//716
f 643//643 716//716 715//715
f 644//644 645//645 717//717
f 644//644 717//717 716//716
f 645//645 646//646 718//718
f 645//645 718//718 717//717
f 646//646 647//647 719//719
f 646//646 719//719 718//718
f 647//647 648//648 720//720
f 647//647 720//720 719//719
f 648//648 577//577 649//649
f 648//648 649//649 720//720
f 649//649 650//650 722//722
f 649//649 722//722 721//721
f 650//650 651//651 723//723
f 650//650 723//723 722//722
f 651//651 652//652 724//724
f 651//651 724//724 723//723
f 652//652 653//653 725//725
f 652//652 725//725 724//724
f 653//653 654//654 726//726
f 653//653 726//726 725//725
f 654//654 655//655 727//727
f 654//654 727//727 726//726
f 655//655 656//656 728//728
f 655//655 728//728 727//727
f 656//656 657//657 729//729
f 656//656 729//729 728//728
f 657//657 658//658 730//730
f 657//657 730//730 729//729
f 658//658 659//659 731//731
f 658//658 731//731 730//730
f 659//659 660//660 732//732
f 659//659 732//732 731//731
f 660//660 661//661 733//733
f 660//660 733//733 732//732
f 661//661 662//662 734//734
f 661//661 734//734 733//733
f 662//662 663//663 735//735
f 662//662 735//735 734//734
f 663//663 664//664 736//736
f 663//663 736//736 735//735
f 664//664 665//665 737//737
f 664//664 737//737 736//736
f 665//665 666//666 738//738
f 665//665 738//738 737//737
f 666//666 667//667 739//739
f 666//666 739//739 738//738
f 667//667 668//668 740//740
f 667//667 740//740 739//739
f 668//668 669//669 741//741
f 668//668 741//741 740//740
f 669//669 670//670 742//742
f 669//669 742//742 741//741
f 670//670 671//671 743//743
f 670//670 743//743 742//742
f 671//671 672//672 744//744
f 671//671 744//744 743//743
f 672//672 673//673 745//745
f 672//672 745//745 744//744
f 673//673 674//674 746//746
f 673//673 746//746 745//745
f 674//674 675//675 747//747
f 674//674 747//747 746//746
f 675//675 676//676 748//748
f 675//675 748//748 747//747
f 676//676 677//677 749//749
f 676//676 749//749 748//748
f 677//677 678//678 750//750
f 677//677 750//750 749//749
f 678//678 679//679 751//751
f 678//678 751//751 750//750
f 679//679 680//680 752//752
f 679//679 752//752 751//751
f 680//680 681//681 753//753
f 680//680 753//753 752//752
f 681//681 682//682 754//754
f 681//681 754//754 753//753
f 682//682 683//683 755//755
f 682//682 755//755 754//754
f 683//683 684//684 756//756
f 683//683 756//756 755//755
f 684//684 685//685 757//757
f 684//684 757//757 756//756
f 685//685 686//686 758//758
f 685//685 758//758 757//757
f 686//686 687//687 759//759
f 686//686 759//759 758//758
f 687//687 688//688 760//760
f 687//687 760//760 759//759
f 688//688 689//689 761//761
f 688//688 761//761 760//760
f 689//689 690//690 762//762
f 689//689 762//762 761//761
f 690//690 691//691 763//763
f 690//690 763//763 762//762
f 691//691 692//692 764//764
f 691//691 764//764 763//763
f 692//692 693//693 765//765
f 692//692 765//765 764//764
f 693//693 694//694 766//766
f 693//693 766//766 765//765
f 694//694 695//695 767//767
f 694//694 767//767 766//766
f 695//695 696//696 768//768
f 695//695 768//768 767//767
f 696//696 697//697 769//769
f 696//696 769//769 768//768
f 697//697 698//698 770//770
f 697//697 770//770 769//769
f 698//698 699//699 771//771
f 698//698 771//771 770//770
f 699//699 700//700 772//772
f 699//699 772//772 771//771
f 700//700 701//701 773//773
f 700//700 773//773 772//772
f 701//701 702//702 774//774
f 701//701 774//774 773//773
f 702//702 703//703 775//775
f 702//702 775//775 774//774
f 703//703 704//704 776//776
f 703//703 776//776 775//775
f 704//704 705//705 777//777
f 704//704 777//777 776//776
f 705//705 706//706 778//778
f 705//705 778//778 777//777
f 706//706 707//707 779//779
f 706//706 779//779 778//778
f 707//707 708//708 780//780
f 707//707 780//780 779//779
f 708//708 709//709 781//781
f 708//708 781//781 780//780
f 709//709 710//710 782//782
f 709//709 782//782 781//781
f 710//710 711//711 783//783
f 710//710 783//783 782//782
f 711//711 712//712 784//784
f 711//711 784//784 783//783
f 712//712 713//713 785//785
f 712//712 785//785 784//784
f 713//713 714//714 786//786
f 713//713 786//786 785//785
f 714//714 715//715 787//787
f 714//714 787//787 786//786
f 715//715 716//716 788//788
f 715//715 788//788 787//787
f 716//716 717//717 789//789
f 716//716 789//789 788//788
f 717//717 718//718 790//790
f 717//717 790//790 789//789
f 718//718 719//719 791//791
f 718//718 791//791 790//790
f 719//719 720//720 792//792
f 719//719 792//792 791//791
f 720//720 649//649 721//721
f 720//720 721//721 792//792
f 721//721 722//722 794//794
f 721//721 794//794 793//793
f 722//722 723//723 795//795
f 722//722 795//795 794//794
f 723//723 724//724 796//796
f 723//723 796//796 795//795
f 724//724 725//725 797//797
f 724//724 797//797 796//796
f 725//725 726//726 798//798
f 725//725 798//798 797//797
f 726//726 727//727 799//799
f 726//726 799//799 798//798
f 727//727 728//728 800//800
f 727//727 800//800 799//799
f 728//728 729//729 801//801
f 728//728 801//801 800//800
f 729//729 730//730 802//802
f 729//729 802//802 801//801
f 730//730 731//731 803//803
f 730//730 803//803 802//802
f 731//731 732//732 804//804
f 731//731 804//804 803//803
f 732//732 733//733 805//805
f 732//732 805//805 804//804
f 733//733 734//734 806//806
f 733//733 806//806 805//805
f 734//734 735//735 807//807
f 734//734 807//807 806//806
f 735//735 736//736 808//808
f 735//735 808//808 807//807
f 736//736 737//737 809//809
f 736//736 809//809 808//808
f 737//737 738//738 810//810
f 737//737 810//810 809//809
f 738//738 739//739 811//811
f 738//738 811//811 810//810
f 739//739 740//740 812//812
f 739//739 812//812 811//811
f 740//740 741//741 813//813
f 740//740 813//813 812//812
f 741//741 742//742 814//814
f 741//741 814//814 813//813
f 742//742 743//743 815//815
f 742//742 815//815 814//814
f 743//743 744//744 816//816
f 743//743 816//816 815//815
f 744//744 745//745 817//817
f 744//744 817//817 816//816
f 745//745 746//746 818//818
f 745//745 818//818 817//817
f 746//746 747//747 819//819
f 746//746 819//819 818//818
f 747//747 748//748 820//820
f 747//747 820//820 819//819
f 748//748 749//749 821//821
f 748//748 821//821 820//820
f 749//749 750//750 822//822
f 749//749 822//822 821//821
f 750//750 751//751 823//823
f 750//750 823//823 822//822
f 751//751 752//752 824//824
f 751//751 824//824 823//823
f 752//752 753//753 825//825
f 752//752 825//825 824//824
f 753//753 754//754 826//826
f 753//753 826//826 825//825
f 754//754 755//755 827//827
f 754//754 827//827 826//826
f 755//755 756//756 828//828
f 755//755 828//828 827//827
f 756//756 757//757 829//829
f 756//756 829//829 828//828
f 757//757 758//758 830//830
f 757//757 830//830 829//829
f 758//758 759//759 831//831
f 758//758 831//831 830//830
f 759//759 760//760 832//832
f 759//759 832//832 831//831
f 760//760 761//761 833//833
f 760//760 833//833 832//832
f 761//761 762//762 834//834
f 761//761 834//834 833//833
f 762//762 763//763 835//835
f 762//762 835//835 834//834
f 763//763 764//764 836//836
f 763//763 836//836 835//835
f 764//764 765//765 837//837
f 764//764 837//837 836//836
f 765//765 766//766 838//838
f 765//765 838//838 837//837
f 766//766 767//767 839//839
f 766//766 839//839 838//838
f 767//767 768//768 840//840
f 767//767 840//840 839//839
f 768//768 769//769 841//841
f 768//768 841//841 840//840
f 769//769 770//770 842//842
f 769//769 842//842 841//841
f 770//770 771//771 843//843
f 770//770 843//843 842//842
f 771//771 772//772 844//844
f 771//771 844//844 843//843
f 772//772 773//773 845//845
f 772//772 845//845 844//844
f 773//773 774//774 846//846
f 773//773 846//846 845//845
f 774//774 775//775 847//847
f 774//774 847//847 846//846
f 775//775 776//776 848//848
f 775//775 848//848 847//847
f 776//776 777//777 849//849
f 776//776 849//849 848//848
f 777//777 778//778 850//850
f 777//777 850//850 849//849
f 778//778 779//779 851//851
f 778//778 851//851 850//850
f 779//779 780//780 852//852
f 779//779 852//852 851//851
f 780//780 781//781 853//853
f 780//780 853//853 852//852
f 781//781 782//782 854//854
f 781//781 854//854 853//853
f 782//782 783//783 855//855
f 782//782 855//855 854//854
f 783//783 784//784 856//856
f 783//783 856//856 855//855
f 784//784 785//785 857//857
f 784//784 857//857 856//856
f 785//785 786//786 858//858
f 785//785 858//858 857//857
f 786//786 787//787 859//859
f 786//786 859//859 858//858
f 787//787 788//788 860//860
f 787//787 860//860 859//859
f 788//788 789//789 861//861
f 788//788 861//861 860//860
f 789//789 790//790 862//862
f 789//789 862//862 861//861
f 790//790 791//791 863//863
f 790//790 863//863 862//862
f 791//791 792//792 864//864
f 791//791 864//864 863//863
f 792//792 721//721 793//793
f 792//792 793//793 864//864
f 793//793 794//794 866//866
f 793//793 866//866 865//865
f 794//794 795//795 867//867
f 794//794 867//867 866//866
f 795//795 796//796 868//868
f 795//795 868//868 867//867
f 796//796 797//797 869//869
f 796//796 869//869 868//868
f 797//797 798//798 870//870
f 797//797 870//870 869//869
f 798//798 799//799 871//871
f 798//798 871//871 870//870
f 799//799 800//800 872//872
f 799//799 872//872 871//871
f 800//800 801//801 873//873
f 800//800 873//873 872//872
f 801//801 802//802 874//874
f 801//801 874//874 873//873
f 802//802 803//803 875//875
f 802//802 875//875 874//874
f 803//803 804//804 876//876
f 803//803 876//876 875//875
f 804//804 805//805 877//877
f 804//804 877//877 876//876
f 805//805 806//806 878//878
f 805//805 878//878 877//877
f 806//806 807//807 879//879
f 806//806 879//879 878//878
f 807//807 808//808 880//880
f 807//807 880//880 879//879
f 808//808 809//809 881//881
f 808//808 881//881 880//880
f 809//809 810//810 882//882
f 809//809 882//882 881//881
f 810//810 811//811 883//883
f 810//810 883//883 882//882
f 811//811 812//812 884//884
f 811//811 884//884 883//883
f 812//812 813//813 885//885
f 812//812 885//885 884//884
f 813//813 814//814 886//886
f 813//813 886//886 885//885
f 814//814 815//815 887//887
f 814//814 887//887 886//886
f 815//815 816//816 888//888
f 815//815 888//888 887//887
f 816//816 817//817 889//889
f 816//816 889//889 888//888
f 817//817 818//818 890//890
f 817//817 890//890 889//889
f 818//818 819//819 891//891
f 818//818 891//891 890//890
f 819//819 820//820 892//892
f 819//819 892//892 891//891
f 820//820 821//821 893//893
f 820//820 893//893 892//892
f 821//821 822//822 894//894
f 821//821 894//894 893//893
f 822//822 823//823 895//895
f 822//822 895//895 894//894
f 823//823 824//824 896//896
f 823//823 896//896 895//895
f 824//824 825//825 897//897
f 824//824 897//897 896//896
f 825//825 826//826 898//898
f 825//825 898//898 897//897
f 826//826 827//827 899//899
f 826//826 899//899 898//898
f 827//827 828//828 900//900
f 827//827 900//900 899//899
f 828//828 829//829 901//901
f 828//828 901//901 900//900
f 829//829 830//830 902//902
f 829//829 902//902 901//901
f 830//830 831//831 903//903
f 830//830 903//903 902//902
f 831//831 832//832 904//904
f 831//831 904//904 903//903
f 832//832 833//833 905//905
f 832//832 905//905 904//904
f 833//833 834//834 906//906
f 833//833 906//906 905//905
f 834//834 835//835 907//907
f 834//834 907//907 906//906
f 835//835 836//836 908//908
f 835//835 908//908 907//907
f 836//836 837//837 909//909
f 836//836 909//909 908//908
f 837//837 838//838 910//910
f 837//837 910//910 909//909
f 838//838 839//839 911//911
f 838//838 911//911 910//910
f 839//839 840//840 912//912
f 839//839 912//912 911//911
f 840//840 841//841 913//913
f 840//840 913//913 912//912
f 841//841 842//842 914//914
f 841//841 914//914 913//913
f 842//842 843//843 915//915
f 842//842 915//915 914//914
f 843//843 844//844 916//916
f 843//843 916//916 915//915
f 844//844 845//845 917//917
f 844//844 917//917 916//916
f 845//845 846//846 918//918
f 845//845 918//918 917//917
f 846//846 847//847 919//919
f 846//846 919//919 918//918
f 847//847 848//848 920//920
f 847//847 920//920 919//919
f 848//848 849//849 921//921
f 848//848 921//921 920//920
f 849//849 850//850 922//922
f 849//849 922//922 921//921
f 850//850 851//851 923//923
f 850//850 923//923 922//922
f 851//851 852//852 924//924
f 851//851 924//924 923//923
f 852//852 853//853 925//925
f 852//852 925//925 924//924
f 853//853 854//854 926//926
f 853//853 926//926 925//925
f 854//854 855//855 927//927
f 854//854 927//927 926//926
f 855//855 856//856 928//928
f 855//855 928//928 927//927
f 856//856 857//857 929//929
f 856//856 929//929 928//928
f 857//857 858//858 930//930
f 857//857 930//930 929//929
f 858//858 859//859 931//931
f 858//858 931//931 930//930
f 859//859 860//860 932//932
f 859//859 932//932 931//931
f 860//860 861//861 933//933
f 860//860 933//933 932//932
f 861//861 862//862 934//934
f 861//861 934//934 933//933
f 862//862 863//863 935//935
f 862//862 935//935 934//934
f 863//863 864//864 936//936
f 863//863 936//936 935//935
f 864//864 793//793 865//865
f 864//864 865//865 936//936
f 865//865 866//866 938//938
f 865//865 938//938 937//937
f 866//866 867//867 939//939
f 866//866 939//939 938//938
f 867//867 868//868 940//940
f 867//867 940//940 939//939
f 868//868 869//869 941//941
f 868//868 941//941 940//940
f 869//869 870//870 942//942
f 869//869 942//942 941//941
f 870//870 871//871 943//943
f 870//870 943//943 942//942
f 871//871 872//872 944//944
f 871//871 944//944 943//943
f 872//872 873//873 945//945
f 872//872 945//945 944//944
f 873//873 874//874 946//946
f 873//873 946//946 945//945
f 874//874 875//875 947//947
f 874//874 947//947 946//946
f 875//875 876//876 948//948
f 875//875 948//948 947//947
f 876//876 877//877 949//949
f 876//876 949//949 948//948
f 877//877 878//878 950//950
f 877//877 950//950 949//949
f 878//878 879//879 951//951
f 878//878 951//951 950//950
f 879//879 880//880 952//952
f 879//879 952//952 951//951
f 880//880 881//881 953//953
f 880//880 953//953 952//952
f 881//881 882//882 954//954
f 881//881 954//954 953//953
f 882//882 883//883 955//955
f 882//882 955//955 954//954
f 883//883 884//884 956//956
f 883//883 956//956 955//955
f 884//884 885//885 957//957
f 884//884 957//957 956//956
f 885//885 886//886 958//958
f 885//885 958//958 957//957
f 886//886 887//887 959//959
f 886//886 959//959 958//958
f 887//887 888//888 960//960
f 887//887 960//960 959//959
f 888//888 889//889 961//961
f 888//888 961//961 960//960
f 889//889 890//890 962//962
f 889//889 962//962 961//961
f 890//890 891//891 963//963
f 890//890 963//963 962//962
f 891//891 892//892 964//964
f 891//891 964//964 963//963
f 892//892 893//893 965//965
f 892//892 965//965 964//964
f 893//893 894//894 966//966
f 893//893 966//966 965//965
f 894//894 895//895 967//967
f 894//894 967//967 966//966
f 895//895 896//896 968//968
f 895//895 968//968 967//967
f 896//896 897//897 969//969
f 896//896 969//969 968//968
f 897//897 898//898 970//970
f 897//897 970//970 969//969
f 898//898 899//899 971//971
f 898//898 971//971 970//970
f 899//899 900//900 972//972
f 899//899 972//972 971//971
f 900//900 901//901 973//973
f 900//900 973//973 972//972
f 901//901 902//902 974//974
f 901//901 974//974 973//973
f 902//902 903//903 975//975
f 902//902 975//975 974//974
f 903//903 904//904 976//976
f 903//903 976//976 975//975
f 904//904 905//905 977//977
f 904//904 977//977 976//976
f 905//905 906//906 978//978
f 905//905 978//978 977//977
f 906//906 907//907 979//979
f 906//906 979//979 978//978
f 907//907 908//908 980//980
f 907//907 980//980 979//979
f 908//908 909//909 981//981
f 908//908 981//981 980//980
f 909//909 910//910 982//982
f 909//909 982//982 981//981
f 910//910 911//911 983//983
f 910//910 983//983 982//982
f 911//911 912//912 984//984
f 911//911 984//984 983//983
f 912//912 913//913 985//985
f 912//912 985//985 984//984
f 913//913 914//914 986//986
f 913//913 986//986 985//985
f 914//914 915//915 987//987
f 914//914 987//987 986//986
f 915//915 916//916 988//988
f 915//915 988//988 987//987
f 916//916 917//917 989//989
f 916//916 989//989 988//988
f 917//917 918//918 990//990
f 917//917 990//990 989//989
f 918//918 919//919 991//991
f 918//918 991//991 990//990
f 919//919 920//920 992//992
f 919//919 992//992 991//991
f 920//920 921//921 993//993
f 920//920 993//993 992//992
f 921//921 922//922 994//994
f 921//921 994//994 993//993
f 922//922 923//923 995//995
f 922//922 995//995 994//994
f 923//923 924//924 996//996
f 923//923 996//996 995//995
f 924//924 925//925 997//997
f 924//924 997//997 996//996
f 925//925 926//926 998//998
f 925//925 998//998 997//997
f 926//926 927//927 999//999
f 926//926 999//999 998//998
f 927//927 928//928 1000//1000
f 927//927 1000//1000 999//999
f 928//928 929//929 1001//1001
f 928//928 1001//1001 1000//1000
f 929//929 930//930 1002//1002
f 929//929 1002//1002 1001//1001
f 930//930 931//931 1003//1003
f 930//930 1003//1003 1002//1002
f 931//931 932//932 1004//1004
f 931//931 1004//1004 1003//1003
f 932//932 933//933 1005//1005
f 932//932 1005//1005 1004//1004
f 933//933 934//934 1006//1006
f 933//933 1006//1006 1005//1005
f 934//934 935//935 1007//1007
f 934//934 1007//1007 1006//1006
f 935//935 936//936 1008//1008
f 935//935 1008//1008 1007//1007
f 936//936 865//865 937//937
f 936//936 937//937 1008//1008
f 937//937 938//938 1010//1010
f 937//937 1010//1010 1009//1009
f 938//938 939//939 1011//1011
f 938//938 1011//1011 1010//1010
f 939//939 940//940 1012//1012
f 939//939 1012//1012 1011//1011
f 940//940 941//941 1013//1013
f 940//940 1013//1013 1012//1012
f 941//941 942//942 1014//1014
f 941//941 1014//1014 1013//1013
f 942//942 943//943 1015//1015
f 942//942 1015//1015 1014//1014
f 943//943 944//944 1016//1016
f 943//943 1016//1016 1015//1015
f 944//944 945//945 1017//1017
f 944//944 1017//1017 1016//1016
f 945//945 946//946 1018//1018
f 945//945 1018//1018 1017//1017
f 946//946 947//947 1019//1019
f 946//946 1019//1019 1018//1018
f 947//947 948//948 1020//1020
f 947//947 1020//1020 1019//1019
f 948//948 949//949 1021//1021
f 948//948 1021//1021 1020//1020
f 949//949 950//950 1022//1022
f 949//949 1022//1022 1021//1021
f 950//950 951//951 1023//1023
f 950//950 1023//1023 1022//1022
f 951//951 952//952 1024//1024
f 951//951 1024//1024 1023//1023
f 952//952 953//953 1025//1025
f 952//952 1025//1025 1024//1024
f 953//953 954//954 1026//1026
f 953//953 1026//1026 1025//1025
f 954//954 955//955 1027//1027
f 954//954 1027//1027 1026//1026
f 955//955 956//956 1028//1028
f 955//955 1028//1028 1027//1027
f 956//956 957//957 1029//1029
f 956//956 1029//1029 1028//1028
f 957//957 958//958 1030//1030
f 957//957 1030//1030 1029//1029
f 958//958 959//959 1031//1031
f 958//958 1031//1031 1030//1030
f 959//959 960//960 1032//1032
f 959//959 1032//1032 1031//1031
f 960//960 961//961 1033//1033
f 960//960 1033//1033 1032//1032
f 961//961 962//962 1034//1034
f 961//961 1034//1034 1033//1033
f 962//962 963//963 1035//1035
f 962//962 1035//1035 1034//1034
f 963//963 964//964 1036//1036
f 963//963 1036//1036 1035//1035
f 964//964 965//965 1037//1037
f 964//964 1037//1037 1036//1036
f 965//965 966//966 1038//1038
f 965//965 1038//1038 1037//1037
f 966//966 967//967 1039//1039
f 966//966 1039//1039 1038//1038
f 967//967 968//968 1040//1040
f 967//967 1040//1040 1039//1039
f 968//968 969//969 1041//1041
f 968//968 1041//1041 1040//1040
f 969//969 970//970 1042//1042
f 969//969 1042//1042 1041//1041
f 970//970 971//971 1043//1043
f 970//970 1043//1043 1042//1042
f 971//971 972//972 1044//1044
f 971//971 1044//1044 1043//1043
f 972//972 973//973 1045//1045
f 972//972 1045//1045 1044//1044
f 973//973 974//974 1046//1046
f 973//973 1046//1046 1045//1045
f 974//974 975//975 1047//1047
f 974//974 1047//1047 1046//1046
f 975//975 976//976 1048//1048
f 975//975 1048//1048 1047//1047
f 976//976 977//977 1049//1049
f 976//976 1049//1049 1048//1048
f 977//977 978//978 1050//1050
f 977//977 1050//1050 1049//1049
f 978//978 979//979 1051//1051
f 978//978 1051//1051 1050//1050
f 979//979 980//980 1052//1052
f 979//979 1052//1052 1051//1051
f 980//980 981//981 1053//1053
f 980//980 1053//1053 1052//1052
f 981//981 982//982 1054//1054
f 981//981 1054//1054 1053//1053
f 982//982 983//983 1055//1055
f 982//982 1055//1055 1054//1054
f 983//983 984//984 1056//1056
f 983//983 1056//1056 1055//1055
f 984//984 985//985 1057//1057
f 984//984 1057//1057 1056//1056
f 985//985 986//986 1058//1058
f 985//985 1058//1058 1057//1057
f 986//986 987//987 1059//1059
f 986//986 1059//1059 1058//1058
f 987//987 988//988 1060//1060
f 987//987 1060//1060 1059//1059
f 988//988 989//989 1061//1061
f 988//988 1061//1061 1060//1060
f 989//989 990//990 1062//1062
f 989//989 1062//1062 1061//1061
f 990//990 991//991 1063//1063
f 990//990 1063//1063 1062//1062
f 991//991 992//992 1064//1064
f 991//991 1064//1064 1063//1063
f 992//992 993//993 1065//1065
f 992//992 1065//1065 1064//1064
f 993//993 994//994 1066//1066
f 993//993 1066//1066 1065//1065
f 994//994 995//995 1067//1067
f 994//994 1067//1067 1066//1066
f 995//995 996//996 1068//1068
f 995//995 1068//1068 1067//1067
f 996//996 997//997 1069//1069
f 996//996 1069//1069 1068//1068
f 997//997 998//998 1070//1070
f 997//997 1070//1070 1069//1069
f 998//998 999//999 1071//1071
f 998//998 1071//1071 1070//1070
f 999//999 1000//1000 1072//1072
f 999//999 1072//1072 1071//1071
f 1000//1000 1001//1001 1073//1073
f 1000//1000 1073//1073 1072//1072
f 1001//1001 1002//1002 1074//1074
f 1001//1001 1074//1074 1073//1073
f 1002//1002 1003//1003 1075//1075
f 1002//1002 1075//1075 1074//1074
f 1003//1003 1004//1004 1076//1076
f 1003//1003 1076//1076 1075//1075
f 1004//1004 1005//1005 1077//1077
f 1004//1004 1077//1077 1076//1076
f 1005//1005 1006//1006 1078//1078
f 1005//1005 1078//1078 1077//1077
f 1006//1006 1007//1007 1079//1079
f 1006//1006 1079//1079 1078//1078
f 1007//1007 1008//1008 1080//1080
f 1007//1007 1080//1080 1079//1079
f 1008//1008 937//937 1009//1009
f 1008//1008 1009//1009 1080//1080
f 1009//1009 1010//1010 1082//1082
f 1009//1009 1082//1082 1081//1081
f 1010//1010 1011//1011 1083//1083
f 1010//1010 1083//1083 1082//1082
f 1011//1011 1012//1012 1084//1084
f 1011//1011 1084//1084 1083//1083
f 1012//1012 1013//1013 1085//1085
f 1012//1012 1085//1085 1084//1084
f 1013//1013 1014//1014 1086//1086
f 1013//1013 1086//1086 1085//1085
f 1014//1014 1015//1015 1087//1087
f 1014//1014 1087//1087 1086//1086
f 1015//1015 1016//1016 1088//1088
f 1015//1015 1088//1088 1087//1087
f 1016//1016 1017//1017 1089//1089
f 1016//1016 1089//1089 1088//1088
f 1017//1017 1018//1018 1090//1090
f 1017//1017 1090//1090 1089//1089
f 1018//1018 1019//1019 1091//1091
f 1018//1018 1091//1091 1090//1090
f 1019//1019 1020//1020 1092//1092
f 1019//1019 1092//1092 1091//1091
f 1020//1020 1021//1021 1093//1093
f 1020//1020 1093//1093 1092//1092
f 1021//1021 1022//1022 1094//1094
f 1021//1021 1094//1094 1093//1093
f 1022//1022 1023//1023 1095//1095
f 1022//1022 1095//1095 1094//1094
f 1023//1023 1024//1024 1096//1096
f 1023//1023 1096//1096 1095//1095
f 1024//1024 1025//1025 1097//1097
f 1024//1024 1097//1097 1096//1096
f 1025//1025 1026//1026 1098//1098
f 1025//1025 1098//1098 1097//1097
f 1026//1026 1027//1027 1099//1099
f 1026//1026 1099//1099 1098//1098
f 1027//1027 1028//1028 1100//1100
f 1027//1027 1100//1100 1099//1099
f 1028//1028 1029//1029 1101//1101
f 1028//1028 1101//1101 1100//1100
f 1029//1029 1030//1030 1102//1102
f 1029//1029 1102//1102 1101//1101
f 1030//1030 1031//1031 1103//1103
f 1030//1030 1103//1103 1102//1102
f 1031//1031 1032//1032 1104//1104
f 1031//1031 1104//1104 1103//1103
f 1032//1032 1033//1033 1105//1105
f 1032//1032 1105//1105 1104//1104
f 1033//1033 1034//1034 1106//1106
f 1033//1033 1106//1106 1105//1105
f 1034//1034 1035//1035 1107//1107
f 1034//1034 1107//1107 1106//1106
f 1035//1035 1036//1036 1108//1108
f 1035//1035 1108//1108 1107//1107
f 1036//1036 1037//1037 1109//1109
f 1036//1036 1109//1109 1108//1108
f 1037//1037 1038//1038 1110//1110
f 1037//1037 1110//1110 1109//1109
f 1038//1038 1039//1039 1111//1111
f 1038//1038 1111//1111 1110//1110
f 1039//1039 1040//1040 1112//1112
f 1039//1039 1112//1112 1111//1111
f 1040//1040 1041//1041 1113//1113
f 1040//1040 1113//1113 1112//1112
f 1041//1041 1042//1042 1114//1114
f 1041//1041 1114//1114 1113//1113
f 1042//1042 1043//1043 1115//1115
f 1042//1042 1115//1115 1114//1114
f 1043//1043 1044//1044 1116//1116
f 1043//1043 1116//1116 1115//1115
f 1044//1044 1045//1045 1117//1117
f 1044//1044 1117//1117 1116//1116
f 1045//1045 1046//1046 1118//1118
f 1045//1045 1118//1118 1117//1117
f 1046//1046 1047//1047 1119//1119
f 1046//1046 1119//1119 1118//1118
f 1047//1047 1048//1048 1120//1120
f 1047//1047 1120//1120 1119//1119
f 1048//1048 1049//1049 1121//1121
f 1048//1048 1121//1121 1120//1120
f 1049//1049 1050//1050 1122//1122
f 1049//1049 1122//1122 1121//1121
f 1050//1050 1051//1051 1123//1123
f 1050//1050 1123//1123 1122//1122
f 1051//1051 1052//1052 1124//1124
f 1051//1051 1124//1124 1123//1123
f 1052//1052 1053//1053 1125//1125
f 1052//1052 1125//1125 1124//1124
f 1053//1053 1054//1054 1126//1126
f 1053//1053 1126//1126 1125//1125
f 1054//1054 1055//1055 1127//1127
f 1054//1054 1127//1127 1126//1126
f 1055//1055 1056//1056 1128//1128
f 1055//1055 1128//1128 1127//1127
f 1056//1056 1057//1057 1129//1129
f 1056//1056 1129//1129 1128//1128
f 1057//1057 1058//1058 1130//1130
f 1057//1057 1130//1130 1129//1129
f 1058//1058 1059//1059 1131//1131
f 1058//1058 1131//1131 1130//1130
f 1059//1059 1060//1060 1132//1132
f 1059//1059 1132//1132 1131//1131
f 1060//1060 1061//1061 1133//1133
f 1060//1060 1133//1133 1132//1132
f 1061//1061 1062//1062 1134//1134
f 1061//1061 1134//1134 1133//1133
f 1062//1062 1063//1063 1135//1135
f 1062//1062 1135//1135 1134//1134
f 1063//1063 1064//1064 1136//1136
f 1063//1063 1136//1136 1135//1135
f 1064//1064 1065//1065 1137//1137
f 1064//1064 1137//1137 1136//1136
f 1065//1065 1066//1066 1138//1138
f 1065//1065 1138//1138 1137//1137
f 1066//1066 1067//1067 1139//1139
f 1066//1066 1139//1139 1138//1138
f 1067//1067 1068//1068 1140//1140
f 1067//1067 1140//1140 1139//1139
f 1068//1068 1069//1069 1141//1141
f 1068//1068 1141//1141 1140//1140
f 1069//1069 1070//1070 1142//1142
f 1069//1069 1142//1142 1141//1141
f 1070//1070 1071//1071 1143//1143
f 1070//1070 1143//1143 1142//1142
f 1071//1071 1072//1072 1144//1144
f 1071//1071 1144//1144 1143//1143
f 1072//1072 1073//1073 1145//1145
f 1072//1072 1145//1145 1144//1144
f 1073//1073 1074//1074 1146//1146
f 1073//1073 1146//1146 1145//1145
f 1074//1074 1075//1075 1147//1147
f 1074//1074 1147//1147 1146//1146
f 1075//1075 1076//1076 1148//1148
f 1075//1075 1148//1148 1147//1147
f 1076//1076 1077//1077 1149//1149
f 1076//1076 1149//1149 1148//1148
f 1077//1077 1078//1078 1150//1150
f 1077//1077 1150//1150 1149//1149
f 1078//1078 1079//1079 1151//1151
f 1078//1078 1151//1151 1150//1150
f 1079//1079 1080//1080 1152//1152
f 1079//1079 1152//1152 1151//1151
f 1080//1080 1009//1009 1081//1081
f 1080//1080 1081//1081 1152//1152
f 1081//1081 1082//1082 1154//1154
f 1081//1081 1154//1154 1153//1153
f 1082//1082 1083//1083 1155//1155
f 1082//1082 1155//1155 1154//1154
f 1083//1083 1084//1084 1156//1156
f 1083//1083 1156//1156 1155//1155
f 1084//1084 1085//1085 1157//1157
f 1084//1084 1157//1157 1156//1156
f 1085//1085 1086//1086 1158//1158
f 1085//1085 1158//1158 1157//1157
f 1086//1086 1087//1087 1159//1159
f 1086//1086 1159//1159 1158//1158
f 1087//1087 1088//1088 1160//1160
f 1087//1087 1160//1160 1159//1159
f 1088//1088 1089//1089 1161//1161
f 1088//1088 1161//1161 1160//1160
f 1089//1089 1090//1090 1162//1162
f 1089//1089 1162//1162 1161//1161
f 1090//1090 1091//1091 1163//1163
f 1090//1090 1163//1163 1162//1162
f 1091//1091 1092//1092 1164//1164
f 1091//1091 1164//1164 1163//1163
f 1092//1092 1093//1093 1165//1165
f 1092//1092 1165//1165 1164//1164
f 1093//1093 1094//1094 1166//1166
f 1093//1093 1166//1166 1165//1165
f 1094//1094 1095//1095 1167//1167
f 1094//1094 1167//1167 1166//1166
f 1095//1095 1096//1096 1168//1168
f 1095//1095 1168//1168 1167//1167
f 1096//1096 1097//1097 1169//1169
f 1096//1096 1169//1169 1168//1168
f 1097//1097 1098//1098 1170//1170
f 1097//1097 1170//1170 1169//1169
f 1098//1098 1099//1099 1171//1171
f 1098//1098 1171//1171 1170//1170
f 1099//1099 1100//1100 1172//1172
f 1099//1099 1172//1172 1171//1171
f 1100//1100 1101//1101 1173//1173
f 1100//1100 1173//1173 1172//1172
f 1101//1101 1102//1102 1174//1174
f 1101//1101 1174//1174 1173//1173
f 1102//1102 1103//1103 1175//1175
f 1102//1102 1175//1175 1174//1174
f 1103//1103 1104//1104 1176//1176
f 1103//1103 1176//1176 1175//1175
f 1104//1104 1105//1105 1177//1177
f 1104//1104 1177//1177 1176//1176
f 1105//1105 1106//1106 1178//1178
f 1105//1105 1178//1178 1177//1177
f 1106//1106 1107//1107 1179//1179
f 1106//1106 1179//1179 1178//1178
f 1107//1107 1108//1108 1180//1180
f 1107//1107 1180//1180 1179//1179
f 1108//1108 1109//1109 1181//1181
f 1108//1108 1181//1181 1180//1180
f 1109//1109 1110//1110 1182//1182
f 1109//1109 1182//1182 1181//1181
f 1110//1110 1111//1111 1183//1183
f 1110//1110 1183//1183 1182//1182
f 1111//1111 1112//1112 1184//1184
f 1111//1111 1184//1184 1183//1183
f 1112//1112 1113//1113 1185//1185
f 1112//1112 1185//1185 1184//1184
f 1113//1113 1114//1114 1186//1186
f 1113//1113 1186//1186 1185//1185
f 1114//1114 1115//1115 1187//1187
f 1114//1114 1187//1187 1186//1186
f 1115//1115 1116//1116 1188//1188
f 1115//1115 1188//1188 1187//1187
f 1116//1116 1117//1117 1189//1189
f 1116//1116 1189//1189 1188//1188
f 1117//1117 1118//1118 1190//1190
f 1117//1117 1190//1190 1189//1189
f 1118//1118 1119//1119 1191//1191
f 1118//1118 1191//1191 1190//1190
f 1119//1119 1120//1120 1192//1192
f 1119//1119 1192//1192 1191//1191
f 1120//1120 1121//1121 1193//1193
f 1120//1120 1193//1193 1192//1192
f 1121//1121 1122//1122 1194//1194
f 1121//1121 1194//1194 1193//1193
f 1122//1122 1123//1123 1195//1195
f 1122//1122 1195//1195 1194//1194
f 1123//1123 1124//1124 1196//1196
f 1123//1123 1196//1196 1195//1195
f 1124//1124 1125//1125 1197//1197
f 1124//1124 1197//1197 1196//1196
f 1125//1125 1126//1126 1198//1198
f 1125//1125 1198//1198 1197//1197
f 1126//1126 1127//1127 1199//1199
f 1126//1126 1199//1199 1198//1198
f 1127//1127 1128//1128 1200//1200
f 1127//1127 1200//1200 1199//1199
f 1128//1128 1129//1129 1201//1201
f 1128//1128 1201//1201 1200//1200
f 1129//1129 1130//1130 1202//1202
f 1129//1129 1202//1202 1201//1201
f 1130//1130 1131//1131 1203//1203
f 1130//1130 1203//1203 1202//1202
f 1131//1131 1132//1132 1204//1204
f 1131//1131 1204//1204 1203//1203
f 1132//1132 1133//1133 1205//1205
f 1132//1132 1205//1205 1204//1204
f 1133//1133 1134//1134 1206//1206
f 1133//1133 1206//1206 1205//1205
f 1134//1134 1135//1135 1207//1207
f 1134//1134 1207//1207 1206//1206
f 1135//1135 1136//1136 1208//1208
f 1135//1135 1208//1208 1207//1207
f 1136//1136 1137//1137 1209//1209
f 1136//1136 1209//1209 1208//1208
f 1137//1137 1138//1138 1210//1210
f 1137//1137 1210//1210 1209//1209
f 1138//1138 1139//1139 1211//1211
f 1138//1138 1211//1211 1210//1210
f 1139//1139 1140//1140 1212//1212
f 1139//1139 1212//1212 1211//1211
f 1140//1140 1141//1141 1213//1213
f 1140//1140 1213//1213 1212//1212
f 1141//1141 1142//1142 1214//1214
f 1141//1141 1214//1214 1213//1213
f 1142//1142 1143//1143 1215//1215
f 1142//1142 1215//1215 1214//1214
f 1143//1143 1144//1144 1216//1216
f 1143//1143 1216//1216 1215//1215
f 1144//1144 1145//1145 1217//1217
f 1144//1144 1217//1217 1216//1216
f 1145//1145 1146//1146 1218//1218
f 1145//1145 1218//1218 1217//1217
f 1146//1146 1147//1147 1219//1219
f 1146//1146 1219//1219 1218//1218
f 1147//1147 1148//1148 1220//1220
f 1147//1147 1220//1220 1219//1219
f 1148//1148 1149//1149 1221//1221
f 1148//1148 1221//1221 1220//1220
f 1149//1149 1150//1150 1222//1222
f 1149//1149 1222//1222 1221//1221
f 1150//1150 1151//1151 1223//1223
f 1150//1150 1223//1223 1222//1222
f 1151//1151 1152//1152 1224//1224
f 1151//1151 1224//1224 1223//1223
f 1152//1152 1081//1081 1153//1153
f 1152//1152 1153//1153 1224//1224
f 1153//1153 1154//1154 1226//1226
f 1153//1153 1226//1226 1225//1225
f 1154//1154 1155//1155 1227//1227
f 1154//1154 1227//1227 1226//1226
f 1155//1155 1156//1156 1228//1228
f 1155//1155 1228//1228 1227//1227
f 1156//1156 1157//1157 1229//1229
f 1156//1156 1229//1229 1228//1228
f 1157//1157 1158//1158 1230//1230
f 1157//1157 1230//1230 1229//1229
f 1158//1158 1159//1159 1231//1231
f 1158//1158 1231//1231 1230//1230
f 1159//1159 1160//1160 1232//1232
f 1159//1159 1232//1232 1231//1231
f 1160//1160 1161//1161 1233//1233
f 1160//1160 1233//1233 1232//1232
f 1161//1161 1162//1162 1234//1234
f 1161//1161 1234//1234 1233//1233
f 1162//1162 1163//1163 1235//1235
f 1162//1162 1235//1235 1234//1234
f 1163//1163 1164//1164 1236//1236
f 1163//1163 1236//1236 1235//1235
f 1164//1164 1165//1165 1237//1237
f 1164//1164 1237//1237 1236//1236
f 1165//1165 1166//1166 1238//1238
f 1165//1165 1238//1238 1237//1237
f 1166//1166 1167//1167 1239//1239
f 1166//1166 1239//1239 1238//1238
f 1167//1167 1168//1168 1240//1240
f 1167//1167 1240//1240 1239//1239
f 1168//1168 1169//1169 1241//1241
f 1168//1168 1241//1241 1240//1240
f 1169//1169 1170//1170 1242//1242
f 1169//1169 1242//1242 1241//1241
f 1170//1170 1171//1171 1243//1243
f 1170//1170 1243//1243 1242//1242
f 1171//1171 1172//1172 1244//1244
f 1171//1171 1244//1244 1243//1243
f 1172//1172 1173//1173 1245//1245
f 1172//1172 1245//1245 1244//1244
f 1173//1173 1174//1174 1246//1246
f 1173//1173 1246//1246 1245//1245
f 1174//1174 1175//1175 1247//1247
f 1174//1174 1247//1247 1246//1246
f 1175//1175 1176//1176 1248//1248
f 1175//1175 1248//1248 1247//1247
f 1176//1176 1177//1177 1249//1249
f 1176//1176 1249//1249 1248//1248
f 1177//1177 1178//1178 1250//1250
f 1177//1177 1250//1250 1249//1249
f 1178//1178 1179//1179 1251//1251
f 1178//1178 1251//1251 1250//1250
f 1179//1179 1180//1180 1252//1252
f 1179//1179 1252//1252 1251//1251
f 1180//1180 1181//1181 1253//1253
f 1180//1180 1253//1253 1252//1252
f 1181//1181 1182//1182 1254//1254
f 1181//1181 1254//1254 1253//1253
f 1182//1182 1183//1183 1255//1255
f 1182//1182 1255//1255 1254//1254
f 1183//1183 1184//1184 1256//1256
f 1183//1183 1256//1256 1255//1255
f 1184//1184 1185//1185 1257//1257
f 1184//1184 1257//1257 1256//1256
f 1185//1185 1186//1186 1258//1258
f 1185//1185 1258//1258 1257//1257
f 1186//1186 1187//1187 1259//1259
f 1186//1186 1259//1259 1258//1258
f 1187//1187 1188//1188 1260//1260
f 1187//1187 1260//1260 1259//1259
f 1188//1188 1189//1189 1261//1261
f 1188//1188 1261//1261 1260//1260
f 1189//1189 1190//1190 1262//1262
f 1189//1189 1262//1262 1261//1261
f 1190//1190 1191//1191 1263//1263
f 1190//1190 1263//1263 1262//1262
f 1191//1191 1192//1192 1264//1264
f 1191//1191 1264//1264 1263//1263
f 1192//1192 1193//1193 1265//1265
f 1192//1192 1265//1265 1264//1264
f 1193//1193 1194//1194 1266//1266
f 1193//1193 1266//1266 1265//1265
f 1194//1194 1195//1195 1267//1267
f 1194//1194 1267//1267 1266//1266
f 1195//1195 1196//1196 1268//1268
f 1195//1195 1268//1268 1267//1267
f 1196//1196 1197//1197 1269//1269
f 1196//1196 1269//1269 1268//1268
f 1197//1197 1198//1198 1270//1270
f 1197//1197 1270//1270 1269//1269
f 1198//1198 1199//1199 1271//1271
f 1198//1198 1271//1271 1270//1270
f 1199//1199 1200//1200 1272//1272
f 1199//1199 1272//1272 1271//1271
f 1200//1200 1201//1201 1273//1273
f 1200//1200 1273//1273 1272//1272
f 1201//1201 1202//1202 1274//1274
f 1201//1201 1274//1274 1273//1273
f 1202//1202 1203//1203 1275//1275
f 1202//1202 1275//1275 1274//1274
f 1203//1203 1204//1204 1276//1276
f 1203//1203 1276//1276 1275//1275
f 1204//1204 1205//1205 1277//1277
f 1204//1204 1277//1277 1276//1276
f 1205//1205 1206//1206 1278//1278
f 1205//1205 1278//1278 1277//1277
f 1206//1206 1207//1207 1279//1279
f 1206//1206 1279//1279 1278//1278
f 1207//1207 1208//1208 1280//1280
f 1207//1207 1280//1280 1279//1279
f 1208//1208 1209//1209 1281//1281
f 1208//1208 1281//1281 1280//1280
f 1209//1209 1210//1210 1282//1282
f 1209//1209 1282//1282 1281//1281
f 1210//1210 1211//1211 1283//1283
f 1210//1210 1283//1283 1282//1282
f 1211//1211 1212//1212 1284//1284
f 1211//1211 1284//1284 1283//1283
f 1212//1212 1213//1213 1285//1285
f 1212//1212 1285//1285 1284//1284
f 1213//1213 1214//1214 1286//1286
f 1213//1213 1286//1286 1285//1285
f 1214//1214 1215//1215 1287//1287
f 1214//1214 1287//1287 1286//1286
f 1215//1215 1216//1216 1288//1288
f 1215//1215 1288//1288 1287//1287
f 1216//1216 1217//1217 1289//1289
f 1216//1216 1289//1289 1288//1288
f 1217//1217 1218//1218 1290//1290
f 1217//1217 1290//1290 1289//1289
f 1218//1218 1219//1219 1291//1291
f 1218//1218 1291//1291 1290//1290
f 1219//1219 1220//1220 1292//1292
f 1219//1219 1292//1292 1291//1291
f 1220//1220 1221//1221 1293//1293
f 1220//1220 1293//1293 1292//1292
f 1221//1221 1222//1222 1294//1294
f 1221//1221 1294//1294 1293//1293
f 1222//1222 1223//1223 1295//1295
f 1222//1222 1295//1295 1294//1294
f 1223//1223 1224//1224 1296//1296
f 1223//1223 1296//1296 1295//1295
f 1224//1224 1153//1153 1225//1225
f 1224//1224 1225//1225 1296//1296
f 1225//1225 1226//1226 1298//1298
f 1225//1225 1298//1298 1297//1297
f 1226//1226 1227//1227 1299//1299
f 1226//1226 1299//1299 1298//1298
f 1227//1227 1228//1228 1300//1300
f 1227//1227 1300//1300 1299//1299
f 1228//1228 1229//1229 1301//1301
f 1228//1228 1301//1301 1300//1300
f 1229//1229 1230//1230 1302//1302
f 1229//1229 1302//1302 1301//1301
f 1230//1230 1231//1231 1303//1303
f 1230//1230 1303//1303 1302//1302
f 1231//1231 1232//1232 1304//1304
f 1231//1231 1304//1304 1303//1303
f 1232//1232 1233//1233 1305//1305
f 1232//1232 1305//1305 1304//1304
f 1233//1233 1234//1234 1306//1306
f 1233//1233 1306//1306 1305//1305
f 1234//1234 1235//1235 1307//1307
f 1234//1234 1307//1307 1306//1306
f 1235//1235 1236//1236 1308//1308
f 1235//1235 1308//1308 1307//1307
f 1236//1236 1237//1237 1309//1309
f 1236//1236 1309//1309 1308//1308
f 1237//1237 1238//1238 1310//1310
f 1237//1237 1310//1310 1309//1309
f 1238//1238 1239//1239 1311//1311
f 1238//1238 1311//1311 1310//1310
f 1239//1239 1240//1240 1312//1312
f 1239//1239 1312//1312 1311//1311
f 1240//1240 1241//1241 1313//1313
f 1240//1240 1313//1313 1312//1312
f 1241//1241 1242//1242 1314//1314
f 1241//1241 1314//1314 1313//1313
f 1242//1242 1243//1243 1315//1315
f 1242//1242 1315//1315 1314//1314
f 1243//1243 1244//1244 1316//1316
f 1243//1243 1316//1316 1315//1315
f 1244//1244 1245//1245 1317//1317
f 1244//1244 1317//1317 1316//1316
f 1245//1245 1246//1246 1318//1318
f 1245//1245 1318//1318 1317//1317
f 1246//1246 1247//1247 1319//1319
f 1246//1246 1319//1319 1318//1318
f 1247//1247 1248//1248 1320//1320
f 1247//1247 1320//1320 1319//1319
f 1248//1248 1249//1249 1321//1321
f 1248//1248 1321//1321 1320//1320
f 1249//1249 1250//1250 1322//1322
f 1249//1249 1322//1322 1321//1321
f 1250//1250 1251//1251 1323//1323
f 1250//1250 1323//1323 1322//1322
f 1251//1251 1252//1252 1324//1324
f 1251//1251 1324//1324 1323//1323
f 1252//1252 1253//1253 1325//1325
f 1252//1252 1325//1325 1324//1324
f 1253//1253 1254//1254 1326//1326
f 1253//1253 1326//1326 1325//1325
f 1254//1254 1255//1255 1327//1327
f 1254//1254 1327//1327 1326//1326
f 1255//1255 1256//1256 1328//1328
f 1255//1255 1328//1328 1327//1327
f 1256//1256 1257//1257 1329//1329
f 1256//1256 1329//1329 1328//1328
f 1257//1257 1258//1258 1330//1330
f 1257//1257 1330//1330 1329//1329
f 1258//1258 1259//1259 1331//1331
f 1258//1258 1331//1331 1330//1330
f 1259//1259 1260//1260 1332//1332
f 1259//1259 1332//1332 1331//1331
f 1260//1260 1261//1261 1333//1333
f 1260//1260 1333//1333 1332//1332
f 1261//1261 1262//1262 1334//1334
f 1261//1261 1334//1334 1333//1333
f 1262//1262 1263//1263 1335//1335
f 1262//1262 1335//1335 1334//1334
f 1263//1263 1264//1264 1336//1336
f 1263//1263 1336//1336 1335//1335
f 1264//1264 1265//1265 1337//1337
f 1264//1264 1337//1337 1336//1336
f 1265//1265 1266//1266 1338//1338
f 1265//1265 1338//1338 1337//1337
f 1266//1266 1267//1267 1339//1339
f 1266//1266 1339//1339 1338//1338
f 1267//1267 1268//1268 1340//1340
f 1267//1267 1340//1340 1339//1339
f 1268//1268 1269//1269 1341//1341
f 1268//1268 1341//1341 1340//1340
f 1269//1269 1270//1270 1342//1342
f 1269//1269 1342//1342 1341//1341
f 1270//1270 1271//1271 1343//1343
f 1270//1270 1343//1343 1342//1342
f 1271//1271 1272//1272 1344//1344
f 1271//1271 1344//1344 1343//1343
f 1272//1272 1273//1273 1345//1345
f 1272//1272 1345//1345 1344//1344
f 1273//1273 1274//1274 1346//1346
f 1273//1273 1346//1346 1345//1345
f 1274//1274 1275//1275 1347//1347
f 1274//1274 1347//1347 1346//1346
f 1275//1275 1276//1276 1348//1348
f 1275//1275 1348//1348 1347//1347
f 1276//1276 1277//1277 1349//1349
f 1276//1276 1349//1349 1348//1348
f 1277//1277 1278//1278 1350//1350
f 1277//1277 1350//1350 1349//1349
f 1278//1278 1279//1279 1351//1351
f 1278//1278 1351//1351 1350//1350
f 1279//1279 1280//1280 1352//1352
f 1279//1279 1352//1352 1351//1351
f 1280//1280 1281//1281 1353//1353
f 1280//1280 1353//1353 1352//1352
f 1281//1281 1282//1282 1354//1354
f 1281//1281 1354//1354 1353//1353
f 1282//1282 1283//1283 1355//1355
f 1282//1282 1355//1355 1354//1354
f 1283//1283 1284//1284 1356//1356
f 1283//1283 1356//1356 1355//1355
f 1284//1284 1285//1285 1357//1357
f 1284//1284 1357//1357 1356//1356
f 1285//1285 1286//1286 1358//1358
f 1285//1285 1358//1358 1357//1357
f 1286//1286 1287//1287 1359//1359
f 1286//1286 1359//1359 1358//1358
f 1287//1287 1288//1288 1360//1360
f 1287//1287 1360//1360 1359//1359
f 1288//1288 1289//1289 1361//1361
f 1288//1288 1361//1361 1360//1360
f 1289//1289 1290//1290 1362//1362
f 1289//1289 1362//1362 1361//1361
f 1290//1290 1291//1291 1363//1363
f 1290//1290 1363//1363 1362//1362
f 1291//1291 1292//1292 1364//1364
f 1291//1291 1364//1364 1363//1363
f 1292//1292 1293//1293 1365//1365
f 1292//1292 1365//1365 1364//1364
f 1293//1293 1294//1294 1366//1366
f 1293//1293 1366//1366 1365//1365
f 1294//1294 1295//1295 1367//1367
f 1294//1294 1367//1367 1366//1366
f 1295//1295 1296//1296 1368//1368
f 1295//1295 1368//1368 1367//1367
f 1296//1296 1225//1225 1297//1297
f 1296//1296 1297//1297 1368//1368
f 1297//1297 1298//1298 1370//1370
f 1297//1297 1370//1370 1369//1369
f 1298//1298 1299//1299 1371//1371
f 1298//1298 1371//1371 1370//1370
f 1299//1299 1300//1300 1372//1372
f 1299//1299 1372//1372 1371//1371
f 1300//1300 1301//1301 1373//1373
f 1300//1300 1373//1373 1372//1372
f 1301//1301 1302//1302 1374//1374
f 1301//1301 1374//1374 1373//1373
f 1302//1302 1303//1303 1375//1375
f 1302//1302 1375//1375 1374//1374
f 1303//1303 1304//1304 1376//1376
f 1303//1303 1376//1376 1375//1375
f 1304//1304 1305//1305 1377//1377
f 1304//1304 1377//1377 1376//1376
f 1305//1305 1306//1306 1378//1378
f 1305//1305 1378//1378 1377//1377
f 1306//1306 1307//1307 1379//1379
f 1306//1306 1379//1379 1378//1378
f 1307//1307 1308//1308 1380//1380
f 1307//1307 1380//1380 1379//1379
f 1308//1308 1309//1309 1381//1381
f 1308//1308 1381//1381 1380//1380
f 1309//1309 1310//1310 1382//1382
f 1309//1309 1382//1382 1381//1381
f 1310//1310 1311//1311 1383//1383
f 1310//1310 1383//1383 1382//1382
f 1311//1311 1312//1312 1384//1384
f 1311//1311 1384//1384 1383//1383
f 1312//1312 1313//1313 1385//1385
f 1312//1312 1385//1385 1384//1384
f 1313//1313 1314//1314 1386//1386
f 1313//1313 1386//1386 1385//1385
f 1314//1314 1315//1315 1387//1387
f 1314//1314 1387//1387 1386//1386
f 1315//1315 1316//1316 1388//1388
f 1315//1315 1388//1388 1387//1387
f 1316//1316 1317//1317 1389//1389
f 1316//1316 1389//1389 1388//1388
f 1317//1317 1318//1318 1390//1390
f 1317//1317 1390//1390 1389//1389
f 1318//1318 1319//1319 1391//1391
f 1318//1318 1391//1391 1390//1390
f 1319//1319 1320//1320 1392//1392
f 1319//1319 1392//1392 1391//1391
f 1320//1320 1321//1321 1393//1393
f 1320//1320 1393//1393 1392//1392
f 1321//1321 1322//1322 1394//1394
f 1321//1321 1394//1394 1393//1393
f 1322//1322 1323//1323 1395//1395
f 1322//1322 1395//1395 1394//1394
f 1323//1323 1324//1324 1396//1396
f 1323//1323 1396//1396 1395//1395
f 1324//1324 1325//1325 1397//1397
f 1324//1324 1397//1397 1396//1396
f 1325//1325 1326//1326 1398//1398
f 1325//1325 1398//1398 1397//1397
f 1326//1326 1327//1327 1399//1399
f 1326//1326 1399//1399 1398//1398
f 1327//1327 1328//1328 1400//1400
f 1327//1327 1400//1400 1399//1399
f 1328//1328 1329//1329 1401//1401
f 1328//1328 1401//1401 1400//1400
f 1329//1329 1330//1330 1402//1402
f 1329//1329 1402//1402 1401//1401
f 1330//1330 1331//1331 1403//1403
f 1330//1330 1403//1403 1402//1402
f 1331//1331 1332//1332 1404//1404
f 1331//1331 1404//1404 1403//1403
f 1332//1332 1333//1333 1405//1405
f 1332//1332 1405//1405 1404//1404
f 1333//1333 1334//1334 1406//1406
f 1333//1333 1406//1406 1405//1405
f 1334//1334 1335//1335 1407//1407
f 1334//1334 1407//1407 1406//1406
f 1335//1335 1336//1336 1408//1408
f 1335//1335 1408//1408 1407//1407
f 1336//1336 1337//1337 1409//1409
f 1336//1336 1409//1409 1408//1408
f 1337//1337 1338//1338 1410//1410
f 1337//1337 1410//1410 1409//1409
f 1338//1338 1339//1339 1411//1411
f 1338//1338 1411//1411 1410//1410
f 1339//1339 1340//1340 1412//1412
f 1339//1339 1412//1412 1411//1411
f 1340//1340 1341//1341 1413//1413
f 1340//1340 1413//1413 1412//1412
f 1341//1341 1342//1342 1414//1414
f 1341//1341 1414//1414 1413//1413
f 1342//1342 1343//1343 1415//1415
f 1342//1342 1415//1415 1414//1414
f 1343//1343 1344//1344 1416//1416
f 1343//1343 1416//1416 1415//1415
f 1344//1344 1345//1345 1417//1417
f 1344//1344 1417//1417 1416//1416
f 1345//1345 1346//1346 1418//1418
f 1345//1345 1418//1418 1417//1417
f 1346//1346 1347//1347 1419//1419
f 1346//1346 1419//1419 1418//1418
f 1347//1347 1348//1348 1420//1420
f 1347//1347 1420//1420 1419//1419
f 1348//1348 1349//1349 1421//1421
f 1348//1348 1421//1421 1420//1420
f 1349//1349 1350//1350 1422//1422
f 1349//1349 1422//1422 1421//1421
f 1350//1350 1351//1351 1423//1423
f 1350//1350 1423//1423 1422//1422
f 1351//1351 1352//1352 1424//1424
f 1351//1351 1424//1424 1423//1423
f 1352//1352 1353//1353 1425//1425
f 1352//1352 1425//1425 1424//1424
f 1353//1353 1354//1354 1426//1426
f 1353//1353 1426//1426 1425//1425
f 1354//1354 1355//1355 1427//1427
f 1354//1354 1427//1427 1426//1426
f 1355//1355 1356//1356 1428//1428
f 1355//1355 1428//1428 1427//1427
f 1356//1356 1357//1357 1429//1429
f 1356//1356 1429//1429 1428//1428
f 1357//1357 1358//1358 1430//1430
f 1357//1357 1430//1430 1429//1429
f 1358//1358 1359//1359 1431//1431
f 1358//1358 1431//1431 1430//1430
f 1359//1359 1360//1360 1432//1432
f 1359//1359 1432//1432 1431//1431
f 1360//1360 1361//1361 1433//1433
f 1360//1360 1433//1433 1432//1432
f 1361//1361 1362//1362 1434//1434
f 1361//1361 1434//1434 1433//1433
f 1362//1362 1363//1363 1435//1435
f 1362//1362 1435//1435 1434//1434
f 1363//1363 1364//1364 1436//1436
f 1363//1363 1436//1436 1435//1435
f 1364//1364 1365//1365 1437//1437
f 1364//1364 1437//1437 1436//1436
f 1365//1365 1366//1366 1438//1438
f 1365//1365 1438//1438 1437//1437
f 1366//1366 1367//1367 1439//1439
f 1366//1366 1439//1439 1438//1438
f 1367//1367 1368//1368 1440//1440
f 1367//1367 1440//1440 1439//1439
f 1368//1368 1297//1297 1369//1369
f 1368//1368 1369//1369 1440//1440
f 1369//1369 1370//1370 1442//1442
f 1369//1369 1442//1442 1441//1441
f 1370//1370 1371//1371 1443//1443
f 1370//1370 1443//1443 1442//1442
f 1371//1371 1372//1372 1444//1444
f 1371//1371 1444//1444 1443//1443
f 1372//1372 1373//1373 1445//1445
f 1372//1372 1445//1445 1444//1444
f 1373//1373 1374//1374 1446//1446
f 1373//1373 1446//1446 1445//1445
f 1374//1374 1375//1375 1447//1447
f 1374//1374 1447//1447 1446//1446
f 1375//1375 1376//1376 1448//1448
f 1375//1375 1448//1448 1447//1447
f 1376//1376 1377//1377 1449//1449
f 1376//1376 1449//1449 1448//1448
f 1377//1377 1378//1378 1450//1450
f 1377//1377 1450//1450 1449//1449
f 1378//1378 1379//1379 1451//1451
f 1378//1378 1451//1451 1450//1450
f 1379//1379 1380//1380 1452//1452
f 1379//1379 1452//1452 1451//1451
f 1380//1380 1381//1381 1453//1453
f 1380//1380 1453//1453 1452//1452
f 1381//1381 1382//1382 1454//1454
f 1381//1381 1454//1454 1453//1453
f 1382//1382 1383//1383 1455//1455
f 1382//1382 1455//1455 1454//1454
f 1383//1383 1384//1384 1456//1456
f 1383//1383 1456//1456 1455//1455
f 1384//1384 1385//1385 1457//1457
f 1384//1384 1457//1457 1456//1456
f 1385//1385 1386//1386 1458//1458
f 1385//1385 1458//1458 1457//1457
f 1386//1386 1387//1387 1459//1459
f 1386//1386 1459//1459 1458//1458
f 1387//1387 1388//1388 1460//1460
f 1387//1387 1460//1460 1459//1459
f 1388//1388 1389//1389 1461//1461
f 1388//1388 1461//1461 1460//1460
f 1389//1389 1390//1390 1462//1462
f 1389//1389 1462//1462 1461//1461
f 1390//1390 1391//1391 1463//1463
f 1390//1390 1463//1463 1462//1462
f 1391//1391 1392//1392 1464//1464
f 1391//1391 1464//1464 1463//1463
f 1392//1392 1393//1393 1465//1465
f 1392//1392 1465//1465 1464//1464
f 1393//1393 1394//1394 1466//1466
f 1393//1393 1466//1466 1465//1465
f 1394//1394 1395//1395 1467//1467
f 1394//1394 1467//1467 1466//1466
f 1395//1395 1396//1396 1468//1468
f 1395//1395 1468//1468 1467//1467
f 1396//1396 1397//1397 1469//1469
f 1396//1396 1469//1469 1468//1468
f 1397//1397 1398//1398 1470//1470
f 1397//1397 1470//1470 1469//1469
f 1398//1398 1399//1399 1471//1471
f 1398//1398 1471//1471 1470//1470
f 1399//1399 1400//1400 1472//1472
f 1399//1399 1472//1472 1471//1471
f 1400//1400 1401//1401 1473//1473
f 1400//1400 1473//1473 1472//1472
f 1401//1401 1402//1402 1474//1474
f 1401//1401 1474//1474 1473//1473
f 1402//1402 1403//1403 1475//1475
f 1402//1402 1475//1475 1474//1474
f 1403//1403 1404//1404 1476//1476
f 1403//1403 1476//1476 1475//1475
f 1404//1404 1405//1405 1477//1477
f 1404//1404 1477//1477 1476//1476
f 1405//1405 1406//1406 1478//1478
f 1405//1405 1478//1478 1477//1477
f 1406//1406 1407//1407 1479//1479
f 1406//1406 1479//1479 1478//1478
f 1407//1407 1408//1408 1480//1480
f 1407//1407 1480//1480 1479//1479
f 1408//1408 1409//1409 1481//1481
f 1408//1408 1481//1481 1480//1480
f 1409//1409 1410//1410 1482//1482
f 1409//1409 1482//1482 1481//1481
f 1410//1410 1411//1411 1483//1483
f 1410//1410 1483//1483 1482//1482
f 1411//1411 1412//1412 1484//1484
f 1411//1411 1484//1484 1483//1483
f 1412//1412 1413//1413 1485//1485
f 1412//1412 1485//1485 1484//1484
f 1413//1413 1414//1414 1486//1486
f 1413//1413 1486//1486 1485//1485
f 1414//1414 1415//1415 1487//1487
f 1414//1414 1487//1487 1486//1486
f 1415//1415 1416//1416 1488//1488
f 1415//1415 1488//1488 1487//1487
f 1416//1416 1417//1417 1489//1489
f 1416//1416 1489//1489 1488//1488
f 1417//1417 1418//1418 1490//1490
f 1417//1417 1490//1490 1489//1489
f 1418//1418 1419//1419 1491//1491
f 1418//1418 1491//1491 1490//1490
f 1419//1419 1420//1420 1492//1492
f 1419//1419 1492//1492 1491//1491
f 1420//1420 1421//1421 1493//1493
f 1420//1420 1493//1493 1492//1492
f 1421//1421 1422//1422 1494//1494
f 1421//1421 1494//1494 1493//1493
f 1422//1422 1423//1423 1495//1495
f 1422//1422 1495//1495 1494//1494
f 1423//1423 1424//1424 1496//1496
f 1423//1423 1496//1496 1495//1495
f 1424//1424 1425//1425 1497//1497
f 1424//1424 1497//1497 1496//1496
f 1425//1425 1426//1426 1498//1498
f 1425//1425 1498//1498 1497//1497
f 1426//1426 1427//1427 1499//1499
f 1426//1426 1499//1499 1498//1498
f 1427//1427 1428//1428 1500//1500
f 1427//1427 1500//1500 1499//1499
f 1428//1428 1429//1429 1501//1501
f 1428//1428 1501//1501 1500//1500
f 1429//1429 1430//1430 1502//1502
f 1429//1429 1502//1502 1501//1501
f 1430//1430 1431//1431 1503//1503
f 1430//1430 1503//1503 1502//1502
f 1431//1431 1432//1432 1504//1504
f 1431//1431 1504//1504 1503//1503
f 1432//1432 1433//1433 1505//1505
f 1432//1432 1505//1505 1504//1504
f 1433//1433 1434//1434 1506//1506
f 1433//1433 1506//1506 1505//1505
f 1434//1434 1435//1435 1507//1507
f 1434//1434 1507//1507 1506//1506
f 1435//1435 1436//1436 1508//1508
f 1435//1435 1508//1508 1507//1507
f 1436//1436 1437//1437 1509//1509
f 1436//1436 1509//1509 1508//1508
f 1437//1437 1438//1438 1510//1510
f 1437//1437 1510//1510 1509//1509
f 1438//1438 1439//1439 1511//1511
f 1438//1438 1511//1511 1510//1510
f 1439//1439 1440//1440 1512//1512
f 1439//1439 1512//1512 1511//1511
f 1440//1440 1369//1369 1441//1441
f 1440//1440 1441//1441 1512//1512
f 1441//1441 1442//1442 1514//1514
f 1441//1441 1514//1514 1513//1513
f 1442//1442 1443//1443 1515//1515
f 1442//1442 1515//1515 1514//1514
f 1443//1443 1444//1444 1516//1516
f 1443//1443 1516//1516 1515//1515
f 1444//1444 1445//1445 1517//1517
f 1444//1444 1517//1517 1516//1516
f 1445//1445 1446//1446 1518//1518
f 1445//1445 1518//1518 1517//1517
f 1446//1446 1447//1447 1519//1519
f 1446//1446 1519//1519 1518//1518
f 1447//1447 1448//1448 1520//1520
f 1447//1447 1520//1520 1519//1519
f 1448//1448 1449//1449 1521//1521
f 1448//1448 1521//1521 1520//1520
f 1449//1449 1450//1450 1522//1522
f 1449//1449 1522//1522 1521//1521
f 1450//1450 1451//1451 1523//1523
f 1450//1450 1523//1523 1522//1522
f 1451//1451 1452//1452 1524//1524
f 1451//1451 1524//1524 1523//1523
f 1452//1452 1453//1453 1525//1525
f 1452//1452 1525//1525 1524//1524
f 1453//1453 1454//1454 1526//1526
f 1453//1453 1526//1526 1525//1525
f 1454//1454 1455//1455 1527//1527
f 1454//1454 1527//1527 1526//1526
f 1455//1455 1456//1456 1528//1528
f 1455//1455 1528//1528 1527//1527
f 1456//1456 1457//1457 1529//1529
f 1456//1456 1529//1529 1528//1528
f 1457//1457 1458//1458 1530//1530
f 1457//1457 1530//1530 1529//1529
f 1458//1458 1459//1459 1531//1531
f 1458//1458 1531//1531 1530//1530
f 1459//1459 1460//1460 1532//1532
f 1459//1459 1532//1532 1531//1531
f 1460//1460 1461//1461 1533//1533
f 1460//1460 1533//1533 1532//1532
f 1461//1461 1462//1462 1534//1534
f 1461//1461 1534//1534 1533//1533
f 1462//1462 1463//1463 1535//1535
f 1462//1462 1535//1535 1534//1534
f 1463//1463 1464//1464 1536//1536
f 1463//1463 1536//1536 1535//1535
f 1464//1464 1465//1465 1537//1537
f 1464//1464 1537//1537 1536//1536
f 1465//1465 1466//1466 1538//1538
f 1465//1465 1538//1538 1537//1537
f 1466//1466 1467//1467 1539//1539
f 1466//1466 1539//1539 1538//1538
f 1467//1467 1468//1468 1540//1540
f 1467//1467 1540//1540 1539//1539
f 1468//1468 1469//1469 1541//1541
f 1468//1468 1541//1541 1540//1540
f 1469//1469 1470//1470 1542//1542
f 1469//1469 1542//1542 1541//1541
f 1470//1470 1471//1471 1543//1543
f 1470//1470 1543//1543 1542//1542
f 1471//1471 1472//1472 1544//1544
f 1471//1471 1544//1544 1543//1543
f 1472//1472 1473//1473 1545//1545
f 1472//1472 1545//1545 1544//1544
f 1473//1473 1474//1474 1546//1546
f 1473//1473 1546//1546 1545//1545
f 1474//1474 1475//1475 1547//1547
f 1474//1474 1547//1547 1546//1546
f 1475//1475 1476//1476 1548//1548
f 1475//1475 1548//1548 1547//1547
f 1476//1476 1477//1477 1549//1549
f 1476//1476 1549//1549 1548//1548
f 1477//1477 1478//1478 1550//1550
f 1477//1477 1550//1550 1549//1549
f 1478//1478 1479//1479 1551//1551
f 1478//1478 1551//1551 1550//1550
f 1479//1479 1480//1480 1552//1552
f 1479//1479 1552//1552 1551//1551
f 1480//1480 1481//1481 1553//1553
f 1480//1480 1553//1553 1552//1552
f 1481//1481 1482//1482 1554//1554
f 1481//1481 1554//1554 1553//1553
f 1482//1482 1483//1483 1555//1555
f 1482//1482 1555//1555 1554//1554
f 1483//1483 1484//1484 1556//1556
f 1483//1483 1556//1556 1555//1555
f 1484//1484 1485//1485 1557//1557
f 1484//1484 1557//1557 1556//1556
f 1485//1485 1486//1486 1558//1558
f 1485//1485 1558//1558 1557//1557
f 1486//1486 1487//1487 1559//1559
f 1486//1486 1559//1559 1558//1558
f 1487//1487 1488//1488 1560//1560
f 1487//1487 1560//1560 1559//1559
f 1488//1488 1489//1489 1561//1561
f 1488//1488 1561//1561 1560//1560
f 1489//1489 1490//1490 1562//1562
f 1489//1489 1562//1562 1561//1561
f 1490//1490 1491//1491 1563//1563
f 1490//1490 1563//1563 1562//1562
f 1491//1491 1492//1492 1564//1564
f 1491//1491 1564//1564 1563//1563
f 1492//1492 1493//1493 1565//1565
f 1492//1492 1565//1565 1564//1564
f 1493//1493 1494//1494 1566//1566
f 1493//1493 1566//1566 1565//1565
f 1494//1494 1495//1495 1567//1567
f 1494//1494 1567//1567 1566//1566
f 1495//1495 1496//1496 1568//1568
f 1495//1495 1568//1568 1567//1567
f 1496//1496 1497//1497 1569//1569
f 1496//1496 1569//1569 1568//1568
f 1497//1497 1498//1498 1570//1570
f 1497//1497 1570//1570 1569//1569
f 1498//1498 1499//1499 1571//1571
f 1498//1498 1571//1571 1570//1570
f 1499//1499 1500//1500 1572//1572
f 1499//1499 1572//1572 1571//1571
f 1500//1500 1501//1501 1573//1573
f 1500//1500 1573//1573 1572//1572
f 1501//1501 1502//1502 1574//1574
f 1501//1501 1574//1574 1573//1573
f 1502//1502 1503//1503 1575//1575
f 1502//1502 1575//1575 1574//1574
f 1503//1503 1504//1504 1576//1576
f 1503//1503 1576//1576 1575//1575
f 1504//1504 1505//1505 1577//1577
f 1504//1504 1577//1577 1576//1576
f 1505//1505 1506//1506 1578//1578
f 1505//1505 1578//1578 1577//1577
f 1506//1506 1507//1507 1579//1579
f 1506//1506 1579//1579 1578//1578
f 1507//1507 1508//1508 1580//1580
f 1507//1507 1580//1580 1579//1579
f 1508//1508 1509//1509 1581//1581
f 1508//1508 1581//1581 1580//1580
f 1509//1509 1510//1510 1582//1582
f 1509//1509 1582//1582 1581//1581
f 1510//1510 1511//1511 1583//1583
f 1510//1510 1583//1583 1582//1582
f 1511//1511 1512//1512 1584//1584
f 1511//1511 1584//1584 1583//1583
f 1512//1512 1441//1441 1513//1513
f 1512//1512 1513//1513 1584//1584
f 1513//1513 1514//1514 1586//1586
f 1513//1513 1586//1586 1585//1585
f 1514//1514 1515//1515 1587//1587
f 1514//1514 1587//1587 1586//1586
f 1515//1515 1516//1516 1588//1588
f 1515//1515 1588//1588 1587//1587
f 1516//1516 1517//1517 1589//1589
f 1516//1516 1589//1589 1588//1588
f 1517//1517 1518//1518 1590//1590
f 1517//1517 1590//1590 1589//1589
f 1518//1518 1519//1519 1591//1591
f 1518//1518 1591//1591 1590//1590
f 1519//1519 1520//1520 1592//1592
f 1519//1519 1592//1592 1591//1591
f 1520//1520 1521//1521 1593//1593
f 1520//1520 1593//1593 1592//1592
f 1521//1521 1522//1522 1594//1594
f 1521//1521 1594//1594 1593//1593
f 1522//1522 1523//1523 1595//1595
f 1522//1522 1595//1595 1594//1594
f 1523//1523 1524//1524 1596//1596
f 1523//1523 1596//1596 1595//1595
f 1524//1524 1525//1525 1597//1597
f 1524//1524 1597//1597 1596//1596
f 1525//1525 1526//1526 1598//1598
f 1525//1525 1598//1598 1597//1597
f 1526//1526 1527//1527 1599//1599
f 1526//1526 1599//1599 1598//1598
f 1527//1527 1528//1528 1600//1600
f 1527//1527 1600//1600 1599//1599
f 1528//1528 1529//1529 1601//1601
f 1528//1528 1601//1601 1600//1600
f 1529//1529 1530//1530 1602//1602
f 1529//1529 1602//1602 1601//1601
f 1530//1530 1531//1531 1603//1603
f 1530//1530 1603//1603 1602//1602
f 1531//1531 1532//1532 1604//1604
f 1531//1531 1604//1604 1603//1603
f 1532//1532 1533//1533 1605//1605
f 1532//1532 1605//1605 1604//1604
f 1533//1533 1534//1534 1606//1606
f 1533//1533 1606//1606 1605//1605
f 1534//1534 1535//1535 1607//1607
f 1534//1534 1607//1607 1606//1606
f 1535//1535 1536//1536 1608//1608
f 1535//1535 1608//1608 1607//1607
f 1536//1536 1537//1537 1609//1609
f 1536//1536 1609//1609 1608//1608
f 1537//1537 1538//1538 1610//1610
f 1537//1537 1610//1610 1609//1609
f 1538//1538 1539//1539 1611//1611
f 1538//1538 1611//1611 1610//1610
f 1539//1539 1540//1540 1612//1612
f 1539//1539 1612//1612 1611//1611
f 1540//1540 1541//1541 1613//1613
f 1540//1540 1613//1613 1612//1612
f 1541//1541 1542//1542 1614//1614
f 1541//1541 1614//1614 1613//1613
f 1542//1542 1543//1543 1615//1615
f 1542//1542 1615//1615 1614//1614
f 1543//1543 1544//1544 1616//1616
f 1543//1543 1616//1616 1615//1615
f 1544//1544 1545//1545 1617//1617
f 1544//1544 1617//1617 1616//1616
f 1545//1545 1546//1546 1618//1618
f 1545//1545 1618//1618 1617//1617
f 1546//1546 1547//1547 1619//1619
f 1546//1546 1619//1619 1618//1618
f 1547//1547 1548//1548 1620//1620
f 1547//1547 1620//1620 1619//1619
f 1548//1548 1549//1549 1621//1621
f 1548//1548 1621//1621 1620//1620
f 1549//1549 1550//1550 1622//1622
f 1549//1549 1622//1622 1621//1621
f 1550//1550 1551//1551 1623//1623
f 1550//1550 1623//1623 1622//1622
f 1551//1551 1552//1552 1624//1624
f 1551//1551 1624//1624 1623//1623
f 1552//1552 1553//1553 1625//1625
f 1552//1552 1625//1625 1624//1624
f 1553//1553 1554//1554 1626//1626
f 1553//1553 1626//1626 1625//1625
f 1554//1554 1555//1555 1627//1627
f 1554//1554 1627//1627 1626//1626
f 1555//1555 1556//1556 1628//1628
f 1555//1555 1628//1628 1627//1627
f 1556//1556 1557//1557 1629//1629
f 1556//1556 1629//1629 1628//1628
f 1557//1557 1558//1558 1630//1630
f 1557//1557 1630//1630 1629//1629
f 1558//1558 1559//1559 1631//1631
f 1558//1558 1631//1631 1630//1630
f 1559//1559 1560//1560 1632//1632
f 1559//1559 1632//1632 1631//1631
f 1560//1560 1561//1561 1633//1633
f 1560//1560 1633//1633 1632//1632
f 1561//1561 1562//1562 1634//1634
f 1561//1561 1634//1634 1633//1633
f 1562//1562 1563//1563 1635//1635
f 1562//1562 1635//1635 1634//1634
f 1563//1563 1564//1564 1636//1636
f 1563//1563 1636//1636 1635//1635
f 1564//1564 1565//1565 1637//1637
f 1564//1564 1637//1637 1636//1636
f 1565//1565 1566//1566 1638//1638
f 1565//1565 1638//1638 1637//1637
f 1566//1566 1567//1567 1639//1639
f 1566//1566 1639//1639 1638//1638
f 1567//1567 1568//1568 1640//1640
f 1567//1567 1640//1640 1639//1639
f 1568//1568 1569//1569 1641//1641
f 1568//1568 1641//1641 1640//1640
f 1569//1569 1570//1570 1642//1642
f 1569//1569 1642//1642 1641//1641
f 1570//1570 1571//1571 1643//1643
f 1570//1570 1643//1643 1642//1642
f 1571//1571 1572//1572 1644//1644
f 1571//1571 1644//1644 1643//1643
f 1572//1572 1573//1573 1645//1645
f 1572//1572 1645//1645 1644//1644
f 1573//1573 1574//1574 1646//1646
f 1573//1573 1646//1646 1645//1645
f 1574//1574 1575//1575 1647//1647
f 1574//1574 1647//1647 1646//1646
f 1575//1575 1576//1576 1648//1648
f 1575//1575 1648//1648 1647//1647
f 1576//1576 1577//1577 1649//1649
f 1576//1576 1649//1649 1648//1648
f 1577//1577 1578//1578 1650//1650
f 1577//1577 1650//1650 1649//1649
f 1578//1578 1579//1579 1651//1651
f 1578//1578 1651//1651 1650//1650
f 1579//1579 1580//1580 1652//1652
f 1579//1579 1652//1652 1651//1651
f 1580//1580 1581//1581 1653//1653
f 1580//1580 1653//1653 1652//1652
f 1581//1581 1582//1582 1654//1654
f 1581//1581 1654//1654 1653//1653
f 1582//1582 1583//1583 1655//1655
f 1582//1582 1655//1655 1654//1654
f 1583//1583 1584//1584 1656//1656
f 1583//1583 1656//1656 1655//1655
f 1584//1584 1513//1513 1585//1585
f 1584//1584 1585//1585 1656//1656
f 1585//1585 1586//1586 1658//1658
f 1585//1585 1658//1658 1657//1657
f 1586//1586 1587//1587 1659//1659
f 1586//1586 1659//1659 1658//1658
f 1587//1587 1588//1588 1660//1660
f 1587//1587 1660//1660 1659//1659
f 1588//1588 1589//1589 1661//1661
f 1588//1588 1661//1661 1660//1660
f 1589//1589 1590//1590 1662//1662
f 1589//1589 1662//1662 1661//1661
f 1590//1590 1591//1591 1663//1663
f 1590//1590 1663//1663 1662//1662
f 1591//1591 1592//1592 1664//1664
f 1591//1591 1664//1664 1663//1663
f 1592//1592 1593//1593 1665//1665
f 1592//1592 1665//1665 1664//1664
f 1593//1593 1594//1594 1666//1666
f 1593//1593 1666//1666 1665//1665
f 1594//1594 1595//1595 1667//1667
f 1594//1594 1667//1667 1666//1666
f 1595//1595 1596//1596 1668//1668
f 1595//1595 1668//1668 1667//1667
f 1596//1596 1597//1597 1669//1669
f 1596//1596 1669//1669 1668//1668
f 1597//1597 1598//1598 1670//1670
f 1597//1597 1670//1670 1669//1669
f 1598//1598 1599//1599 1671//1671
f 1598//1598 1671//1671 1670//1670
f 1599//1599 1600//1600 1672//1672
f 1599//1599 1672//1672 1671//1671
f 1600//1600 1601//1601 1673//1673
f 1600//1600 1673//1673 1672//1672
f 1601//1601 1602//1602 1674//1674
f 1601//1601 1674//1674 1673//1673
f 1602//1602 1603//1603 1675//1675
f 1602//1602 1675//1675 1674//1674
f 1603//1603 1604//1604 1676//1676
f 1603//1603 1676//1676 1675//1675
f 1604//1604 1605//1605 1677//1677
f 1604//1604 1677//1677 1676//1676
f 1605//1605 1606//1606 1678//1678
f 1605//1605 1678//1678 1677//1677
f 1606//1606 1607//1607 1679//1679
f 1606//1606 1679//1679 1678//1678
f 1607//1607 1608//1608 1680//1680
f 1607//1607 1680//1680 1679//1679
f 1608//1608 1609//1609 1681//1681
f 1608//1608 1681//1681 1680//1680
f 1609//1609 1610//1610 1682//1682
f 1609//1609 1682//1682 1681//1681
f 1610//1610 1611//1611 1683//1683
f 1610//1610 1683//1683 1682//1682
f 1611//1611 1612//1612 1684//1684
f 1611//1611 1684//1684 1683//1683
f 1612//1612 1613//1613 1685//1685
f 1612//1612 1685//1685 1684//1684
f 1613//1613 1614//1614 1686//1686
f 1613//1613 1686//1686 1685//1685
f 1614//1614 1615//1615 1687//1687
f 1614//1614 1687//1687 1686//1686
f 1615//1615 1616//1616 1688//1688
f 1615//1615 1688//1688 1687//1687
f 1616//1616 1617//1617 1689//1689
f 1616//1616 1689//1689 1688//1688
f 1617//1617 1618//1618 1690//1690
f 1617//1617 1690//1690 1689//1689
f 1618//1618 1619//1619 1691//1691
f 1618//1618 1691//1691 1690//1690
f 1619//1619 1620//1620 1692//1692
f 1619//1619 1692//1692 1691//1691
f 1620//1620 1621//1621 1693//1693
f 1620//1620 1693//1693 1692//1692
f 1621//1621 1622//1622 1694//1694
f 1621//1621 1694//1694 1693//1693
f 1622//1622 1623//1623 1695//1695
f 1622//1622 1695//1695 1694//1694
f 1623//1623 1624//1624 1696//1696
f 1623//1623 1696//1696 1695//1695
f 1624//1624 1625//1625 1697//1697
f 1624//1624 1697//1697 1696//1696
f 1625//1625 1626//1626 1698//1698
f 1625//1625 1698//1698 1697//1697
f 1626//1626 1627//1627 1699//1699
f 1626//1626 1699//1699 1698//1698
f 1627//1627 1628//1628 1700//1700
f 1627//1627 1700//1700 1699//1699
f 1628//1628 1629//1629 1701//1701
f 1628//1628 1701//1701 1700//1700
f 1629//1629 1630//1630 1702//1702
f 1629//1629 1702//1702 1701//1701
f 1630//1630 1631//1631 1703//1703
f 1630//1630 1703//1703 1702//1702
f 1631//1631 1632//1632 1704//1704
f 1631//1631 1704//1704 1703//1703
f 1632//1632 1633//1633 1705//1705
f 1632//1632 1705//1705 1704//1704
f 1633//1633 1634//1634 1706//1706
f 1633//1633 1706//1706 1705//1705
f 1634//1634 1635//1635 1707//1707
f 1634//1634 1707//1707 1706//1706
f 1635//1635 1636//1636 1708//1708
f 1635//1635 1708//1708 1707//1707
f 1636//1636 1637//1637 1709//1709
f 1636//1636 1709//1709 1708//1708
f 1637//1637 1638//1638 1710//1710
f 1637//1637 1710//1710 1709//1709
f 1638//1638 1639//1639 1711//1711
f 1638//1638 1711//1711 1710//1710
f 1639//1639 1640//1640 1712//1712
f 1639//1639 1712//1712 1711//1711
f 1640//1640 1641//1641 1713//1713
f 1640//1640 1713//1713 1712//1712
f 1641//1641 1642//1642 1714//1714
f 1641//1641 1714//1714 1713//1713
f 1642//1642 1643//1643 1715//1715
f 1642//1642 1715//1715 1714//1714
f 1643//1643 1644//1644 1716//1716
f 1643//1643 1716//1716 1715//1715
f 1644//1644 1645//1645 1717//1717
f 1644//1644 1717//1717 1716//1716
f 1645//1645 1646//1646 1718//1718
f 1645//1645 1718//1718 1717//1717
f 1646//1646 1647//1647 1719//1719
f 1646//1646 1719//1719 1718//1718
f 1647//1647 1648//1648 1720//1720
f 1647//1647 1720//1720 1719//1719
f 1648//1648 1649//1649 1721//1721
f 1648//1648 1721//1721 1720//1720
f 1649//1649 1650//1650 1722//1722
f 1649//1649 1722//1722 1721//1721
f 1650//1650 1651//1651 1723//1723
f 1650//1650 1723//1723 1722//1722
f 1651//1651 1652//1652 1724//1724
f 1651//1651 1724//1724 1723//1723
f 1652//1652 1653//1653 1725//1725
f 1652//1652 1725//1725 1724//1724
f 1653//1653 1654//1654 1726//1726
f 1653//1653 1726//1726 1725//1725
f 1654//1654 1655//1655 1727//1727
f 1654//1654 1727//1727 1726//1726
f 1655//1655 1656//1656 1728//1728
f 1655//1655 1728//1728 1727//1727
f 1656//1656 1585//1585 1657//1657
f 1656//1656 1657//1657 1728//1728
f 1657//1657 1658//1658 1730//1730
f 1657//1657 1730//1730 1729//1729
f 1658//1658 1659//1659 1731//1731
f 1658//1658 1731//1731 1730//1730
f 1659//1659 1660//1660 1732//1732
f 1659//1659 1732//1732 1731//1731
f 1660//1660 1661//1661 1733//1733
f 1660//1660 1733//1733 1732//1732
f 1661//1661 1662//1662 1734//1734
f 1661//1661 1734//1734 1733//1733
f 1662//1662 1663//1663 1735//1735
f 1662//1662 1735//1735 1734//1734
f 1663//1663 1664//1664 1736//1736
f 1663//1663 1736//1736 1735//1735
f 1664//1664 1665//1665 1737//1737
f 1664//1664 1737//1737 1736//1736
f 1665//1665 1666//1666 1738//1738
f 1665//1665 1738//1738 1737//1737
f 1666//1666 1667//1667 1739//1739
f 1666//1666 1739//1739 1738//1738
f 1667//1667 1668//1668 1740//1740
f 1667//1667 1740//1740 1739//1739
f 1668//1668 1669//1669 1741//1741
f 1668//1668 1741//1741 1740//1740
f 1669//1669 1670//1670 1742//1742
f 1669//1669 1742//1742 1741//1741
f 1670//1670 1671//1671 1743//1743
f 1670//1670 1743//1743 1742//1742
f 1671//1671 1672//1672 1744//1744
f 1671//1671 1744//1744 1743//1743
f 1672//1672 1673//1673 1745//1745
f 1672//1672 1745//1745 1744//1744
f 1673//1673 1674//1674 1746//1746
f 1673//1673 1746//1746 1745//1745
f 1674//1674 1675//1675 1747//1747
f 1674//1674 1747//1747 1746//1746
f 1675//1675 1676//1676 1748//1748
f 1675//1675 1748//1748 1747//1747
f 1676//1676 1677//1677 1749//1749
f 1676//1676 1749//1749 1748//1748
f 1677//1677 1678//1678 1750//1750
f 1677//1677 1750//1750 1749//1749
f 1678//1678 1679//1679 1751//1751
f 1678//1678 1751//1751 1750//1750
f 1679//1679 1680//1680 1752//1752
f 1679//1679 1752//1752 1751//1751
f 1680//1680 1681//1681 1753//1753
f 1680//1680 1753//1753 1752//1752
f 1681//1681 1682//1682 1754//1754
f 1681//1681 1754//1754 1753//1753
f 1682//1682 1683//1683 1755//1755
f 1682//1682 1755//1755 1754//1754
f 1683//1683 1684//1684 1756//1756
f 1683//1683 1756//1756 1755//1755
f 1684//1684 1685//1685 1757//1757
f 1684//1684 1757//1757 1756//1756
f 1685//1685 1686//1686 1758//1758
f 1685//1685 1758//1758 1757//1757
f 1686//1686 1687//1687 1759//1759
f 1686//1686 1759//1759 1758//1758
f 1687//1687 1688//1688 1760//1760
f 1687//1687 1760//1760 1759//1759
f 1688//1688 1689//1689 1761//1761
f 1688//1688 1761//1761 1760//1760
f 1689//1689 1690//1690 1762//1762
f 1689//1689 1762//1762 1761//1761
f 1690//1690 1691//1691 1763//1763
f 1690//1690 1763//1763 1762//1762
f 1691//1691 1692//1692 1764//1764
f 1691//1691 1764//1764 1763//1763
f 1692//1692 1693//1693 1765//1765
f 1692//1692 1765//1765 1764//1764
f 1693//1693 1694//1694 1766//1766
f 1693//1693 1766//1766 1765//1765
f 1694//1694 1695//1695 1767//1767
f 1694//1694 1767//1767 1766//1766
f 1695//1695 1696//1696 1768//1768
f 1695//1695 1768//1768 1767//1767
f 1696//1696 1697//1697 1769//1769
f 1696//1696 1769//1769 1768//1768
f 1697//1697 1698//1698 1770//1770
f 1697//1697 1770//1770 1769//1769
f 1698//1698 1699//1699 1771//1771
f 1698//1698 1771//1771 1770//1770
f 1699//1699 1700//1700 1772//1772
f 1699//1699 1772//1772 1771//1771
f 1700//1700 1701//1701 1773//1773
f 1700//1700 1773//1773 1772//1772
f 1701//1701 1702//1702 1774//1774
f 1701//1701 1774//1774 1773//1773
f 1702//1702 1703//1703 1775//1775
f 1702//1702 1775//1775 1774//1774
f 1703//1703 1704//1704 1776//1776
f 1703//1703 1776//1776 1775//1775
f 1704//1704 1705//1705 1777//1777
f 1704//1704 1777//1777 1776//1776
f 1705//1705 1706//1706 1778//1778
f 1705//1705 1778//1778 1777//1777
f 1706//1706 1707//1707 1779//1779
f 1706//1706 1779//1779 1778//1778
f 1707//1707 1708//1708 1780//1780
f 1707//1707 1780//1780 1779//1779
f 1708//1708 1709//1709 1781//1781
f 1708//1708 1781//1781 1780//1780
f 1709//1709 1710//1710 1782//1782
f 1709//1709 1782//1782 1781//1781
f 1710//1710 1711//1711 1783//1783
f 1710//1710 1783//1783 1782//1782
f 1711//1711 1712//1712 1784//1784
f 1711//1711 1784//1784 1783//1783
f 1712//1712 1713//1713 1785//1785
f 1712//1712 1785//1785 1784//1784
f 1713//1713 1714//1714 1786//1786
f 1713//1713 1786//1786 1785//1785
f 1714//1714 1715//1715 1787//1787
f 1714//1714 1787//1787 1786//1786
f 1715//1715 1716//1716 1788//1788
f 1715//1715 1788//1788 1787//1787
f 1716//1716 1717//1717 1789//1789
f 1716//1716 1789//1789 1788//1788
f 1717//1717 1718//1718 1790//1790
f 1717//1717 1790//1790 1789//1789
f 1718//1718 1719//1719 1791//1791
f 1718//1718 1791//1791 1790//1790
f 1719//1719 1720//1720 1792//1792
f 1719//1719 1792//1792 1791//1791
f 1720//1720 1721//1721 1793//1793
f 1720//1720 1793//1793 1792//1792
f 1721//1721 1722//1722 1794//1794
f 1721//1721 1794//1794 1793//1793
f 1722//1722 1723//1723 1795//1795
f 1722//1722 1795//1795 1794//1794
f 1723//1723 1724//1724 1796//1796
f 1723//1723 1796//1796 1795//1795
f 1724//1724 1725//1725 1797//1797
f 1724//1724 1797//1797 1796//1796
f 1725//1725 1726//1726 1798//1798
f 1725//1725 1798//1798 1797//1797
f 1726//1726 1727//1727 1799//1799
f 1726//1726 1799//1799 1798//1798
f 1727//1727 1728//1728 1800//1800
f 1727//1727 1800//1800 1799//1799
f 1728//1728 1657//1657 1729//1729
f 1728//1728 1729//1729 1800//1800
f 1729//1729 1730//1730 1802//1802
f 1729//1729 1802//1802 1801//1801
f 1730//1730 1731//1731 1803//1803
f 1730//1730 1803//1803 1802//1802
f 1731//1731 1732//1732 1804//1804
f 1731//1731 1804//1804 1803//1803
f 1732//1732 1733//1733 1805//1805
f 1732//1732 1805//1805 1804//1804
f 1733//1733 1734//1734 1806//1806
f 1733//1733 1806//1806 1805//1805
f 1734//1734 1735//1735 1807//1807
f 1734//1734 1807//1807 1806//1806
f 1735//1735 1736//1736 1808//1808
f 1735//1735 1808//1808 1807//1807
f 1736//1736 1737//1737 1809//1809
f 1736//1736 1809//1809 1808//1808
f 1737//1737 1738//1738 1810//1810
f 1737//1737 1810//1810 1809//1809
f 1738//1738 1739//1739 1811//1811
f 1738//1738 1811//1811 1810//1810
f 1739//1739 1740//1740 1812//1812
f 1739//1739 1812//1812 1811//1811
f 1740//1740 1741//1741 1813//1813
f 1740//1740 1813//1813 1812//1812
f 1741//1741 1742//1742 1814//1814
f 1741//1741 1814//1814 1813//1813
f 1742//1742 1743//1743 1815//1815
f 1742//1742 1815//1815 1814//1814
f 1743//1743 1744//1744 1816//1816
f 1743//1743 1816//1816 1815//1815
f 1744//1744 1745//1745 1817//1817
f 1744//1744 1817//1817 1816//1816
f 1745//1745 1746//1746 1818//1818
f 1745//1745 1818//1818 1817//1817
f 1746//1746 1747//1747 1819//1819
f 1746//1746 1819//1819 1818//1818
f 1747//1747 1748//1748 1820//1820
f 1747//1747 1820//1820 1819//1819
f 1748//1748 1749//1749 1821//1821
f 1748//1748 1821//1821 1820//1820
f 1749//1749 1750//1750 1822//1822
f 1749//1749 1822//1822 1821//1821
f 1750//1750 1751//1751 1823//1823
f 1750//1750 1823//1823 1822//1822
f 1751//1751 1752//1752 1824//1824
f 1751//1751 1824//1824 1823//1823
f 1752//1752 1753//1753 1825//1825
f 1752//1752 1825//1825 1824//1824
f 1753//1753 1754//1754 1826//1826
f 1753//1753 1826//1826 1825//1825
f 1754//1754 1755//1755 1827//1827
f 1754//1754 1827//1827 1826//1826
f 1755//1755 1756//1756 1828//1828
f 1755//1755 1828//1828 1827//1827
f 1756//1756 1757//1757 1829//1829
f 1756//1756 1829//1829 1828//1828
f 1757//1757 1758//1758 1830//1830
f 1757//1757 1830//1830 1829//1829
f 1758//1758 1759//1759 1831//1831
f 1758//1758 1831//1831 1830//1830
f 1759//1759 1760//1760 1832//1832
f 1759//1759 1832//1832 1831//1831
f 1760//1760 1761//1761 1833//1833
f 1760//1760 1833//1833 1832//1832
f 1761//1761 1762//1762 1834//1834
f 1761//1761 1834//1834 1833//1833
f 1762//1762 1763//1763 1835//1835
f 1762//1762 1835//1835 1834//1834
f 1763//1763 1764//1764 1836//1836
f 1763//1763 1836//1836 1835//1835
f 1764//1764 1765//1765 1837//1837
f 1764//1764 1837//1837 1836//1836
f 1765//1765 1766//1766 1838//1838
f 1765//1765 1838//1838 1837//1837
f 1766//1766 1767//1767 1839//1839
f 1766//1766 1839//1839 1838//1838
f 1767//1767 1768//1768 1840//1840
f 1767//1767 1840//1840 1839//1839
f 1768//1768 1769//1769 1841//1841
f 1768//1768 1841//1841 1840//1840
f 1769//1769 1770//1770 1842//1842
f 1769//1769 1842//1842 1841//1841
f 1770//1770 1771//1771 1843//1843
f 1770//1770 1843//1843 1842//1842
f 1771//1771 1772//1772 1844//1844
f 1771//1771 1844//1844 1843//1843
f 1772//1772 1773//1773 1845//1845
f 1772//1772 1845//1845 1844//1844
f 1773//1773 1774//1774 1846//1846
f 1773//1773 1846//1846 1845//1845
f 1774//1774 1775//1775 1847//1847
f 1774//1774 1847//1847 1846//1846
f 1775//1775 1776//1776 1848//1848
f 1775//1775 1848//1848 1847//1847
f 1776//1776 1777//1777 1849//1849
f 1776//1776 1849//1849 1848//1848
f 1777//1777 1778//1778 1850//1850
f 1777//1777 1850//1850 1849//1849
f 1778//1778 1779//1779 1851//1851
f 1778//1778 1851//1851 1850//1850
f 1779//1779 1780//1780 1852//1852
f 1779//1779 1852//1852 1851//1851
f 1780//1780 1781//1781 1853//1853
f 1780//1780 1853//1853 1852//1852
f 1781//1781 1782//1782 1854//1854
f 1781//1781 1854//1854 1853//1853
f 1782//1782 1783//1783 1855//1855
f 1782//1782 1855//1855 1854//1854
f 1783//1783 1784//1784 1856//1856
f 1783//1783 1856//1856 1855//1855
f 1784//1784 1785//1785 1857//1857
f 1784//1784 1857//1857 1856//1856
f 1785//1785 1786//1786 1858//1858
f 1785//1785 1858//1858 1857//1857
f 1786//1786 1787//1787 1859//1859
f 1786//1786 1859//1859 1858//1858
f 1787//1787 1788//1788 1860//1860
f 1787//1787 1860//1860 1859//1859
f 1788//1788 1789//1789 1861//1861
f 1788//1788 1861//1861 1860//1860
f 1789//1789 1790//1790 1862//1862
f 1789//1789 1862//1862 1861//1861
f 1790//1790 1791//1791 1863//1863
f 1790//1790 1863//1863 1862//1862
f 1791//1791 1792//1792 1864//1864
f 1791//1791 1864//1864 1863//1863
f 1792//1792 1793//1793 1865//1865
f 1792//1792 1865//1865 1864//1864
f 1793//1793 1794//1794 1866//1866
f 1793//1793 1866//1866 1865//1865
f 1794//1794 1795//1795 1867//1867
f 1794//1794 1867//1867 1866//1866
f 1795//1795 1796//1796 1868//1868
f 1795//1795 1868//1868 1867//1867
f 1796//1796 1797//1797 1869//1869
f 1796//1796 1869//1869 1868//1868
f 1797//1797 1798//1798 1870//1870
f 1797//1797 1870//1870 1869//1869
f 1798//1798 1799//1799 1871//1871
f 1798//1798 1871//1871 1870//1870
f 1799//1799 1800//1800 1872//1872
f 1799//1799 1872//1872 1871//1871
f 1800//1800 1729//1729 1801//1801
f 1800//1800 1801//1801 1872//1872
f 1801//1801 1802//1802 1874//1874
f 1801//1801 1874//1874 1873//1873
f 1802//1802 1803//1803 1875//1875
f 1802//1802 1875//1875 1874//1874
f 1803//1803 1804//1804 1876//1876
f 1803//1803 1876//1876 1875//1875
f 1804//1804 1805//1805 1877//1877
f 1804//1804 1877//1877 1876//1876
f 1805//1805 1806//1806 1878//1878
f 1805//1805 1878//1878 1877//1877
f 1806//1806 1807//1807 1879//1879
f 1806//1806 1879//1879 1878//1878
f 1807//1807 1808//1808 1880//1880
f 1807//1807 1880//1880 1879//1879
f 1808//1808 1809//1809 1881//1881
f 1808//1808 1881//1881 1880//1880
f 1809//1809 1810//1810 1882//1882
f 1809//1809 1882//1882 1881//1881
f 1810//1810 1811//1811 1883//1883
f 1810//1810 1883//1883 1882//1882
f 1811//1811 1812//1812 1884//1884
f 1811//1811 1884//1884 1883//1883
f 1812//1812 1813//1813 1885//1885
f 1812//1812 1885//1885 1884//1884
f 1813//1813 1814//1814 1886//1886
f 1813//1813 1886//1886 1885//1885
f 1814//1814 1815//1815 1887//1887
f 1814//1814 1887//1887 1886//1886
f 1815//1815 1816//1816 1888//1888
f 1815//1815 1888//1888 1887//1887
f 1816//1816 1817//1817 1889//1889
f 1816//1816 1889//1889 1888//1888
f 1817//1817 1818//1818 1890//1890
f 1817//1817 1890//1890 1889//1889
f 1818//1818 1819//1819 1891//1891
f 1818//1818 1891//1891 1890//1890
f 1819//1819 1820//1820 1892//1892
f 1819//1819 1892//1892 1891//1891
f 1820//1820 1821//1821 1893//1893
f 1820//1820 1893//1893 1892//1892
f 1821//1821 1822//1822 1894//1894
f 1821//1821 1894//1894 1893//1893
f 1822//1822 1823//1823 1895//1895
f 1822//1822 1895//1895 1894//1894
f 1823//1823 1824//1824 1896//1896
f 1823//1823 1896//1896 1895//1895
f 1824//1824 1825//1825 1897//1897
f 1824//1824 1897//1897 1896//1896
f 1825//1825 1826//1826 1898//1898
f 1825//1825 1898//1898 1897//1897
f 1826//1826 1827//1827 1899//1899
f 1826//1826 1899//1899 1898//1898
f 1827//1827 1828//1828 1900//1900
f 1827//1827 1900//1900 1899//1899
f 1828//1828 1829//1829 1901//1901
f 1828//1828 1901//1901 1900//1900
f 1829//1829 1830//1830 1902//1902
f 1829//1829 1902//1902 1901//1901
f 1830//1830 1831//1831 1903//1903
f 1830//1830 1903//1903 1902//1902
f 1831//1831 1832//1832 1904//1904
f 1831//1831 1904//1904 1903//1903
f 1832//1832 1833//1833 1905//1905
f 1832//1832 1905//1905 1904//1904
f 1833//1833 1834//1834 1906//1906
f 1833//1833 1906//1906 1905//1905
f 1834//1834 1835//1835 1907//1907
f 1834//1834 1907//1907 1906//1906
f 1835//1835 1836//1836 1908//1908
f 1835//1835 1908//1908 1907//1907
f 1836//1836 1837//1837 1909//1909
f 1836//1836 1909//1909 1908//1908
f 1837//1837 1838//1838 1910//1910
f 1837//1837 1910//1910 1909//1909
f 1838//1838 1839//1839 1911//1911
f 1838//1838 1911//1911 1910//1910
f 1839//1839 1840//1840 1912//1912
f 1839//1839 1912//1912 1911//1911
f 1840//1840 1841//1841 1913//1913
f 1840//1840 1913//1913 1912//1912
f 1841//1841 1842//1842 1914//1914
f 1841//1841 1914//1914 1913//1913
f 1842//1842 1843//1843 1915//1915
f 1842//1842 1915//1915 1914//1914
f 1843//1843 1844//1844 1916//1916
f 1843//1843 1916//1916 1915//1915
f 1844//1844 1845//1845 1917//1917
f 1844//1844 1917//1917 1916//1916
f 1845//1845 1846//1846 1918//1918
f 1845//1845 1918//1918 1917//1917
f 1846//1846 1847//1847 1919//1919
f 1846//1846 1919//1919 1918//1918
f 1847//1847 1848//1848 1920//1920
f 1847//1847 1920//1920 1919//1919
f 1848//1848 1849//1849 1921//1921
f 1848//1848 1921//1921 1920//1920
f 1849//1849 1850//1850 1922//1922
f 1849//1849 1922//1922 1921//1921
f 1850//1850 1851//1851 1923//1923
f 1850//1850 1923//1923 1922//1922
f 1851//1851 1852//1852 1924//1924
f 1851//1851 1924//1924 1923//1923
f 1852//1852 1853//1853 1925//1925
f 1852//1852 1925//1925 1924//1924
f 1853//1853 1854//1854 1926//1926
f 1853//1853 1926//1926 1925//1925
f 1854//1854 1855//1855 1927//1927
f 1854//1854 1927//1927 1926//1926
f 1855//1855 1856//1856 1928//1928
f 1855//1855 1928//1928 1927//1927
f 1856//1856 1857//1857 1929//1929
f 1856//1856 1929//1929 1928//1928
f 1857//1857 1858//1858 1930//1930
f 1857//1857 1930//1930 1929//1929
f 1858//1858 1859//1859 1931//1931
f 1858//1858 1931//1931 1930//1930
f 1859//1859 1860//1860 1932//1932
f 1859//1859 1932//1932 1931//1931
f 1860//1860 1861//1861 1933//1933
f 1860//1860 1933//1933 1932//1932
f 1861//1861 1862//1862 1934//1934
f 1861//1861 1934//1934 1933//1933
f 1862//1862 1863//1863 1935//1935
f 1862//1862 1935//1935 1934//1934
f 1863//1863 1864//1864 1936//1936
f 1863//1863 1936//1936 1935//1935
f 1864//1864 1865//1865 1937//1937
f 1864//1864 1937//1937 1936//1936
f 1865//1865 1866//1866 1938//1938
f 1865//1865 1938//1938 1937//1937
f 1866//1866 1867//1867 1939//1939
f 1866//1866 1939//1939 1938//1938
f 1867//1867 1868//1868 1940//1940
f 1867//1867 1940//1940 1939//1939
f 1868//1868 1869//1869 1941//1941
f 1868//1868 1941//1941 1940//1940
f 1869//1869 1870//1870 1942//1942
f 1869//1869 1942//1942 1941//1941
f 1870//1870 1871//1871 1943//1943
f 1870//1870 1943//1943 1942//1942
f 1871//1871 1872//1872 1944//1944
f 1871//1871 1944//1944 1943//1943
f 1872//1872 1801//1801 1873//1873
f 1872//1872 1873//1873 1944//1944
f 1873//1873 1874//1874 1946//1946
f 1873//1873 1946//1946 1945//1945
f 1874//1874 1875//1875 1947//1947
f 1874//1874 1947//1947 1946//1946
f 1875//1875 1876//1876 1948//1948
f 1875//1875 1948//1948 1947//1947
f 1876//1876 1877//1877 1949//1949
f 1876//1876 1949//1949 1948//1948
f 1877//1877 1878//1878 1950//1950
f 1877//1877 1950//1950 1949//1949
f 1878//1878 1879//1879 1951//1951
f 1878//1878 1951//1951 1950//1950
f 1879//1879 1880//1880 1952//1952
f 1879//1879 1952//1952 1951//1951
f 1880//1880 1881//1881 1953//1953
f 1880//1880 1953//1953 1952//1952
f 1881//1881 1882//1882 1954//1954
f 1881//1881 1954//1954 1953//1953
f 1882//1882 1883//1883 1955//1955
f 1882//1882 1955//1955 1954//1954
f 1883//1883 1884//1884 1956//1956
f 1883//1883 1956//1956 1955//1955
f 1884//1884 1885//1885 1957//1957
f 1884//1884 1957//1957 1956//1956
f 1885//1885 1886//1886 1958//1958
f 1885//1885 1958//1958 1957//1957
f 1886//1886 1887//1887 1959//1959
f 1886//1886 1959//1959 1958//1958
f 1887//1887 1888//1888 1960//1960
f 1887//1887 1960//1960 1959//1959
f 1888//1888 1889//1889 1961//1961
f 1888//1888 1961//1961 1960//1960
f 1889//1889 1890//1890 1962//1962
f 1889//1889 1962//1962 1961//1961
f 1890//1890 1891//1891 1963//1963
f 1890//1890 1963//1963 1962//1962
f 1891//1891 1892//1892 1964//1964
f 1891//1891 1964//1964 1963//1963
f 1892//1892 1893//1893 1965//1965
f 1892//1892 1965//1965 1964//1964
f 1893//1893 1894//1894 1966//1966
f 1893//1893 1966//1966 1965//1965
f 1894//1894 1895//1895 1967//1967
f 1894//1894 1967//1967 1966//1966
f 1895//1895 1896//1896 1968//1968
f 1895//1895 1968//1968 1967//1967
f 1896//1896 1897//1897 1969//1969
f 1896//1896 1969//1969 1968//1968
f 1897//1897 1898//1898 1970//1970
f 1897//1897 1970//1970 1969//1969
f 1898//1898 1899//1899 1971//1971
f 1898//1898 1971//1971 1970//1970
f 1899//1899 1900//1900 1972//1972
f 1899//1899 1972//1972 1971//1971
f 1900//1900 1901//1901 1973//1973
f 1900//1900 1973//1973 1972//1972
f 1901//1901 1902//1902 1974//1974
f 1901//1901 1974//1974 1973//1973
f 1902//1902 1903//1903 1975//1975
f 1902//1902 1975//1975 1974//1974
f 1903//1903 1904//1904 1976//1976
f 1903//1903 1976//1976 1975//1975
f 1904//1904 1905//1905 1977//1977
f 1904//1904 1977//1977 1976//1976
f 1905//1905 1906//1906 1978//1978
f 1905//1905 1978//1978 1977//1977
f 1906//1906 1907//1907 1979//1979
f 1906//1906 1979//1979 1978//1978
f 1907//1907 1908//1908 1980//1980
f 1907//1907 1980//1980 1979//1979
f 1908//1908 1909//1909 1981//1981
f 1908//1908 1981//1981 1980//1980
f 1909//1909 1910//1910 1982//1982
f 1909//1909 1982//1982 1981//1981
f 1910//1910 1911//1911 1983//1983
f 1910//1910 1983//1983 1982//1982
f 1911//1911 1912//1912 1984//1984
f 1911//1911 1984//1984 1983//1983
f 1912//1912 1913//1913 1985//1985
f 1912//1912 1985//1985 1984//1984
f 1913//1913 1914//1914 1986//1986
f 1913//1913 1986//1986 1985//1985
f 1914//1914 1915//1915 1987//1987
f 1914//1914 1987//1987 1986//1986
f 1915//1915 1916//1916 1988//1988
f 1915//1915 1988//1988 1987//1987
f 1916//1916 1917//1917 1989//1989
f 1916//1916 1989//1989 1988//1988
f 1917//1917 1918//1918 1990//1990
f 1917//1917 1990//1990 1989//1989
f 1918//1918 1919//1919 1991//1991
f 1918//1918 1991//1991 1990//1990
f 1919//1919 1920//1920 1992//1992
f 1919//1919 1992//1992 1991//1991
f 1920//1920 1921//1921 1993//1993
f 1920//1920 1993//1993 1992//1992
f 1921//1921 1922//1922 1994//1994
f 1921//1921 1994//1994 1993//1993
f 1922//1922 1923//1923 1995//1995
f 1922//1922 1995//1995 1994//1994
f 1923//1923 1924//1924 1996//1996
f 1923//1923 1996//1996 1995//1995
f 1924//1924 1925//1925 1997//1997
f 1924//1924 1997//1997 1996//1996
f 1925//1925 1926//1926 1998//1998
f 1925//1925 1998//1998 1997//1997
f 1926//1926 1927//1927 1999//1999
f 1926//1926 1999//1999 1998//1998
f 1927//1927 1928//1928 2000//2000
f 1927//1927 2000//2000 1999//1999
f 1928//1928 1929//1929 2001//2001
f 1928//1928 2001//2001 2000//2000
f 1929//1929 1930//1930 2002//2002
f 1929//1929 2002//2002 2001//2001
f 1930//1930 1931//1931 2003//2003
f 1930//1930 2003//2003 2002//2002
f 1931//1931 1932//1932 2004//2004
f 1931//1931 2004//2004 2003//2003
f 1932//1932 1933//1933 2005//2005
f 1932//1932 2005//2005 2004//2004
f 1933//1933 1934//1934 2006//2006
f 1933//1933 2006//2006 2005//2005
f 1934//1934 1935//1935 2007//2007
f 1934//1934 2007//2007 2006//2006
f 1935//1935 1936//1936 2008//2008
f 1935//1935 2008//2008 2007//2007
f 1936//1936 1937//1937 2009//2009
f 1936//1936 2009//2009 2008//2008
f 1937//1937 1938//1938 2010//2010
f 1937//1937 2010//2010 2009//2009
f 1938//1938 1939//1939 2011//2011
f 1938//1938 2011//2011 2010//2010
f 1939//1939 1940//1940 2012//2012
f 1939//1939 2012//2012 2011//2011
f 1940//1940 1941//1941 2013//2013
f 1940//1940 2013//2013 2012//2012
f 1941//1941 1942//1942 2014//2014
f 1941//1941 2014//2014 2013//2013
f 1942//1942 1943//1943 2015//2015
f 1942//1942 2015//2015 2014//2014
f 1943//1943 1944//1944 2016//2016
f 1943//1943 2016//2016 2015//2015
f 1944//1944 1873//1873 1945//1945
f 1944//1944 1945//1945 2016//2016
f 2090//2090 2018//2018 2017//2017
f 2089//2089 2090//2090 2017//2017
f 2091//2091 2019//2019 2018//2018
f 2090//2090 2091//2091 2018//2018
f 2092//2092 2020//2020 2019//2019
f 2091//2091 2092//2092 2019//2019
f 2093//2093 2021//2021 2020//2020
f 2092//2092 2093//2093 2020//2020
f 2094//2094 2022//2022 2021//2021
f 2093//2093 2094//2094 2021//2021
f 2095//2095 2023//2023 2022//2022
f 2094//2094 2095//2095 2022//2022
f 2096//2096 2024//2024 2023//2023
f 2095//2095 2096//2096 2023//2023
f 2097//2097 2025//2025 2024//2024
f 2096//2096 2097//2097 2024//2024
f 2098//2098 2026//2026 2025//2025
f 2097//2097 2098//2098 2025//2025
f 2099//2099 2027//2027 2026//2026
f 2098//2098 2099//2099 2026//2026
f 2100//2100 2028//2028 2027//2027
f 2099//2099 2100//2100 2027//2027
f 2101//2101 2029//2029 2028//2028
f 2100//2100 2101//2101 2028//2028
f 2102//2102 2030//2030 2029//2029
f 2101//2101 2102//2102 2029//2029
f 2103//2103 2031//2031 2030//2030
f 2102//2102 2103//2103 2030//2030
f 2104//2104 2032//2032 2031//2031
f 2103//2103 2104//2104 2031//2031
f 2105//2105 2033//2033 2032//2032
f 2104//2104 2105//2105 2032//2032
f 2106//2106 2034//2034 2033//2033
f 2105//2105 2106//2106 2033//2033
f 2107//2107 2035//2035 2034//2034
f 2106//2106 2107//2107 2034//2034
f 2108//2108 2036//2036 2035//2035
f 2107//2107 2108//2108 2035//2035
f 2109//2109 2037//2037 2036//2036
f 2108//2108 2109//2109 2036//2036
f 2110//2110 2038//2038 2037//2037
f 2109//2109 2110//2110 2037//2037
f 2111//2111 2039//2039 2038//2038
f 2110//2110 2111//2111 2038//2038
f 2112//2112 2040//2040 2039//2039
f 2111//2111 2112//2112 2039//2039
f 2113//2113 2041//2041 2040//2040
f 2112//2112 2113//2113 2040//2040
f 2114//2114 2042//2042 2041//2041
f 2113//2113 2114//2114 2041//2041
f 2115//2115 2043//2043 2042//2042
f 2114//2114 2115//2115 2042//2042
f 2116//2116 2044//2044 2043//2043
f 2115//2115 2116//2116 2043//2043
f 2117//2117 2045//2045 2044//2044
f 2116//2116 2117//2117 2044//2044
f 2118//2118 2046//2046 2045//2045
f 2117//2117 2118//2118 2045//2045
f 2119//2119 2047//2047 2046//2046
f 2118//2118 2119//2119 2046//2046
f 2120//2120 2048//2048 2047//2047
f 2119//2119 2120//2120 2047//2047
f 2121//2121 2049//2049 2048//2048
f 2120//2120 2121//2121 2048//2048
f 2122//2122 2050//2050 2049//2049
f 2121//2121 2122//2122 2049//2049
f 2123//2123 2051//2051 2050//2050
f 2122//2122 2123//2123 2050//2050
f 2124//2124 2052//2052 2051//2051
f 2123//2123 2124//2124 2051//2051
f 2125//2125 2053//2053 2052//2052
f 2124//2124 2125//2125 2052//2052
f 2126//2126 2054//2054 2053//2053
f 2125//2125 2126//2126 2053//2053
f 2127//2127 2055//2055 2054//2054
f 2126//2126 2127//2127 2054//2054
f 2128//2128 2056//2056 2055//2055
f 2127//2127 2128//2128 2055//2055
f 2129//2129 2057//2057 2056//2056
f 2128//2128 2129//2129 2056//2056
f 2130//2130 2058//2058 2057//2057
f 2129//2129 2130//2130 2057//2057
f 2131//2131 2059//2059 2058//2058
f 2130//2130 2131//2131 2058//2058
f 2132//2132 2060//2060 2059//2059
f 2131//2131 2132//2132 2059//2059
f 2133//2133 2061//2061 2060//2060
f 2132//2132 2133//2133 2060//2060
f 2134//2134 2062//2062 2061//2061
f 2133//2133 2134//2134 2061//2061
f 2135//2135 2063//2063 2062//2062
f 2134//2134 2135//2135 2062//2062
f 2136//2136 2064//2064 2063//2063
f 2135//2135 2136//2136 2063//2063
f 2137//2137 2065//2065 2064//2064
f 2136//2136 2137//2137 2064//2064
f 2138//2138 2066//2066 2065//2065
f 2137//2137 2138//2138 2065//2065
f 2139//2139 2067//2067 2066//2066
f 2138//2138 2139//2139 2066//2066
f 2140//2140 2068//2068 2067//2067
f 2139//2139 2140//2140 2067//2067
f 2141//2141 2069//2069 2068//2068
f 2140//2140 2141//2141 2068//2068
f 2142//2142 2070//2070 2069//2069
f 2141//2141 2142//2142 2069//2069
f 2143//2143 2071//2071 2070//2070
f 2142//2142 2143//2143 2070//2070
f 2144//2144 2072//2072 2071//2071
f 2143//2143 2144//2144 2071//2071
f 2145//2145 2073//2073 2072//2072
f 2144//2144 2145//2145 2072//2072
f 2146//2146 2074//2074 2073//2073
f 2145//2145 2146//2146 2073//2073
f 2147//2147 2075//2075 2074//2074
f 2146//2146 2147//2147 2074//2074
f 2148//2148 2076//2076 2075//2075
f 2147//2147 2148//2148 2075//2075
f 2149//2149 2077//2077 2076//2076
f 2148//2148 2149//2149 2076//2076
f 2150//2150 2078//2078 2077//2077
f 2149//2149 2150//2150 2077//2077
f 2151//2151 2079//2079 2078//2078
f 2150//2150 2151//2151 2078//2078
f 2152//2152 2080//2080 2079//2079
f 2151//2151 2152//2152 2079//2079
f 2153//2153 2081//2081 2080//2080
f 2152//2152 2153//2153 2080//2080
f 2154//2154 2082//2082 2081//2081
f 2153//2153 2154//2154 2081//2081
f 2155//2155 2083//2083 2082//2082
f 2154//2154 2155//2155 2082//2082
f 2156//2156 2084//2084 2083//2083
f 2155//2155 2156//2156 2083//2083
f 2157//2157 2085//2085 2084//2084
f 2156//2156 2157//2157 2084//2084
f 2158//2158 2086//2086 2085//2085
f 2157//2157 2158//2158 2085//2085
f 2159//2159 2087//2087 2086//2086
f 2158//2158 2159//2159 2086//2086
f 2160//2160 2088//2088 2087//2087
f 2159//2159 2160//2160 2087//2087
f 2089//2089 2017//2017 2088//2088
f 2160//2160 2089//2089 2088//2088
f 2162//2162 2090//2090 2089//2089
f 2161//2161 2162//2162 2089//2089
f 2163//2163 2091//2091 2090//2090
f 2162//2162 2163//2163 2090//2090
f 2164//2164 2092//2092 2091//2091
f 2163//2163 2164//2164 2091//2091
f 2165//2165 2093//2093 2092//2092
f 2164//2164 2165//2165 2092//2092
f 2166//2166 2094//2094 2093//2093
f 2165//2165 2166//2166 2093//2093
f 2167//2167 2095//2095 2094//2094
f 2166//2166 2167//2167 2094//2094
f 2168//2168 2096//2096 2095//2095
f 2167//2167 2168//2168 2095//2095
f 2169//2169 2097//2097 2096//2096
f 2168//2168 2169//2169 2096//2096
f 2170//2170 2098//2098 2097//2097
f 2169//2169 2170//2170 2097//2097
f 2171//2171 2099//2099 2098//2098
f 2170//2170 2171//2171 2098//2098
f 2172//2172 2100//2100 2099//2099
f 2171//2171 2172//2172 2099//2099
f 2173//2173 2101//2101 2100//2100
f 2172//2172 2173//2173 2100//2100
f 2174//2174 2102//2102 2101//2101
f 2173//2173 2174//2174 2101//2101
f 2175//2175 2103//2103 2102//2102
f 2174//2174 2175//2175 2102//2102
f 2176//2176 2104//2104 2103//2103
f 2175//2175 2176//2176 2103//2103
f 2177//2177 2105//2105 2104//2104
f 2176//2176 2177//2177 2104//2104
f 2178//2178 2106//2106 2105//2105
f 2177//2177 2178//2178 2105//2105
f 2179//2179 2107//2107 2106//2106
f 2178//2178 2179//2179 2106//2106
f 2180//2180 2108//2108 2107//2107
f 2179//2179 2180//2180 2107//2107
f 2181//2181 2109//2109 2108//2108
f 2180//2180 2181//2181 2108//2108
f 2182//2182 2110//2110 2109//2109
f 2181//2181 2182//2182 2109//2109
f 2183//2183 2111//2111 2110//2110
f 2182//2182 2183//2183 2110//2110
f 2184//2184 2112//2112 2111//2111
f 2183//2183 2184//2184 2111//2111
f 2185//2185 2113//2113 2112//2112
f 2184//2184 2185//2185 2112//2112
f 2186//2186 2114//2114 2113//2113
f 2185//2185 2186//2186 2113//2113
f 2187//2187 2115//2115 2114//2114
f 2186//2186 2187//2187 2114//2114
f 2188//2188 2116//2116 2115//2115
f 2187//2187 2188//2188 2115//2115
f 2189//2189 2117//2117 2116//2116
f 2188//2188 2189//2189 2116//2116
f 2190//2190 2118//2118 2117//2117
f 2189//2189 2190//2190 2117//2117
f 2191//2191 2119//2119 2118//2118
f 2190//2190 2191//2191 2118//2118
f 2192//2192 2120//2120 2119//2119
f 2191//2191 2192//2192 2119//2119
f 2193//2193 2121//2121 2120//2120
f 2192//2192 2193//2193 2120//2120
f 2194//2194 2122//2122 2121//2121
f 2193//2193 2194//2194 2121//2121
f 2195//2195 2123//2123 2122//2122
f 2194//2194 2195//2195 2122//2122
f 2196//2196 2124//2124 2123//2123
f 2195//2195 2196//2196 2123//2123
f 2197//2197 2125//2125 2124//2124
f 2196//2196 2197//2197 2124//2124
f 2198//2198 2126//2126 2125//2125
f 2197//2197 2198//2198 2125//2125
f 2199//2199 2127//2127 2126//2126
f 2198//2198 2199//2199 2126//2126
f 2200//2200 2128//2128 2127//2127
f 2199//2199 2200//2200 2127//2127
f 2201//2201 2129//2129 2128//2128
f 2200//2200 2201//2201 2128//2128
f 2202//2202 2130//2130 2129//2129
f 2201//2201 2202//2202 2129//2129
f 2203//2203 2131//2131 2130//2130
f 2202//2202 2203//2203 2130//2130
f 2204//2204 2132//2132 2131//2131
f 2203//2203 2204//2204 2131//2131
f 2205//2205 2133//2133 2132//2132
f 2204//2204 2205//2205 2132//2132
f 2206//2206 2134//2134 2133//2133
f 2205//2205 2206//2206 2133//2133
f 2207//2207 2135//2135 2134//2134
f 2206//2206 2207//2207 2134//2134
f 2208//2208 2136//2136 2135//2135
f 2207//2207 2208//2208 2135//2135
f 2209//2209 2137//2137 2136//2136
f 2208//2208 2209//2209 2136//2136
f 2210//2210 2138//2138 2137//2137
f 2209//2209 2210//2210 2137//2137
f 2211//2211 2139//2139 2138//2138
f 2210//2210 2211//2211 2138//2138
f 2212//2212 2140//2140 2139//2139
f 2211//2211 2212//2212 2139//2139
f 2213//2213 2141//2141 2140//2140
f 2212//2212 2213//2213 2140//2140
f 2214//2214 2142//2142 2141//2141
f 2213//2213 2214//2214 2141//2141
f 2215//2215 2143//2143 2142//2142
f 2214//2214 2215//2215 2142//2142
f 2216//2216 2144//2144 2143//2143
f 2215//2215 2216//2216 2143//2143
f 2217//2217 2145//2145 2144//2144
f 2216//2216 2217//2217 2144//2144
f 2218//2218 2146//2146 2145//2145
f 2217//2217 2218//2218 2145//2145
f 2219//2219 2147//2147 2146//2146
f 2218//2218 2219//2219 2146//2146
f 2220//2220 2148//2148 2147//2147
f 2219//2219 2220//2220 2147//2147
f 2221//2221 2149//2149 2148//2148
f 2220//2220 2221//2221 2148//2148
f 2222//2222 2150//2150 2149//2149
f 2221//2221 2222//2222 2149//2149
f 2223//2223 2151//2151 2150//2150
f 2222//2222 2223//2223 2150//2150
f 2224//2224 2152//2152 2151//2151
f 2223//2223 2224//2224 2151//2151
f 2225//2225 2153//2153 2152//2152
f 2224//2224 2225//2225 2152//2152
f 2226//2226 2154//2154 2153//2153
f 2225//2225 2226//2226 2153//2153
f 2227//2227 2155//2155 2154//2154
f 2226//2226 2227//2227 2154//2154
f 2228//2228 2156//2156 2155//2155
f 2227//2227 2228//2228 2155//2155
f 2229//2229 2157//2157 2156//2156
f 2228//2228 2229//2229 2156//2156
f 2230//2230 2158//2158 2157//2157
f 2229//2229 2230//2230 2157//2157
f 2231//2231 2159//2159 2158//2158
f 2230//2230 2231//2231 2158//2158
f 2232//2232 2160//2160 2159//2159
f 2231//2231 2232//2232 2159//2159
f 2161//2161 2089//2089 2160//2160
f 2232//2232 2161//2161 2160//2160
f 2234//2234 2162//2162 2161//2161
f 2233//2233 2234//2234 2161//2161
f 2235//2235 2163//2163 2162//2162
f 2234//2234 2235//2235 2162//2162
f 2236//2236 2164//2164 2163//2163
f 2235//2235 2236//2236 2163//2163
f 2237//2237 2165//2165 2164//2164
f 2236//2236 2237//2237 2164//2164
f 2238//2238 2166//2166 2165//2165
f 2237//2237 2238//2238 2165//2165
f 2239//2239 2167//2167 2166//2166
f 2238//2238 2239//2239 2166//2166
f 2240//2240 2168//2168 2167//2167
f 2239//2239 2240//2240 2167//2167
f 2241//2241 2169//2169 2168//2168
f 2240//2240 2241//2241 2168//2168
f 2242//2242 2170//2170 2169//2169
f 2241//2241 2242//2242 2169//2169
f 2243//2243 2171//2171 2170//2170
f 2242//2242 2243//2243 2170//2170
f 2244//2244 2172//2172 2171//2171
f 2243//2243 2244//2244 2171//2171
f 2245//2245 2173//2173 2172//2172
f 2244//2244 2245//2245 2172//2172
f 2246//2246 2174//2174 2173//2173
f 2245//2245 2246//2246 2173//2173
f 2247//2247 2175//2175 2174//2174
f 2246//2246 2247//2247 2174//2174
f 2248//2248 2176//2176 2175//2175
f 2247//2247 2248//2248 2175//2175
f 2249//2249 2177//2177 2176//2176
f 2248//2248 2249//2249 2176//2176
f 2250//2250 2178//2178 2177//2177
f 2249//2249 2250//2250 2177//2177
f 2251//2251 2179//2179 2178//2178
f 2250//2250 2251//2251 2178//2178
f 2252//2252 2180//2180 2179//2179
f 2251//2251 2252//2252 2179//2179
f 2253//2253 2181//2181 2180//2180
f 2252//2252 2253//2253 2180//2180
f 2254//2254 2182//2182 2181//2181
f 2253//2253 2254//2254 2181//2181
f 2255//2255 2183//2183 2182//2182
f 2254//2254 2255//2255 2182//2182
f 2256//2256 2184//2184 2183//2183
f 2255//2255 2256//2256 2183//2183
f 2257//2257 2185//2185 2184//2184
f 2256//2256 2257//2257 2184//2184
f 2258//2258 2186//2186 2185//2185
f 2257//2257 2258//2258 2185//2185
f 2259//2259 2187//2187 2186//2186
f 2258//2258 2259//2259 2186//2186
f 2260//2260 2188//2188 2187//2187
f 2259//2259 2260//2260 2187//2187
f 2261//2261 2189//2189 2188//2188
f 2260//2260 2261//2261 2188//2188
f 2262//2262 2190//2190 2189//2189
f 2261//2261 2262//2262 2189//2189
f 2263//2263 2191//2191 2190//2190
f 2262//2262 2263//2263 2190//2190
f 2264//2264 2192//2192 2191//2191
f 2263//2263 2264//2264 2191//2191
f 2265//2265 2193//2193 2192//2192
f 2264//2264 2265//2265 2192//2192
f 2266//2266 2194//2194 2193//2193
f 2265//2265 2266//2266 2193//2193
f 2267//2267 2195//2195 2194//2194
f 2266//2266 2267//2267 2194//2194
f 2268//2268 2196//2196 2195//2195
f 2267//2267 2268//2268 2195//2195
f 2269//2269 2197//2197 2196//2196
f 2268//2268 2269//2269 2196//2196
f 2270//2270 2198//2198 2197//2197
f 2269//2269 2270//2270 2197//2197
f 2271//2271 2199//2199 2198//2198
f 2270//2270 2271//2271 2198//2198
f 2272//2272 2200//2200 2199//2199
f 2271//2271 2272//2272 2199//2199
f 2273//2273 2201//2201 2200//2200
f 2272//2272 2273//2273 2200//2200
f 2274//2274 2202//2202 2201//2201
f 2273//2273 2274//2274 2201//2201
f 2275//2275 2203//2203 2202//2202
f 2274//2274 2275//2275 2202//2202
f 2276//2276 2204//2204 2203//2203
f 2275//2275 2276//2276 2203//2203
f 2277//2277 2205//2205 2204//2204
f 2276//2276 2277//2277 2204//2204
f 2278//2278 2206//2206 2205//2205
f 2277//2277 2278//2278 2205//2205
f 2279//2279 2207//2207 2206//2206
f 2278//2278 2279//2279 2206//2206
f 2280//2280 2208//2208 2207//2207
f 2279//2279 2280//2280 2207//2207
f 2281//2281 2209//2209 2208//2208
f 2280//2280 2281//2281 2208//2208
f 2282//2282 2210//2210 2209//2209
f 2281//2281 2282//2282 2209//2209
f 2283//2283 2211//2211 2210//2210
f 2282//2282 2283//2283 2210//2210
f 2284//2284 2212//2212 2211//2211
f 2283//2283 2284//2284 2211//2211
f 2285//2285 2213//2213 2212//2212
f 2284//2284 2285//2285 2212//2212
f 2286//2286 2214//2214 2213//2213
f 2285//2285 2286//2286 2213//2213
f 2287//2287 2215//2215 2214//2214
f 2286//2286 2287//2287 2214//2214
f 2288//2288 2216//2216 2215//2215
f 2287//2287 2288//2288 2215//2215
f 2289//2289 2217//2217 2216//2216
f 2288//2288 2289//2289 2216//2216
f 2290//2290 2218//2218 2217//2217
f 2289//2289 2290//2290 2217//2217
f 2291//2291 2219//2219 2218//2218
f 2290//2290 2291//2291 2218//2218
f 2292//2292 2220//2220 2219//2219
f 2291//2291 2292//2292 2219//2219
f 2293//2293 2221//2221 2220//2220
f 2292//2292 2293//2293 2220//2220
f 2294//2294 2222//2222 2221//2221
f 2293//2293 2294//2294 2221//2221
f 2295//2295 2223//2223 2222//2222
f 2294//2294 2295//2295 2222//2222
f 2296//2296 2224//2224 2223//2223
f 2295//2295 2296//2296 2223//2223
f 2297//2297 2225//2225 2224//2224
f 2296//2296 2297//2297 2224//2224
f 2298//2298 2226//2226 2225//2225
f 2297//2297 2298//2298 2225//2225
f 2299//2299 2227//2227 2226//2226
f 2298//2298 2299//2299 2226//2226
f 2300//2300 2228//2228 2227//2227
f 2299//2299 2300//2300 2227//2227
f 2301//2301 2229//2229 2228//2228
f 2300//2300 2301//2301 2228//2228
f 2302//2302 2230//2230 2229//2229
f 2301//2301 2302//2302 2229//2229
f 2303//2303 2231//2231 2230//2230
f 2302//2302 2303//2303 2230//2230
f 2304//2304 2232//2232 2231//2231
f 2303//2303 2304//2304 2231//2231
f 2233//2233 2161//2161 2232//2232
f 2304//2304 2233//2233 2232//2232
f 2306//2306 2234//2234 2233//2233
f 2305//2305 2306//2306 2233//2233
f 2307//2307 2235//2235 2234//2234
f 2306//2306 2307//2307 2234//2234
f 2308//2308 2236//2236 2235//2235
f 2307//2307 2308//2308 2235//2235
f 2309//2309 2237//2237 2236//2236
f 2308//2308 2309//2309 2236//2236
f 2310//2310 2238//2238 2237//2237
f 2309//2309 2310//2310 2237//2237
f 2311//2311 2239//2239 2238//2238
f 2310//2310 2311//2311 2238//2238
f 2312//2312 2240//2240 2239//2239
f 2311//2311 2312//2312 2239//2239
f 2313//2313 2241//2241 2240//2240
f 2312//2312 2313//2313 2240//2240
f 2314//2314 2242//2242 2241//2241
f 2313//2313 2314//2314 2241//2241
f 2315//2315 2243//2243 2242//2242
f 2314//2314 2315//2315 2242//2242
f 2316//2316 2244//2244 2243//2243
f 2315//2315 2316//2316 2243//2243
f 2317//2317 2245//2245 2244//2244
f 2316//2316 2317//2317 2244//2244
f 2318//2318 2246//2246 2245//2245
f 2317//2317 2318//2318 2245//2245
f 2319//2319 2247//2247 2246//2246
f 2318//2318 2319//2319 2246//2246
f 2320//2320 2248//2248 2247//2247
f 2319//2319 2320//2320 2247//2247
f 2321//2321 2249//2249 2248//2248
f 2320//2320 2321//2321 2248//2248
f 2322//2322 2250//2250 2249//2249
f 2321//2321 2322//2322 2249//2249
f 2323//2323 2251//2251 2250//2250
f 2322//2322 2323//2323 2250//2250
f 2324//2324 2252//2252 2251//2251
f 2323//2323 2324//2324 2251//2251
f 2325//2325 2253//2253 2252//2252
f 2324//2324 2325//2325 2252//2252
f 2326//2326 2254//2254 2253//2253
f 2325//2325 2326//2326 2253//2253
f 2327//2327 2255//2255 2254//2254
f 2326//2326 2327//2327 2254//2254
f 2328//2328 2256//2256 2255//2255
f 2327//2327 2328//2328 2255//2255
f 2329//2329 2257//2257 2256//2256
f 2328//2328 2329//2329 2256//2256
f 2330//2330 2258//2258 2257//2257
f 2329//2329 2330//2330 2257//2257
f 2331//2331 2259//2259 2258//2258
f 2330//2330 2331//2331 2258//2258
f 2332//2332 2260//2260 2259//2259
f 2331//2331 2332//2332 2259//2259
f 2333//2333 2261//2261 2260//2260
f 2332//2332 2333//2333 2260//2260
f 2334//2334 2262//2262 2261//2261
f 2333//2333 2334//2334 2261//2261
f 2335//2335 2263//2263 2262//2262
f 2334//2334 2335//2335 2262//2262
f 2336//2336 2264//2264 2263//2263
f 2335//2335 2336//2336 2263//2263
f 2337//2337 2265//2265 2264//2264
f 2336//2336 2337//2337 2264//2264
f 2338//2338 2266//2266 2265//2265
f 2337//2337 2338//2338 2265//2265
f 2339//2339 2267//2267 2266//2266
f 2338//2338 2339//2339 2266//2266
f 2340//2340 2268//2268 2267//2267
f 2339//2339 2340//2340 2267//2267
f 2341//2341 2269//2269 2268//2268
f 2340//2340 2341//2341 2268//2268
f 2342//2342 2270//2270 2269//2269
f 2341//2341 2342//2342 2269//2269
f 2343//2343 2271//2271 2270//2270
f 2342//2342 2343//2343 2270//2270
f 2344//2344 2272//2272 2271//2271
f 2343//2343 2344//2344 2271//2271
f 2345//2345 2273//2273 2272//2272
f 2344//2344 2345//2345 2272//2272
f 2346//2346 2274//2274 2273//2273
f 2345//2345 2346//2346 2273//2273
f 2347//2347 2275//2275 2274//2274
f 2346//2346 2347//2347 2274//2274
f 2348//2348 2276//2276 2275//2275
f 2347//2347 2348//2348 2275//2275
f 2349//2349 2277//2277 2276//2276
f 2348//2348 2349//2349 2276//2276
f 2350//2350 2278//2278 2277//2277
f 2349//2349 2350//2350 2277//2277
f 2351//2351 2279//2279 2278//2278
f 2350//2350 2351//2351 2278//2278
f 2352//2352 2280//2280 2279//2279
f 2351//2351 2352//2352 2279//2279
f 2353//2353 2281//2281 2280//2280
f 2352//2352 2353//2353 2280//2280
f 2354//2354 2282//2282 2281//2281
f 2353//2353 2354//2354 2281//2281
f 2355//2355 2283//2283 2282//2282
f 2354//2354 2355//2355 2282//2282
f 2356//2356 2284//2284 2283//2283
f 2355//2355 2356//2356 2283//2283
f 2357//2357 2285//2285 2284//2284
f 2356//2356 2357//2357 2284//2284
f 2358//2358 2286//2286 2285//2285
f 2357//2357 2358//2358 2285//2285
f 2359//2359 2287//2287 2286//2286
f 2358//2358 2359//2359 2286//2286
f 2360//2360 2288//2288 2287//2287
f 2359//2359 2360//2360 2287//2287
f 2361//2361 2289//2289 2288//2288
f 2360//2360 2361//2361 2288//2288
f 2362//2362 2290//2290 2289//2289
f 2361//2361 2362//2362 2289//2289
f 2363//2363 2291//2291 2290//2290
f 2362//2362 2363//2363 2290//2290
f 2364//2364 2292//2292 2291//2291
f 2363//2363 2364//2364 2291//2291
f 2365//2365 2293//2293 2292//2292
f 2364//2364 2365//2365 2292//2292
f 2366//2366 2294//2294 2293//2293
f 2365//2365 2366//2366 2293//2293
f 2367//2367 2295//2295 2294//2294
f 2366//2366 2367//2367 2294//2294
f 2368//2368 2296//2296 2295//2295
f 2367//2367 2368//2368 2295//2295
f 2369//2369 2297//2297 2296//2296
f 2368//2368 2369//2369 2296//2296
f 2370//2370 2298//2298 2297//2297
f 2369//2369 2370//2370 2297//2297
f 2371//2371 2299//2299 2298//2298
f 2370//2370 2371//2371 2298//2298
f 2372//2372 2300//2300 2299//2299
f 2371//2371 2372//2372 2299//2299
f 2373//2373 2301//2301 2300//2300
f 2372//2372 2373//2373 2300//2300
f 2374//2374 2302//2302 2301//2301
f 2373//2373 2374//2374 2301//2301
f 2375//2375 2303//2303 2302//2302
f 2374//2374 2375//2375 2302//2302
f 2376//2376 2304//2304 2303//2303
f 2375//2375 2376//2376 2303//2303
f 2305//2305 2233//2233 2304//2304
f 2376//2376 2305//2305 2304//2304
f 2378//2378 2306//2306 2305//2305
f 2377//2377 2378//2378 2305//2305
f 2379//2379 2307//2307 2306//2306
f 2378//2378 2379//2379 2306//2306
f 2380//2380 2308//2308 2307//2307
f 2379//2379 2380//2380 2307//2307
f 2381//2381 2309//2309 2308//2308
f 2380//2380 2381//2381 2308//2308
f 2382//2382 2310//2310 2309//2309
f 2381//2381 2382//2382 2309//2309
f 2383//2383 2311//2311 2310//2310
f 2382//2382 2383//2383 2310//2310
f 2384//2384 2312//2312 2311//2311
f 2383//2383 2384//2384 2311//2311
f 2385//2385 2313//2313 2312//2312
f 2384//2384 2385//2385 2312//2312
f 2386//2386 2314//2314 2313//2313
f 2385//2385 2386//2386 2313//2313
f 2387//2387 2315//2315 2314//2314
f 2386//2386 2387//2387 2314//2314
f 2388//2388 2316//2316 2315//2315
f 2387//2387 2388//2388 2315//2315
f 2389//2389 2317//2317 2316//2316
f 2388//2388 2389//2389 2316//2316
f 2390//2390 2318//2318 2317//2317
f 2389//2389 2390//2390 2317//2317
f 2391//2391 2319//2319 2318//2318
f 2390//2390 2391//2391 2318//2318
f 2392//2392 2320//2320 2319//2319
f 2391//2391 2392//2392 2319//2319
f 2393//2393 2321//2321 2320//2320
f 2392//2392 2393//2393 2320//2320
f 2394//2394 2322//2322 2321//2321
f 2393//2393 2394//2394 2321//2321
f 2395//2395 2323//2323 2322//2322
f 2394//2394 2395//2395 2322//2322
f 2396//2396 2324//2324 2323//2323
f 2395//2395 2396//2396 2323//2323
f 2397//2397 2325//2325 2324//2324
f 2396//2396 2397//2397 2324//2324
f 2398//2398 2326//2326 2325//2325
f 2397//2397 2398//2398 2325//2325
f 2399//2399 2327//2327 2326//2326
f 2398//2398 2399//2399 2326//2326
f 2400//2400 2328//2328 2327//2327
f 2399//2399 2400//2400 2327//2327
f 2401//2401 2329//2329 2328//2328
f 2400//2400 2401//2401 2328//2328
f 2402//2402 2330//2330 2329//2329
f 2401//2401 2402//2402 2329//2329
f 2403//2403 2331//2331 2330//2330
f 2402//2402 2403//2403 2330//2330
f 2404//2404 2332//2332 2331//2331
f 2403//2403 2404//2404 2331//2331
f 2405//2405 2333//2333 2332//2332
f 2404//2404 2405//2405 2332//2332
f 2406//2406 2334//2334 2333//2333
f 2405//2405 2406//2406 2333//2333
f 2407//2407 2335//2335 2334//2334
f 2406//2406 2407//2407 2334//2334
f 2408//2408 2336//2336 2335//2335
f 2407//2407 2408//2408 2335//2335
f 2409//2409 2337//2337 2336//2336
f 2408//2408 2409//2409 2336//2336
f 2410//2410 2338//2338 2337//2337
f 2409//2409 2410//2410 2337//2337
f 2411//2411 2339//2339 2338//2338
f 2410//2410 2411//2411 2338//2338
f 2412//2412 2340//2340 2339//2339
f 2411//2411 2412//2412 2339//2339
f 2413//2413 2341//2341 2340//2340
f 2412//2412 2413//2413 2340//2340
f 2414//2414 2342//2342 2341//2341
f 2413//2413 2414//2414 2341//2341
f 2415//2415 2343//2343 2342//2342
f 2414//2414 2415//2415 2342//2342
f 2416//2416 2344//2344 2343//2343
f 2415//2415 2416//2416 2343//2343
f 2417//2417 2345//2345 2344//2344
f 2416//2416 2417//2417 2344//2344
f 2418//2418 2346//2346 2345//2345
f 2417//2417 2418//2418 2345//2345
f 2419//2419 2347//2347 2346//2346
f 2418//2418 2419//2419 2346//2346
f 2420//2420 2348//2348 2347//2347
f 2419//2419 2420//2420 2347//2347
f 2421//2421 2349//2349 2348//2348
f 2420//2420 2421//2421 2348//2348
f 2422//2422 2350//2350 2349//2349
f 2421//2421 2422//2422 2349//2349
f 2423//2423 2351//2351 2350//2350
f 2422//2422 2423//2423 2350//2350
f 2424//2424 2352//2352 2351//2351
f 2423//2423 2424//2424 2351//2351
f 2425//2425 2353//2353 2352//2352
f 2424//2424 2425//2425 2352//2352
f 2426//2426 2354//2354 2353//2353
f 2425//2425 2426//2426 2353//2353
f 2427//2427 2355//2355 2354//2354
f 2426//2426 2427//2427 2354//2354
f 2428//2428 2356//2356 2355//2355
f 2427//2427 2428//2428 2355//2355
f 2429//2429 2357//2357 2356//2356
f 2428//2428 2429//2429 2356//2356
f 2430//2430 2358//2358 2357//2357
f 2429//2429 2430//2430 2357//2357
f 2431//2431 2359//2359 2358//2358
f 2430//2430 2431//2431 2358//2358
f 2432//2432 2360//2360 2359//2359
f 2431//2431 2432//2432 2359//2359
f 2433//2433 2361//2361 2360//2360
f 2432//2432 2433//2433 2360//2360
f 2434//2434 2362//2362 2361//2361
f 2433//2433 2434//2434 2361//2361
f 2435//2435 2363//2363 2362//2362
f 2434//2434 2435//2435 2362//2362
f 2436//2436 2364//2364 2363//2363
f 2435//2435 2436//2436 2363//2363
f 2437//2437 2365//2365 2364//2364
f 2436//2436 2437//2437 2364//2364
f 2438//2438 2366//2366 2365//2365
f 2437//2437 2438//2438 2365//2365
f 2439//2439 2367//2367 2366//2366
f 2438//2438 2439//2439 2366//2366
f 2440//2440 2368//2368 2367//2367
f 2439//2439 2440//2440 2367//2367
f 2441//2441 2369//2369 2368//2368
f 2440//2440 2441//2441 2368//2368
f 2442//2442 2370//2370 2369//2369
f 2441//2441 2442//2442 2369//2369
f 2443//2443 2371//2371 2370//2370
f 2442//2442 2443//2443 2370//2370
f 2444//2444 2372//2372 2371//2371
f 2443//2443 2444//2444 2371//2371
f 2445//2445 2373//2373 2372//2372
f 2444//2444 2445//2445 2372//2372
f 2446//2446 2374//2374 2373//2373
f 2445//2445 2446//2446 2373//2373
f 2447//2447 2375//2375 2374//2374
f 2446//2446 2447//2447 2374//2374
f 2448//2448 2376//2376 2375//2375
f 2447//2447 2448//2448 2375//2375
f 2377//2377 2305//2305 2376//2376
f 2448//2448 2377//2377 2376//2376
f 2450//2450 2378//2378 2377//2377
f 2449//2449 2450//2450 2377//2377
f 2451//2451 2379//2379 2378//2378
f 2450//2450 2451//2451 2378//2378
f 2452//2452 2380//2380 2379//2379
f 2451//2451 2452//2452 2379//2379
f 2453//2453 2381//2381 2380//2380
f 2452//2452 2453//2453 2380//2380
f 2454//2454 2382//2382 2381//2381
f 2453//2453 2454//2454 2381//2381
f 2455//2455 2383//2383 2382//2382
f 2454//2454 2455//2455 2382//2382
f 2456//2456 2384//2384 2383//2383
f 2455//2455 2456//2456 2383//2383
f 2457//2457 2385//2385 2384//2384
f 2456//2456 2457//2457 2384//2384
f 2458//2458 2386//2386 2385//2385
f 2457//2457 2458//2458 2385//2385
f 2459//2459 2387//2387 2386//2386
f 2458//2458 2459//2459 2386//2386
f 2460//2460 2388//2388 2387//2387
f 2459//2459 2460//2460 2387//2387
f 2461//2461 2389//2389 2388//2388
f 2460//2460 2461//2461 2388//2388
f 2462//2462 2390//2390 2389//2389
f 2461//2461 2462//2462 2389//2389
f 2463//2463 2391//2391 2390//2390
f 2462//2462 2463//2463 2390//2390
f 2464//2464 2392//2392 2391//2391
f 2463//2463 2464//2464 2391//2391
f 2465//2465 2393//2393 2392//2392
f 2464//2464 2465//2465 2392//2392
f 2466//2466 2394//2394 2393//2393
f 2465//2465 2466//2466 2393//2393
f 2467//2467 2395//2395 2394//2394
f 2466//2466 2467//2467 2394//2394
f 2468//2468 2396//2396 2395//2395
f 2467//2467 2468//2468 2395//2395
f 2469//2469 2397//2397 2396//2396
f 2468//2468 2469//2469 2396//2396
f 2470//2470 2398//2398 2397//2397
f 2469//2469 2470//2470 2397//2397
f 2471//2471 2399//2399 2398//2398
f 2470//2470 2471//2471 2398//2398
f 2472//2472 2400//2400 2399//2399
f 2471//2471 2472//2472 2399//2399
f 2473//2473 2401//2401 2400//2400
f 2472//2472 2473//2473 2400//2400
f 2474//2474 2402//2402 2401//2401
f 2473//2473 2474//2474 2401//2401
f 2475//2475 2403//2403 2402//2402
f 2474//2474 2475//2475 2402//2402
f 2476//2476 2404//2404 2403//2403
f 2475//2475 2476//2476 2403//2403
f 2477//2477 2405//2405 2404//2404
f 2476//2476 2477//2477 2404//2404
f 2478//2478 2406//2406 2405//2405
f 2477//2477 2478//2478 2405//2405
f 2479//2479 2407//2407 2406//2406
f 2478//2478 2479//2479 2406//2406
f 2480//2480 2408//2408 2407//2407
f 2479//2479 2480//2480 2407//2407
f 2481//2481 2409//2409 2408//2408
f 2480//2480 2481//2481 2408//2408
f 2482//2482 2410//2410 2409//2409
f 2481//2481 2482//2482 2409//2409
f 2483//2483 2411//2411 2410//2410
f 2482//2482 2483//2483 2410//2410
f 2484//2484 2412//2412 2411//2411
f 2483//2483 2484//2484 2411//2411
f 2485//2485 2413//2413 2412//2412
f 2484//2484 2485//2485 2412//2412
f 2486//2486 2414//2414 2413//2413
f 2485//2485 2486//2486 2413//2413
f 2487//2487 2415//2415 2414//2414
f 2486//2486 2487//2487 2414//2414
f 2488//2488 2416//2416 2415//2415
f 2487//2487 2488//2488 2415//2415
f 2489//2489 2417//2417 2416//2416
f 2488//2488 2489//2489 2416//2416
f 2490//2490 2418//2418 2417//2417
f 2489//2489 2490//2490 2417//2417
f 2491//2491 2419//2419 2418//2418
f 2490//2490 2491//2491 2418//2418
f 2492//2492 2420//2420 2419//2419
f 2491//2491 2492//2492 2419//2419
f 2493//2493 2421//2421 2420//2420
f 2492//2492 2493//2493 2420//2420
f 2494//2494 2422//2422 2421//2421
f 2493//2493 2494//2494 2421//2421
f 2495//2495 2423//2423 2422//2422
f 2494//2494 2495//2495 2422//2422
f 2496//2496 2424//2424 2423//2423
f 2495//2495 2496//2496 2423//2423
f 2497//2497 2425//2425 2424//2424
f 2496//2496 2497//2497 2424//2424
f 2498//2498 2426//2426 2425//2425
f 2497//2497 2498//2498 2425//2425
f 2499//2499 2427//2427 2426//2426
f 2498//2498 2499//2499 2426//2426
f 2500//2500 2428//2428 2427//2427
f 2499//2499 2500//2500 2427//2427
f 2501//2501 2429//2429 2428//2428
f 2500//2500 2501//2501 2428//2428
f 2502//2502 2430//2430 2429//2429
f 2501//2501 2502//2502 2429//2429
f 2503//2503 2431//2431 2430//2430
f 2502//2502 2503//2503 2430//2430
f 2504//2504 2432//2432 2431//2431
f 2503//2503 2504//2504 2431//2431
f 2505//2505 2433//2433 2432//2432
f 2504//2504 2505//2505 2432//2432
f 2506//2506 2434//2434 2433//2433
f 2505//2505 2506//2506 2433//2433
f 2507//2507 2435//2435 2434//2434
f 2506//2506 2507//2507 2434//2434
f 2508//2508 2436//2436 2435//2435
f 2507//2507 2508//2508 2435//2435
f 2509//2509 2437//2437 2436//2436
f 2508//2508 2509//2509 2436//2436
f 2510//2510 2438//2438 2437//2437
f 2509//2509 2510//2510 2437//2437
f 2511//2511 2439//2439 2438//2438
f 2510//2510 2511//2511 2438//2438
f 2512//2512 2440//2440 2439//2439
f 2511//2511 2512//2512 2439//2439
f 2513//2513 2441//2441 2440//2440
f 2512//2512 2513//2513 2440//2440
f 2514//2514 2442//2442 2441//2441
f 2513//2513 2514//2514 2441//2441
f 2515//2515 2443//2443 2442//2442
f 2514//2514 2515//2515 2442//2442
f 2516//2516 2444//2444 2443//2443
f 2515//2515 2516//2516 2443//2443
f 2517//2517 2445//2445 2444//2444
f 2516//2516 2517//2517 2444//2444
f 2518//2518 2446//2446 2445//2445
f 2517//2517 2518//2518 2445//2445
f 2519//2519 2447//2447 2446//2446
f 2518//2518 2519//2519 2446//2446
f 2520//2520 2448//2448 2447//2447
f 2519//2519 2520//2520 2447//2447
f 2449//2449 2377//2377 2448//2448
f 2520//2520 2449//2449 2448//2448
f 2522//2522 2450//2450 2449//2449
f 2521//2521 2522//2522 2449//2449
f 2523//2523 2451//2451 2450//2450
f 2522//2522 2523//2523 2450//2450
f 2524//2524 2452//2452 2451//2451
f 2523//2523 2524//2524 2451//2451
f 2525//2525 2453//2453 2452//2452
f 2524//2524 2525//2525 2452//2452
f 2526//2526 2454//2454 2453//2453
f 2525//2525 2526//2526 2453//2453
f 2527//2527 2455//2455 2454//2454
f 2526//2526 2527//2527 2454//2454
f 2528//2528 2456//2456 2455//2455
f 2527//2527 2528//2528 2455//2455
f 2529//2529 2457//2457 2456//2456
f 2528//2528 2529//2529 2456//2456
f 2530//2530 2458//2458 2457//2457
f 2529//2529 2530//2530 2457//2457
f 2531//2531 2459//2459 2458//2458
f 2530//2530 2531//2531 2458//2458
f 2532//2532 2460//2460 2459//2459
f 2531//2531 2532//2532 2459//2459
f 2533//2533 2461//2461 2460//2460
f 2532//2532 2533//2533 2460//2460
f 2534//2534 2462//2462 2461//2461
f 2533//2533 2534//2534 2461//2461
f 2535//2535 2463//2463 2462//2462
f 2534//2534 2535//2535 2462//2462
f 2536//2536 2464//2464 2463//2463
f 2535//2535 2536//2536 2463//2463
f 2537//2537 2465//2465 2464//2464
f 2536//2536 2537//2537 2464//2464
f 2538//2538 2466//2466 2465//2465
f 2537//2537 2538//2538 2465//2465
f 2539//2539 2467//2467 2466//2466
f 2538//2538 2539//2539 2466//2466
f 2540//2540 2468//2468 2467//2467
f 2539//2539 2540//2540 2467//2467
f 2541//2541 2469//2469 2468//2468
f 2540//2540 2541//2541 2468//2468
f 2542//2542 2470//2470 2469//2469
f 2541//2541 2542//2542 2469//2469
f 2543//2543 2471//2471 2470//2470
f 2542//2542 2543//2543 2470//2470
f 2544//2544 2472//2472 2471//2471
f 2543//2543 2544//2544 2471//2471
f 2545//2545 2473//2473 2472//2472
f 2544//2544 2545//2545 2472//2472
f 2546//2546 2474//2474 2473//2473
f 2545//2545 2546//2546 2473//2473
f 2547//2547 2475//2475 2474//2474
f 2546//2546 2547//2547 2474//2474
f 2548//2548 2476//2476 2475//2475
f 2547//2547 2548//2548 2475//2475
f 2549//2549 2477//2477 2476//2476
f 2548//2548 2549//2549 2476//2476
f 2550//2550 2478//2478 2477//2477
f 2549//2549 2550//2550 2477//2477
f 2551//2551 2479//2479 2478//2478
f 2550//2550 2551//2551 2478//2478
f 2552//2552 2480//2480 2479//2479
f 2551//2551 2552//2552 2479//2479
f 2553//2553 2481//2481 2480//2480
f 2552//2552 2553//2553 2480//2480
f 2554//2554 2482//2482 2481//2481
f 2553//2553 2554//2554 2481//2481
f 2555//2555 2483//2483 2482//2482
f 2554//2554 2555//2555 2482//2482
f 2556//2556 2484//2484 2483//2483
f 2555//2555 2556//2556 2483//2483
f 2557//2557 2485//2485 2484//2484
f 2556//2556 2557//2557 2484//2484
f 2558//2558 2486//2486 2485//2485
f 2557//2557 2558//2558 2485//2485
f 2559//2559 2487//2487 2486//2486
f 2558//2558 2559//2559 2486//2486
f 2560//2560 2488//2488 2487//2487
f 2559//2559 2560//2560 2487//2487
f 2561//2561 2489//2489 2488//2488
f 2560//2560 2561//2561 2488//2488
f 2562//2562 2490//2490 2489//2489
f 2561//2561 2562//2562 2489//2489
f 2563//2563 2491//2491 2490//2490
f 2562//2562 2563//2563 2490//2490
f 2564//2564 2492//2492 2491//2491
f 2563//2563 2564//2564 2491//2491
f 2565//2565 2493//2493 2492//2492
f 2564//2564 2565//2565 2492//2492
f 2566//2566 2494//2494 2493//2493
f 2565//2565 2566//2566 2493//2493
f 2567//2567 2495//2495 2494//2494
f 2566//2566 2567//2567 2494//2494
f 2568//2568 2496//2496 2495//2495
f 2567//2567 2568//2568 2495//2495
f 2569//2569 2497//2497 2496//2496
f 2568//2568 2569//2569 2496//2496
f 2570//2570 2498//2498 2497//2497
f 2569//2569 2570//2570 2497//2497
f 2571//2571 2499//2499 2498//2498
f 2570//2570 2571//2571 2498//2498
f 2572//2572 2500//2500 2499//2499
f 2571//2571 2572//2572 2499//2499
f 2573//2573 2501//2501 2500//2500
f 2572//2572 2573//2573 2500//2500
f 2574//2574 2502//2502 2501//2501
f 2573//2573 2574//2574 2501//2501
f 2575//2575 2503//2503 2502//2502
f 2574//2574 2575//2575 2502//2502
f 2576//2576 2504//2504 2503//2503
f 2575//2575 2576//2576 2503//2503
f 2577//2577 2505//2505 2504//2504
f 2576//2576 2577//2577 2504//2504
f 2578//2578 2506//2506 2505//2505
f 2577//2577 2578//2578 2505//2505
f 2579//2579 2507//2507 2506//2506
f 2578//2578 2579//2579 2506//2506
f 2580//2580 2508//2508 2507//2507
f 2579//2579 2580//2580 2507//2507
f 2581//2581 2509//2509 2508//2508
f 2580//2580 2581//2581 2508//2508
f 2582//2582 2510//2510 2509//2509
f 2581//2581 2582//2582 2509//2509
f 2583//2583 2511//2511 2510//2510
f 2582//2582 2583//2583 2510//2510
f 2584//2584 2512//2512 2511//2511
f 2583//2583 2584//2584 2511//2511
f 2585//2585 2513//2513 2512//2512
f 2584//2584 2585//2585 2512//2512
f 2586//2586 2514//2514 2513//2513
f 2585//2585 2586//2586 2513//2513
f 2587//2587 2515//2515 2514//2514
f 2586//2586 2587//2587 2514//2514
f 2588//2588 2516//2516 2515//2515
f 2587//2587 2588//2588 2515//2515
f 2589//2589 2517//2517 2516//2516
f 2588//2588 2589//2589 2516//2516
f 2590//2590 2518//2518 2517//2517
f 2589//2589 2590//2590 2517//2517
f 2591//2591 2519//2519 2518//2518
f 2590//2590 2591//2591 2518//2518
f 2592//2592 2520//2520 2519//2519
f 2591//2591 2592//2592 2519//2519
f 2521//2521 2449//2449 2520//2520
f 2592//2592 2521//2521 2520//2520
f 2594//2594 2522//2522 2521//2521
f 2593//2593 2594//2594 2521//2521
f 2595//2595 2523//2523 2522//2522
f 2594//2594 2595//2595 2522//2522
f 2596//2596 2524//2524 2523//2523
f 2595//2595 2596//2596 2523//2523
f 2597//2597 2525//2525 2524//2524
f 2596//2596 2597//2597 2524//2524
f 2598//2598 2526//2526 2525//2525
f 2597//2597 2598//2598 2525//2525
f 2599//2599 2527//2527 2526//2526
f 2598//2598 2599//2599 2526//2526
f 2600//2600 2528//2528 2527//2527
f 2599//2599 2600//2600 2527//2527
f 2601//2601 2529//2529 2528//2528
f 2600//2600 2601//2601 2528//2528
f 2602//2602 2530//2530 2529//2529
f 2601//2601 2602//2602 2529//2529
f 2603//2603 2531//2531 2530//2530
f 2602//2602 2603//2603 2530//2530
f 2604//2604 2532//2532 2531//2531
f 2603//2603 2604//2604 2531//2531
f 2605//2605 2533//2533 2532//2532
f 2604//2604 2605//2605 2532//2532
f 2606//2606 2534//2534 2533//2533
f 2605//2605 2606//2606 2533//2533
f 2607//2607 2535//2535 2534//2534
f 2606//2606 2607//2607 2534//2534
f 2608//2608 2536//2536 2535//2535
f 2607//2607 2608//2608 2535//2535
f 2609//2609 2537//2537 2536//2536
f 2608//2608 2609//2609 2536//2536
f 2610//2610 2538//2538 2537//2537
f 2609//2609 2610//2610 2537//2537
f 2611//2611 2539//2539 2538//2538
f 2610//2610 2611//2611 2538//2538
f 2612//2612 2540//2540 2539//2539
f 2611//2611 2612//2612 2539//2539
f 2613//2613 2541//2541 2540//2540
f 2612//2612 2613//2613 2540//2540
f 2614//2614 2542//2542 2541//2541
f 2613//2613 2614//2614 2541//2541
f 2615//2615 2543//2543 2542//2542
f 2614//2614 2615//2615 2542//2542
f 2616//2616 2544//2544 2543//2543
f 2615//2615 2616//2616 2543//2543
f 2617//2617 2545//2545 2544//2544
f 2616//2616 2617//2617 2544//2544
f 2618//2618 2546//2546 2545//2545
f 2617//2617 2618//2618 2545//2545
f 2619//2619 2547//2547 2546//2546
f 2618//2618 2619//2619 2546//2546
f 2620//2620 2548//2548 2547//2547
f 2619//2619 2620//2620 2547//2547
f 2621//2621 2549//2549 2548//2548
f 2620//2620 2621//2621 2548//2548
f 2622//2622 2550//2550 2549//2549
f 2621//2621 2622//2622 2549//2549
f 2623//2623 2551//2551 2550//2550
f 2622//2622 2623//2623 2550//2550
f 2624//2624 2552//2552 2551//2551
f 2623//2623 2624//2624 2551//2551
f 2625//2625 2553//2553 2552//2552
f 2624//2624 2625//2625 2552//2552
f 2626//2626 2554//2554 2553//2553
f 2625//2625 2626//2626 2553//2553
f 2627//2627 2555//2555 2554//2554
f 2626//2626 2627//2627 2554//2554
f 2628//2628 2556//2556 2555//2555
f 2627//2627 2628//2628 2555//2555
f 2629//2629 2557//2557 2556//2556
f 2628//2628 2629//2629 2556//2556
f 2630//2630 2558//2558 2557//2557
f 2629//2629 2630//2630 2557//2557
f 2631//2631 2559//2559 2558//2558
f 2630//2630 2631//2631 2558//2558
f 2632//2632 2560//2560 2559//2559
f 2631//2631 2632//2632 2559//2559
f 2633//2633 2561//2561 2560//2560
f 2632//2632 2633//2633 2560//2560
f 2634//2634 2562//2562 2561//2561
f 2633//2633 2634//2634 2561//2561
f 2635//2635 2563//2563 2562//2562
f 2634//2634 2635//2635 2562//2562
f 2636//2636 2564//2564 2563//2563
f 2635//2635 2636//2636 2563//2563
f 2637//2637 2565//2565 2564//2564
f 2636//2636 2637//2637 2564//2564
f 2638//2638 2566//2566 2565//2565
f 2637//2637 2638//2638 2565//2565
f 2639//2639 2567//2567 2566//2566
f 2638//2638 2639//2639 2566//2566
f 2640//2640 2568//2568 2567//2567
f 2639//2639 2640//2640 2567//2567
f 2641//2641 2569//2569 2568//2568
f 2640//2640 2641//2641 2568//2568
f 2642//2642 2570//2570 2569//2569
f 2641//2641 2642//2642 2569//2569
f 2643//2643 2571//2571 2570//2570
f 2642//2642 2643//2643 2570//2570
f 2644//2644 2572//2572 2571//2571
f 2643//2643 2644//2644 2571//2571
f 2645//2645 2573//2573 2572//2572
f 2644//2644 2645//2645 2572//2572
f 2646//2646 2574//2574 2573//2573
f 2645//2645 2646//2646 2573//2573
f 2647//2647 2575//2575 2574//2574
f 2646//2646 2647//2647 2574//2574
f 2648//2648 2576//2576 2575//2575
f 2647//2647 2648//2648 2575//2575
f 2649//2649 2577//2577 2576//2576
f 2648//2648 2649//2649 2576//2576
f 2650//2650 2578//2578 2577//2577
f 2649//2649 2650//2650 2577//2577
f 2651//2651 2579//2579 2578//2578
f 2650//2650 2651//2651 2578//2578
f 2652//2652 2580//2580 2579//2579
f 2651//2651 2652//2652 2579//2579
f 2653//2653 2581//2581 2580//2580
f 2652//2652 2653//2653 2580//2580
f 2654//2654 2582//2582 2581//2581
f 2653//2653 2654//2654 2581//2581
f 2655//2655 2583//2583 2582//2582
f 2654//2654 2655//2655 2582//2582
f 2656//2656 2584//2584 2583//2583
f 2655//2655 2656//2656 2583//2583
f 2657//2657 2585//2585 2584//2584
f 2656//2656 2657//2657 2584//2584
f 2658//2658 2586//2586 2585//2585
f 2657//2657 2658//2658 2585//2585
f 2659//2659 2587//2587 2586//2586
f 2658//2658 2659//2659 2586//2586
f 2660//2660 2588//2588 2587//2587
f 2659//2659 2660//2660 2587//2587
f 2661//2661 2589//2589 2588//2588
f 2660//2660 2661//2661 2588//2588
f 2662//2662 2590//2590 2589//2589
f 2661//2661 2662//2662 2589//2589
f 2663//2663 2591//2591 2590//2590
f 2662//2662 2663//2663 2590//2590
f 2664//2664 2592//2592 2591//2591
f 2663//2663 2664//2664 2591//2591
f 2593//2593 2521//2521 2592//2592
f 2664//2664 2593//2593 2592//2592
f 2666//2666 2594//2594 2593//2593
f 2665//2665 2666//2666 2593//2593
f 2667//2667 2595//2595 2594//2594
f 2666//2666 2667//2667 2594//2594
f 2668//2668 2596//2596 2595//2595
f 2667//2667 2668//2668 2595//2595
f 2669//2669 2597//2597 2596//2596
f 2668//2668 2669//2669 2596//2596
f 2670//2670 2598//2598 2597//2597
f 2669//2669 2670//2670 2597//2597
f 2671//2671 2599//2599 2598//2598
f 2670//2670 2671//2671 2598//2598
f 2672//2672 2600//2600 2599//2599
f 2671//2671 2672//2672 2599//2599
f 2673//2673 2601//2601 2600//2600
f 2672//2672 2673//2673 2600//2600
f 2674//2674 2602//2602 2601//2601
f 2673//2673 2674//2674 2601//2601
f 2675//2675 2603//2603 2602//2602
f 2674//2674 2675//2675 2602//2602
f 2676//2676 2604//2604 2603//2603
f 2675//2675 2676//2676 2603//2603
f 2677//2677 2605//2605 2604//2604
f 2676//2676 2677//2677 2604//2604
f 2678//2678 2606//2606 2605//2605
f 2677//2677 2678//2678 2605//2605
f 2679//2679 2607//2607 2606//2606
f 2678//2678 2679//2679 2606//2606
f 2680//2680 2608//2608 2607//2607
f 2679//2679 2680//2680 2607//2607
f 2681//2681 2609//2609 2608//2608
f 2680//2680 2681//2681 2608//2608
f 2682//2682 2610//2610 2609//2609
f 2681//2681 2682//2682 2609//2609
f 2683//2683 2611//2611 2610//2610
f 2682//2682 2683//2683 2610//2610
f 2684//2684 2612//2612 2611//2611
f 2683//2683 2684//2684 2611//2611
f 2685//2685 2613//2613 2612//2612
f 2684//2684 2685//2685 2612//2612
f 2686//2686 2614//2614 2613//2613
f 2685//2685 2686//2686 2613//2613
f 2687//2687 2615//2615 2614//2614
f 2686//2686 2687//2687 2614//2614
f 2688//2688 2616//2616 2615//2615
f 2687//2687 2688//2688 2615//2615
f 2689//2689 2617//2617 2616//2616
f 2688//2688 2689//2689 2616//2616
f 2690//2690 2618//2618 2617//2617
f 2689//2689 2690//2690 2617//2617
f 2691//2691 2619//2619 2618//2618
f 2690//2690 2691//2691 2618//2618
f 2692//2692 2620//2620 2619//2619
f 2691//2691 2692//2692 2619//2619
f 2693//2693 2621//2621 2620//2620
f 2692//2692 2693//2693 2620//2620
f 2694//2694 2622//2622 2621//2621
f 2693//2693 2694//2694 2621//2621
f 2695//2695 2623//2623 2622//2622
f 2694//2694 2695//2695 2622//2622
f 2696//2696 2624//2624 2623//2623
f 2695//2695 2696//2696 2623//2623
f 2697//2697 2625//2625 2624//2624
f 2696//2696 2697//2697 2624//2624
f 2698//2698 2626//2626 2625//2625
f 2697//2697 2698//2698 2625//2625
f 2699//2699 2627//2627 2626//2626
f 2698//2698 2699//2699 2626//2626
f 2700//2700 2628//2628 2627//2627
f 2699//2699 2700//2700 2627//2627
f 2701//2701 2629//2629 2628//2628
f 2700//2700 2701//2701 2628//2628
f 2702//2702 2630//2630 2629//2629
f 2701//2701 2702//2702 2629//2629
f 2703//2703 2631//2631 2630//2630
f 2702//2702 2703//2703 2630//2630
f 2704//2704 2632//2632 2631//2631
f 2703//2703 2704//2704 2631//2631
f 2705//2705 2633//2633 2632//2632
f 2704//2704 2705//2705 2632//2632
f 2706//2706 2634//2634 2633//2633
f 2705//2705 2706//2706 2633//2633
f 2707//2707 2635//2635 2634//2634
f 2706//2706 2707//2707 2634//2634
f 2708//2708 2636//2636 2635//2635
f 2707//2707 2708//2708 2635//2635
f 2709//2709 2637//2637 2636//2636
f 2708//2708 2709//2709 2636//2636
f 2710//2710 2638//2638 2637//2637
f 2709//2709 2710//2710 2637//2637
f 2711//2711 2639//2639 2638//2638
f 2710//2710 2711//2711 2638//2638
f 2712//2712 2640//2640 2639//2639
f 2711//2711 2712//2712 2639//2639
f 2713//2713 2641//2641 2640//2640
f 2712//2712 2713//2713 2640//2640
f 2714//2714 2642//2642 2641//2641
f 2713//2713 2714//2714 2641//2641
f 2715//2715 2643//2643 2642//2642
f 2714//2714 2715//2715 2642//2642
f 2716//2716 2644//2644 2643//2643
f 2715//2715 2716//2716 2643//2643
f 2717//2717 2645//2645 2644//2644
f 2716//2716 2717//2717 2644//2644
f 2718//2718 2646//2646 2645//2645
f 2717//2717 2718//2718 2645//2645
f 2719//2719 2647//2647 2646//2646
f 2718//2718 2719//2719 2646//2646
f 2720//2720 2648//2648 2647//2647
f 2719//2719 2720//2720 2647//2647
f 2721//2721 2649//2649 2648//2648
f 2720//2720 2721//2721 2648//2648
f 2722//2722 2650//2650 2649//2649
f 2721//2721 2722//2722 2649//2649
f 2723//2723 2651//2651 2650//2650
f 2722//2722 2723//2723 2650//2650
f 2724//2724 2652//2652 2651//2651
f 2723//2723 2724//2724 2651//2651
f 2725//2725 2653//2653 2652//2652
f 2724//2724 2725//2725 2652//2652
f 2726//2726 2654//2654 2653//2653
f 2725//2725 2726//2726 2653//2653
f 2727//2727 2655//2655 2654//2654
f 2726//2726 2727//2727 2654//2654
f 2728//2728 2656//2656 2655//2655
f 2727//2727 2728//2728 2655//2655
f 2729//2729 2657//2657 2656//2656
f 2728//2728 2729//2729 2656//2656
f 2730//2730 2658//2658 2657//2657
f 2729//2729 2730//2730 2657//2657
f 2731//2731 2659//2659 2658//2658
f 2730//2730 2731//2731 2658//2658
f 2732//2732 2660//2660 2659//2659
f 2731//2731 2732//2732 2659//2659
f 2733//2733 2661//2661 2660//2660
f 2732//2732 2733//2733 2660//2660
f 2734//2734 2662//2662 2661//2661
f 2733//2733 2734//2734 2661//2661
f 2735//2735 2663//2663 2662//2662
f 2734//2734 2735//2735 2662//2662
f 2736//2736 2664//2664 2663//2663
f 2735//2735 2736//2736 2663//2663
f 2665//2665 2593//2593 2664//2664
f 2736//2736 2665//2665 2664//2664
f 2738//2738 2666//2666 2665//2665
f 2737//2737 2738//2738 2665//2665
f 2739//2739 2667//2667 2666//2666
f 2738//2738 2739//2739 2666//2666
f 2740//2740 2668//2668 2667//2667
f 2739//2739 2740//2740 2667//2667
f 2741//2741 2669//2669 2668//2668
f 2740//2740 2741//2741 2668//2668
f 2742//2742 2670//2670 2669//2669
f 2741//2741 2742//2742 2669//2669
f 2743//2743 2671//2671 2670//2670
f 2742//2742 2743//2743 2670//2670
f 2744//2744 2672//2672 2671//2671
f 2743//2743 2744//2744 2671//2671
f 2745//2745 2673//2673 2672//2672
f 2744//2744 2745//2745 2672//2672
f 2746//2746 2674//2674 2673//2673
f 2745//2745 2746//2746 2673//2673
f 2747//2747 2675//2675 2674//2674
f 2746//2746 2747//2747 2674//2674
f 2748//2748 2676//2676 2675//2675
f 2747//2747 2748//2748 2675//2675
f 2749//2749 2677//2677 2676//2676
f 2748//2748 2749//2749 2676//2676
f 2750//2750 2678//2678 2677//2677
f 2749//2749 2750//2750 2677//2677
f 2751//2751 2679//2679 2678//2678
f 2750//2750 2751//2751 2678//2678
f 2752//2752 2680//2680 2679//2679
f 2751//2751 2752//2752 2679//2679
f 2753//2753 2681//2681 2680//2680
f 2752//2752 2753//2753 2680//2680
f 2754//2754 2682//2682 2681//2681
f 2753//2753 2754//2754 2681//2681
f 2755//2755 2683//2683 2682//2682
f 2754//2754 2755//2755 2682//2682
f 2756//2756 2684//2684 2683//2683
f 2755//2755 2756//2756 2683//2683
f 2757//2757 2685//2685 2684//2684
f 2756//2756 2757//2757 2684//2684
f 2758//2758 2686//2686 2685//2685
f 2757//2757 2758//2758 2685//2685
f 2759//2759 2687//2687 2686//2686
f 2758//2758 2759//2759 2686//2686
f 2760//2760 2688//2688 2687//2687
f 2759//2759 2760//2760 2687//2687
f 2761//2761 2689//2689 2688//2688
f 2760//2760 2761//2761 2688//2688
f 2762//2762 2690//2690 2689//2689
f 2761//2761 2762//2762 2689//2689
f 2763//2763 2691//2691 2690//2690
f 2762//2762 2763//2763 2690//2690
f 2764//2764 2692//2692 2691//2691
f 2763//2763 2764//2764 2691//2691
f 2765//2765 2693//2693 2692//2692
f 2764//2764 2765//2765 2692//2692
f 2766//2766 2694//2694 2693//2693
f 2765//2765 2766//2766 2693//2693
f 2767//2767 2695//2695 2694//2694
f 2766//2766 2767//2767 2694//2694
f 2768//2768 2696//2696 2695//2695
f 2767//2767 2768//2768 2695//2695
f 2769//2769 2697//2697 2696//2696
f 2768//2768 2769//2769 2696//2696
f 2770//2770 2698//2698 2697//2697
f 2769//2769 2770//2770 2697//2697
f 2771//2771 2699//2699 2698//2698
f 2770//2770 2771//2771 2698//2698
f 2772//2772 2700//2700 2699//2699
f 2771//2771 2772//2772 2699//2699
f 2773//2773 2701//2701 2700//2700
f 2772//2772 2773//2773 2700//2700
f 2774//2774 2702//2702 2701//2701
f 2773//2773 2774//2774 2701//2701
f 2775//2775 2703//2703 2702//2702
f 2774//2774 2775//2775 2702//2702
f 2776//2776 2704//2704 2703//2703
f 2775//2775 2776//2776 2703//2703
f 2777//2777 2705//2705 2704//2704
f 2776//2776 2777//2777 2704//2704
f 2778//2778 2706//2706 2705//2705
f 2777//2777 2778//2778 2705//2705
f 2779//2779 2707//2707 2706//2706
f 2778//2778 2779//2779 2706//2706
f 2780//2780 2708//2708 2707//2707
f 2779//2779 2780//2780 2707//2707
f 2781//2781 2709//2709 2708//2708
f 2780//2780 2781//2781 2708//2708
f 2782//2782 2710//2710 2709//2709
f 2781//2781 2782//2782 2709//2709
f 2783//2783 2711//2711 2710//2710
f 2782//2782 2783//2783 2710//2710
f 2784//2784 2712//2712 2711//2711
f 2783//2783 2784//2784 2711//2711
f 2785//2785 2713//2713 2712//2712
f 2784//2784 2785//2785 2712//2712
f 2786//2786 2714//2714 2713//2713
f 2785//2785 2786//2786 2713//2713
f 2787//2787 2715//2715 2714//2714
f 2786//2786 2787//2787 2714//2714
f 2788//2788 2716//2716 2715//2715
f 2787//2787 2788//2788 2715//2715
f 2789//2789 2717//2717 2716//2716
f 2788//2788 2789//2789 2716//2716
f 2790//2790 2718//2718 2717//2717
f 2789//2789 2790//2790 2717//2717
f 2791//2791 2719//2719 2718//2718
f 2790//2790 2791//2791 2718//2718
f 2792//2792 2720//2720 2719//2719
f 2791//2791 2792//2792 2719//2719
f 2793//2793 2721//2721 2720//2720
f 2792//2792 2793//2793 2720//2720
f 2794//2794 2722//2722 2721//2721
f 2793//2793 2794//2794 2721//2721
f 2795//2795 2723//2723 2722//2722
f 2794//2794 2795//2795 2722//2722
f 2796//2796 2724//2724 2723//2723
f 2795//2795 2796//2796 2723//2723
f 2797//2797 2725//2725 2724//2724
f 2796//2796 2797//2797 2724//2724
f 2798//2798 2726//2726 2725//2725
f 2797//2797 2798//2798 2725//2725
f 2799//2799 2727//2727 2726//2726
f 2798//2798 2799//2799 2726//2726
f 2800//2800 2728//2728 2727//2727
f 2799//2799 2800//2800 2727//2727
f 2801//2801 2729//2729 2728//2728
f 2800//2800 2801//2801 2728//2728
f 2802//2802 2730//2730 2729//2729
f 2801//2801 2802//2802 2729//2729
f 2803//2803 2731//2731 2730//2730
f 2802//2802 2803//2803 2730//2730
f 2804//2804 2732//2732 2731//2731
f 2803//2803 2804//2804 2731//2731
f 2805//2805 2733//2733 2732//2732
f 2804//2804 2805//2805 2732//2732
f 2806//2806 2734//2734 2733//2733
f 2805//2805 2806//2806 2733//2733
f 2807//2807 2735//2735 2734//2734
f 2806//2806 2807//2807 2734//2734
f 2808//2808 2736//2736 2735//2735
f 2807//2807 2808//2808 2735//2735
f 2737//2737 2665//2665 2736//2736
f 2808//2808 2737//2737 2736//2736
f 2810//2810 2738//2738 2737//2737
f 2809//2809 2810//2810 2737//2737
f 2811//2811 2739//2739 2738//2738
f 2810//2810 2811//2811 2738//2738
f 2812//2812 2740//2740 2739//2739
f 2811//2811 2812//2812 2739//2739
f 2813//2813 2741//2741 2740//2740
f 2812//2812 2813//2813 2740//2740
f 2814//2814 2742//2742 2741//2741
f 2813//2813 2814//2814 2741//2741
f 2815//2815 2743//2743 2742//2742
f 2814//2814 2815//2815 2742//2742
f 2816//2816 2744//2744 2743//2743
f 2815//2815 2816//2816 2743//2743
f 2817//2817 2745//2745 2744//2744
f 2816//2816 2817//2817 2744//2744
f 2818//2818 2746//2746 2745//2745
f 2817//2817 2818//2818 2745//2745
f 2819//2819 2747//2747 2746//2746
f 2818//2818 2819//2819 2746//2746
f 2820//2820 2748//2748 2747//2747
f 2819//2819 2820//2820 2747//2747
f 2821//2821 2749//2749 2748//2748
f 2820//2820 2821//2821 2748//2748
f 2822//2822 2750//2750 2749//2749
f 2821//2821 2822//2822 2749//2749
f 2823//2823 2751//2751 2750//2750
f 2822//2822 2823//2823 2750//2750
f 2824//2824 2752//2752 2751//2751
f 2823//2823 2824//2824 2751//2751
f 2825//2825 2753//2753 2752//2752
f 2824//2824 2825//2825 2752//2752
f 2826//2826 2754//2754 2753//2753
f 2825//2825 2826//2826 2753//2753
f 2827//2827 2755//2755 2754//2754
f 2826//2826 2827//2827 2754//2754
f 2828//2828 2756//2756 2755//2755
f 2827//2827 2828//2828 2755//2755
f 2829//2829 2757//2757 2756//2756
f 2828//2828 2829//2829 2756//2756
f 2830//2830 2758//2758 2757//2757
f 2829//2829 2830//2830 2757//2757
f 2831//2831 2759//2759 2758//2758
f 2830//2830 2831//2831 2758//2758
f 2832//2832 2760//2760 2759//2759
f 2831//2831 2832//2832 2759//2759
f 2833//2833 2761//2761 2760//2760
f 2832//2832 2833//2833 2760//2760
f 2834//2834 2762//2762 2761//2761
f 2833//2833 2834//2834 2761//2761
f 2835//2835 2763//2763 2762//2762
f 2834//2834 2835//2835 2762//2762
f 2836//2836 2764//2764 2763//2763
f 2835//2835 2836//2836 2763//2763
f 2837//2837 2765//2765 2764//2764
f 2836//2836 2837//2837 2764//2764
f 2838//2838 2766//2766 2765//2765
f 2837//2837 2838//2838 2765//2765
f 2839//2839 2767//2767 2766//2766
f 2838//2838 2839//2839 2766//2766
f 2840//2840 2768//2768 2767//2767
f 2839//2839 2840//2840 2767//2767
f 2841//2841 2769//2769 2768//2768
f 2840//2840 2841//2841 2768//2768
f 2842//2842 2770//2770 2769//2769
f 2841//2841 2842//2842 2769//2769
f 2843//2843 2771//2771 2770//2770
f 2842//2842 2843//2843 2770//2770
f 2844//2844 2772//2772 2771//2771
f 2843//2843 2844//2844 2771//2771
f 2845//2845 2773//2773 2772//2772
f 2844//2844 2845//2845 2772//2772
f 2846//2846 2774//2774 2773//2773
f 2845//2845 2846//2846 2773//2773
f 2847//2847 2775//2775 2774//2774
f 2846//2846 2847//2847 2774//2774
f 2848//2848 2776//2776 2775//2775
f 2847//2847 2848//2848 2775//2775
f 2849//2849 2777//2777 2776//2776
f 2848//2848 2849//2849 2776//2776
f 2850//2850 2778//2778 2777//2777
f 2849//2849 2850//2850 2777//2777
f 2851//2851 2779//2779 2778//2778
f 2850//2850 2851//2851 2778//2778
f 2852//2852 2780//2780 2779//2779
f 2851//2851 2852//2852 2779//2779
f 2853//2853 2781//2781 2780//2780
f 2852//2852 2853//2853 2780//2780
f 2854//2854 2782//2782 2781//2781
f 2853//2853 2854//2854 2781//2781
f 2855//2855 2783//2783 2782//2782
f 2854//2854 2855//2855 2782//2782
f 2856//2856 2784//2784 2783//2783
f 2855//2855 2856//2856 2783//2783
f 2857//2857 2785//2785 2784//2784
f 2856//2856 2857//2857 2784//2784
f 2858//2858 2786//2786 2785//2785
f 2857//2857 2858//2858 2785//2785
f 2859//2859 2787//2787 2786//2786
f 2858//2858 2859//2859 2786//2786
f 2860//2860 2788//2788 2787//2787
f 2859//2859 2860//2860 2787//2787
f 2861//2861 2789//2789 2788//2788
f 2860//2860 2861//2861 2788//2788
f 2862//2862 2790//2790 2789//2789
f 2861//2861 2862//2862 2789//2789
f 2863//2863 2791//2791 2790//2790
f 2862//2862 2863//2863 2790//2790
f 2864//2864 2792//2792 2791//2791
f 2863//2863 2864//2864 2791//2791
f 2865//2865 2793//2793 2792//2792
f 2864//2864 2865//2865 2792//2792
f 2866//2866 2794//2794 2793//2793
f 2865//2865 2866//2866 2793//2793
f 2867//2867 2795//2795 2794//2794
f 2866//2866 2867//2867 2794//2794
f 2868//2868 2796//2796 2795//2795
f 2867//2867 2868//2868 2795//2795
f 2869//2869 2797//2797 2796//2796
f 2868//2868 2869//2869 2796//2796
f 2870//2870 2798//2798 2797//2797
f 2869//2869 2870//2870 2797//2797
f 2871//2871 2799//2799 2798//2798
f 2870//2870 2871//2871 2798//2798
f 2872//2872 2800//2800 2799//2799
f 2871//2871 2872//2872 2799//2799
f 2873//2873 2801//2801 2800//2800
f 2872//2872 2873//2873 2800//2800
f 2874//2874 2802//2802 2801//2801
f 2873//2873 2874//2874 2801//2801
f 2875//2875 2803//2803 2802//2802
f 2874//2874 2875//2875 2802//2802
f 2876//2876 2804//2804 2803//2803
f 2875//2875 2876//2876 2803//2803
f 2877//2877 2805//2805 2804//2804
f 2876//2876 2877//2877 2804//2804
f 2878//2878 2806//2806 2805//2805
f 2877//2877 2878//2878 2805//2805
f 2879//2879 2807//2807 2806//2806
f 2878//2878 2879//2879 2806//2806
f 2880//2880 2808//2808 2807//2807
f 2879//2879 2880//2880 2807//2807
f 2809//2809 2737//2737 2808//2808
f 2880//2880 2809//2809 2808//2808
f 2882//2882 2810//2810 2809//2809
f 2881//2881 2882//2882 2809//2809
f 2883//2883 2811//2811 2810//2810
f 2882//2882 2883//2883 2810//2810
f 2884//2884 2812//2812 2811//2811
f 2883//2883 2884//2884 2811//2811
f 2885//2885 2813//2813 2812//2812
f 2884//2884 2885//2885 2812//2812
f 2886//2886 2814//2814 2813//2813
f 2885//2885 2886//2886 2813//2813
f 2887//2887 2815//2815 2814//2814
f 2886//2886 2887//2887 2814//2814
f 2888//2888 2816//2816 2815//2815
f 2887//2887 2888//2888 2815//2815
f 2889//2889 2817//2817 2816//2816
f 2888//2888 2889//2889 2816//2816
f 2890//2890 2818//2818 2817//2817
f 2889//2889 2890//2890 2817//2817
f 2891//2891 2819//2819 2818//2818
f 2890//2890 2891//2891 2818//2818
f 2892//2892 2820//2820 2819//2819
f 2891//2891 2892//2892 2819//2819
f 2893//2893 2821//2821 2820//2820
f 2892//2892 2893//2893 2820//2820
f 2894//2894 2822//2822 2821//2821
f 2893//2893 2894//2894 2821//2821
f 2895//2895 2823//2823 2822//2822
f 2894//2894 2895//2895 2822//2822
f 2896//2896 2824//2824 2823//2823
f 2895//2895 2896//2896 2823//2823
f 2897//2897 2825//2825 2824//2824
f 2896//2896 2897//2897 2824//2824
f 2898//2898 2826//2826 2825//2825
f 2897//2897 2898//2898 2825//2825
f 2899//2899 2827//2827 2826//2826
f 2898//2898 2899//2899 2826//2826
f 2900//2900 2828//2828 2827//2827
f 2899//2899 2900//2900 2827//2827
f 2901//2901 2829//2829 2828//2828
f 2900//2900 2901//2901 2828//2828
f 2902//2902 2830//2830 2829//2829
f 2901//2901 2902//2902 2829//2829
f 2903//2903 2831//2831 2830//2830
f 2902//2902 2903//2903 2830//2830
f 2904//2904 2832//2832 2831//2831
f 2903//2903 2904//2904 2831//2831
f 2905//2905 2833//2833 2832//2832
f 2904//2904 2905//2905 2832//2832
f 2906//2906 2834//2834 2833//2833
f 2905//2905 2906//2906 2833//2833
f 2907//2907 2835//2835 2834//2834
f 2906//2906 2907//2907 2834//2834
f 2908//2908 2836//2836 2835//2835
f 2907//2907 2908//2908 2835//2835
f 2909//2909 2837//2837 2836//2836
f 2908//2908 2909//2909 2836//2836
f 2910//2910 2838//2838 2837//2837
f 2909//2909 2910//2910 2837//2837
f 2911//2911 2839//2839 2838//2838
f 2910//2910 2911//2911 2838//2838
f 2912//2912 2840//2840 2839//2839
f 2911//2911 2912//2912 2839//2839
f 2913//2913 2841//2841 2840//2840
f 2912//2912 2913//2913 2840//2840
f 2914//2914 2842//2842 2841//2841
f 2913//2913 2914//2914 2841//2841
f 2915//2915 2843//2843 2842//2842
f 2914//2914 2915//2915 2842//2842
f 2916//2916 2844//2844 2843//2843
f 2915//2915 2916//2916 2843//2843
f 2917//2917 2845//2845 2844//2844
f 2916//2916 2917//2917 2844//2844
f 2918//2918 2846//2846 2845//2845
f 2917//2917 2918//2918 2845//2845
f 2919//2919 2847//2847 2846//2846
f 2918//2918 2919//2919 2846//2846
f 2920//2920 2848//2848 2847//2847
f 2919//2919 2920//2920 2847//2847
f 2921//2921 2849//2849 2848//2848
f 2920//2920 2921//2921 2848//2848
f 2922//2922 2850//2850 2849//2849
f 2921//2921 2922//2922 2849//2849
f 2923//2923 2851//2851 2850//2850
f 2922//2922 2923//2923 2850//2850
f 2924//2924 2852//2852 2851//2851
f 2923//2923 2924//2924 2851//2851
f 2925//2925 2853//2853 2852//2852
f 2924//2924 2925//2925 2852//2852
f 2926//2926 2854//2854 2853//2853
f 2925//2925 2926//2926 2853//2853
f 2927//2927 2855//2855 2854//2854
f 2926//2926 2927//2927 2854//2854
f 2928//2928 2856//2856 2855//2855
f 2927//2927 2928//2928 2855//2855
f 2929//2929 2857//2857 2856//2856
f 2928//2928 2929//2929 2856//2856
f 2930//2930 2858//2858 2857//2857
f 2929//2929 2930//2930 2857//2857
f 2931//2931 2859//2859 2858//2858
f 2930//2930 2931//2931 2858//2858
f 2932//2932 2860//2860 2859//2859
f 2931//2931 2932//2932 2859//2859
f 2933//2933 2861//2861 2860//2860
f 2932//2932 2933//2933 2860//2860
f 2934//2934 2862//2862 2861//2861
f 2933//2933 2934//2934 2861//2861
f 2935//2935 2863//2863 2862//2862
f 2934//2934 2935//2935 2862//2862
f 2936//2936 2864//2864 2863//2863
f 2935//2935 2936//2936 2863//2863
f 2937//2937 2865//2865 2864//2864
f 2936//2936 2937//2937 2864//2864
f 2938//2938 2866//2866 2865//2865
f 2937//2937 2938//2938 2865//2865
f 2939//2939 2867//2867 2866//2866
f 2938//2938 2939//2939 2866//2866
f 2940//2940 2868//2868 2867//2867
f 2939//2939 2940//2940 2867//2867
f 2941//2941 2869//2869 2868//2868
f 2940//2940 2941//2941 2868//2868
f 2942//2942 2870//2870 2869//2869
f 2941//2941 2942//2942 2869//2869
f 2943//2943 2871//2871 2870//2870
f 2942//2942 2943//2943 2870//2870
f 2944//2944 2872//2872 2871//2871
f 2943//2943 2944//2944 2871//2871
f 2945//2945 2873//2873 2872//2872
f 2944//2944 2945//2945 2872//2872
f 2946//2946 2874//2874 2873//2873
f 2945//2945 2946//2946 2873//2873
f 2947//2947 2875//2875 2874//2874
f 2946//2946 2947//2947 2874//2874
f 2948//2948 2876//2876 2875//2875
f 2947//2947 2948//2948 2875//2875
f 2949//2949 2877//2877 2876//2876
f 2948//2948 2949//2949 2876//2876
f 2950//2950 2878//2878 2877//2877
f 2949//2949 2950//2950 2877//2877
f 2951//2951 2879//2879 2878//2878
f 2950//2950 2951//2951 2878//2878
f 2952//2952 2880//2880 2879//2879
f 2951//2951 2952//2952 2879//2879
f 2881//2881 2809//2809 2880//2880
f 2952//2952 2881//2881 2880//2880
f 2954//2954 2882//2882 2881//2881
f 2953//2953 2954//2954 2881//2881
f 2955//2955 2883//2883 2882//2882
f 2954//2954 2955//2955 2882//2882
f 2956//2956 2884//2884 2883//2883
f 2955//2955 2956//2956 2883//2883
f 2957//2957 2885//2885 2884//2884
f 2956//2956 2957//2957 2884//2884
f 2958//2958 2886//2886 2885//2885
f 2957//2957 2958//2958 2885//2885
f 2959//2959 2887//2887 2886//2886
f 2958//2958 2959//2959 2886//2886
f 2960//2960 2888//2888 2887//2887
f 2959//2959 2960//2960 2887//2887
f 2961//2961 2889//2889 2888//2888
f 2960//2960 2961//2961 2888//2888
f 2962//2962 2890//2890 2889//2889
f 2961//2961 2962//2962 2889//2889
f 2963//2963 2891//2891 2890//2890
f 2962//2962 2963//2963 2890//2890
f 2964//2964 2892//2892 2891//2891
f 2963//2963 2964//2964 2891//2891
f 2965//2965 2893//2893 2892//2892
f 2964//2964 2965//2965 2892//2892
f 2966//2966 2894//2894 2893//2893
f 2965//2965 2966//2966 2893//2893
f 2967//2967 2895//2895 2894//2894
f 2966//2966 2967//2967 2894//2894
f 2968//2968 2896//2896 2895//2895
f 2967//2967 2968//2968 2895//2895
f 2969//2969 2897//2897 2896//2896
f 2968//2968 2969//2969 2896//2896
f 2970//2970 2898//2898 2897//2897
f 2969//2969 2970//2970 2897//2897
f 2971//2971 2899//2899 2898//2898
f 2970//2970 2971//2971 2898//2898
f 2972//2972 2900//2900 2899//2899
f 2971//2971 2972//2972 2899//2899
f 2973//2973 2901//2901 2900//2900
f 2972//2972 2973//2973 2900//2900
f 2974//2974 2902//2902 2901//2901
f 2973//2973 2974//2974 2901//2901
f 2975//2975 2903//2903 2902//2902
f 2974//2974 2975//2975 2902//2902
f 2976//2976 2904//2904 2903//2903
f 2975//2975 2976//2976 2903//2903
f 2977//2977 2905//2905 2904//2904
f 2976//2976 2977//2977 2904//2904
f 2978//2978 2906//2906 2905//2905
f 2977//2977 2978//2978 2905//2905
f 2979//2979 2907//2907 2906//2906
f 2978//2978 2979//2979 2906//2906
f 2980//2980 2908//2908 2907//2907
f 2979//2979 2980//2980 2907//2907
f 2981//2981 2909//2909 2908//2908
f 2980//2980 2981//2981 2908//2908
f 2982//2982 2910//2910 2909//2909
f 2981//2981 2982//2982 2909//2909
f 2983//2983 2911//2911 2910//2910
f 2982//2982 2983//2983 2910//2910
f 2984//2984 2912//2912 2911//2911
f 2983//2983 2984//2984 2911//2911
f 2985//2985 2913//2913 2912//2912
f 2984//2984 2985//2985 2912//2912
f 2986//2986 2914//2914 2913//2913
f 2985//2985 2986//2986 2913//2913
f 2987//2987 2915//2915 2914//2914
f 2986//2986 2987//2987 2914//2914
f 2988//2988 2916//2916 2915//2915
f 2987//2987 2988//2988 2915//2915
f 2989//2989 2917//2917 2916//2916
f 2988//2988 2989//2989 2916//2916
f 2990//2990 2918//2918 2917//2917
f 2989//2989 2990//2990 2917//2917
f 2991//2991 2919//2919 2918//2918
f 2990//2990 2991//2991 2918//2918
f 2992//2992 2920//2920 2919//2919
f 2991//2991 2992//2992 2919//2919
f 2993//2993 2921//2921 2920//2920
f 2992//2992 2993//2993 2920//2920
f 2994//2994 2922//2922 2921//2921
f 2993//2993 2994//2994 2921//2921
f 2995//2995 2923//2923 2922//2922
f 2994//2994 2995//2995 2922//2922
f 2996//2996 2924//2924 2923//2923
f 2995//2995 2996//2996 2923//2923
f 2997//2997 2925//2925 2924//2924
f 2996//2996 2997//2997 2924//2924
f 2998//2998 2926//2926 2925//2925
f 2997//2997 2998//2998 2925//2925
f 2999//2999 2927//2927 2926//2926
f 2998//2998 2999//2999 2926//2926
f 3000//3000 2928//2928 2927//2927
f 2999//2999 3000//3000 2927//2927
f 3001//3001 2929//2929 2928//2928
f 3000//3000 3001//3001 2928//2928
f 3002//3002 2930//2930 2929//2929
f 3001//3001 3002//3002 2929//2929
f 3003//3003 2931//2931 2930//2930
f 3002//3002 3003//3003 2930//2930
f 3004//3004 2932//2932 2931//2931
f 3003//3003 3004//3004 2931//2931
f 3005//3005 2933//2933 2932//2932
f 3004//3004 3005//3005 2932//2932
f 3006//3006 2934//2934 2933//2933
f 3005//3005 3006//3006 2933//2933
f 3007//3007 2935//2935 2934//2934
f 3006//3006 3007//3007 2934//2934
f 3008//3008 2936//2936 2935//2935
f 3007//3007 3008//3008 2935//2935
f 3009//3009 2937//2937 2936//2936
f 3008//3008 3009//3009 2936//2936
f 3010//3010 2938//2938 2937//2937
f 3009//3009 3010//3010 2937//2937
f 3011//3011 2939//2939 2938//2938
f 3010//3010 3011//3011 2938//2938
f 3012//3012 2940//2940 2939//2939
f 3011//3011 3012//3012 2939//2939
f 3013//3013 2941//2941 2940//2940
f 3012//3012 3013//3013 2940//2940
f 3014//3014 2942//2942 2941//2941
f 3013//3013 3014//3014 2941//2941
f 3015//3015 2943//2943 2942//2942
f 3014//3014 3015//3015 2942//2942
f 3016//3016 2944//2944 2943//2943
f 3015//3015 3016//3016 2943//2943
f 3017//3017 2945//2945 2944//2944
f 3016//3016 3017//3017 2944//2944
f 3018//3018 2946//2946 2945//2945
f 3017//3017 3018//3018 2945//2945
f 3019//3019 2947//2947 2946//2946
f 3018//3018 3019//3019 2946//2946
f 3020//3020 2948//2948 2947//2947
f 3019//3019 3020//3020 2947//2947
f 3021//3021 2949//2949 2948//2948
f 3020//3020 3021//3021 2948//2948
f 3022//3022 2950//2950 2949//2949
f 3021//3021 3022//3022 2949//2949
f 3023//3023 2951//2951 2950//2950
f 3022//3022 3023//3023 2950//2950
f 3024//3024 2952//2952 2951//2951
f 3023//3023 3024//3024 2951//2951
f 2953//2953 2881//2881 2952//2952
f 3024//3024 2953//2953 2952//2952
f 3026//3026 2954//2954 2953//2953
f 3025//3025 3026//3026 2953//2953
f 3027//3027 2955//2955 2954//2954
f 3026//3026 3027//3027 2954//2954
f 3028//3028 2956//2956 2955//2955
f 3027//3027 3028//3028 2955//2955
f 3029//3029 2957//2957 2956//2956
f 3028//3028 3029//3029 2956//2956
f 3030//3030 2958//2958 2957//2957
f 3029//3029 3030//3030 2957//2957
f 3031//3031 2959//2959 2958//2958
f 3030//3030 3031//3031 2958//2958
f 3032//3032 2960//2960 2959//2959
f 3031//3031 3032//3032 2959//2959
f 3033//3033 2961//2961 2960//2960
f 3032//3032 3033//3033 2960//2960
f 3034//3034 2962//2962 2961//2961
f 3033//3033 3034//3034 2961//2961
f 3035//3035 2963//2963 2962//2962
f 3034//3034 3035//3035 2962//2962
f 3036//3036 2964//2964 2963//2963
f 3035//3035 3036//3036 2963//2963
f 3037//3037 2965//2965 2964//2964
f 3036//3036 3037//3037 2964//2964
f 3038//3038 2966//2966 2965//2965
f 3037//3037 3038//3038 2965//2965
f 3039//3039 2967//2967 2966//2966
f 3038//3038 3039//3039 2966//2966
f 3040//3040 2968//2968 2967//2967
f 3039//3039 3040//3040 2967//2967
f 3041//3041 2969//2969 2968//2968
f 3040//3040 3041//3041 2968//2968
f 3042//3042 2970//2970 2969//2969
f 3041//3041 3042//3042 2969//2969
f 3043//3043 2971//2971 2970//2970
f 3042//3042 3043//3043 2970//2970
f 3044//3044 2972//2972 2971//2971
f 3043//3043 3044//3044 2971//2971
f 3045//3045 2973//2973 2972//2972
f 3044//3044 3045//3045 2972//2972
f 3046//3046 2974//2974 2973//2973
f 3045//3045 3046//3046 2973//2973
f 3047//3047 2975//2975 2974//2974
f 3046//3046 3047//3047 2974//2974
f 3048//3048 2976//2976 2975//2975
f 3047//3047 3048//3048 2975//2975
f 3049//3049 2977//2977 2976//2976
f 3048//3048 3049//3049 2976//2976
f 3050//3050 2978//2978 2977//2977
f 3049//3049 3050//3050 2977//2977
f 3051//3051 2979//2979 2978//2978
f 3050//3050 3051//3051 2978//2978
f 3052//3052 2980//2980 2979//2979
f 3051//3051 3052//3052 2979//2979
f 3053//3053 2981//2981 2980//2980
f 3052//3052 3053//3053 2980//2980
f 3054//3054 2982//2982 2981//2981
f 3053//3053 3054//3054 2981//2981
f 3055//3055 2983//2983 2982//2982
f 3054//3054 3055//3055 2982//2982
f 3056//3056 2984//2984 2983//2983
f 3055//3055 3056//3056 2983//2983
f 3057//3057 2985//2985 2984//2984
f 3056//3056 3057//3057 2984//2984
f 3058//3058 2986//2986 2985//2985
f 3057//3057 3058//3058 2985//2985
f 3059//3059 2987//2987 2986//2986
f 3058//3058 3059//3059 2986//2986
f 3060//3060 2988//2988 2987//2987
f 3059//3059 3060//3060 2987//2987
f 3061//3061 2989//2989 2988//2988
f 3060//3060 3061//3061 2988//2988
f 3062//3062 2990//2990 2989//2989
f 3061//3061 3062//3062 2989//2989
f 3063//3063 2991//2991 2990//2990
f 3062//3062 3063//3063 2990//2990
f 3064//3064 2992//2992 2991//2991
f 3063//3063 3064//3064 2991//2991
f 3065//3065 2993//2993 2992//2992
f 3064//3064 3065//3065 2992//2992
f 3066//3066 2994//2994 2993//2993
f 3065//3065 3066//3066 2993//2993
f 3067//3067 2995//2995 2994//2994
f 3066//3066 3067//3067 2994//2994
f 3068//3068 2996//2996 2995//2995
f 3067//3067 3068//3068 2995//2995
f 3069//3069 2997//2997 2996//2996
f 3068//3068 3069//3069 2996//2996
f 3070//3070 2998//2998 2997//2997
f 3069//3069 3070//3070 2997//2997
f 3071//3071 2999//2999 2998//2998
f 3070//3070 3071//3071 2998//2998
f 3072//3072 3000//3000 2999//2999
f 3071//3071 3072//3072 2999//2999
f 3073//3073 3001//3001 3000//3000
f 3072//3072 3073//3073 3000//3000
f 3074//3074 3002//3002 3001//3001
f 3073//3073 3074//3074 3001//3001
f 3075//3075 3003//3003 3002//3002
f 3074//3074 3075//3075 3002//3002
f 3076//3076 3004//3004 3003//3003
f 3075//3075 3076//3076 3003//3003
f 3077//3077 3005//3005 3004//3004
f 3076//3076 3077//3077 3004//3004
f 3078//3078 3006//3006 3005//3005
f 3077//3077 3078//3078 3005//3005
f 3079//3079 3007//3007 3006//3006
f 3078//3078 3079//3079 3006//3006
f 3080//3080 3008//3008 3007//3007
f 3079//3079 3080//3080 3007//3007
f 3081//3081 3009//3009 3008//3008
f 3080//3080 3081//3081 3008//3008
f 3082//3082 3010//3010 3009//3009
f 3081//3081 3082//3082 3009//3009
f 3083//3083 3011//3011 3010//3010
f 3082//3082 3083//3083 3010//3010
f 3084//3084 3012//3012 3011//3011
f 3083//3083 3084//3084 3011//3011
f 3085//3085 3013//3013 3012//3012
f 3084//3084 3085//3085 3012//3012
f 3086//3086 3014//3014 3013//3013
f 3085//3085 3086//3086 3013//3013
f 3087//3087 3015//3015 3014//3014
f 3086//3086 3087//3087 3014//3014
f 3088//3088 3016//3016 3015//3015
f 3087//3087 3088//3088 3015//3015
f 3089//3089 3017//3017 3016//3016
f 3088//3088 3089//3089 3016//3016
f 3090//3090 3018//3018 3017//3017
f 3089//3089 3090//3090 3017//3017
f 3091//3091 3019//3019 3018//3018
f 3090//3090 3091//3091 3018//3018
f 3092//3092 3020//3020 3019//3019
f 3091//3091 3092//3092 3019//3019
f 3093//3093 3021//3021 3020//3020
f 3092//3092 3093//3093 3020//3020
f 3094//3094 3022//3022 3021//3021
f 3093//3093 3094//3094 3021//3021
f 3095//3095 3023//3023 3022//3022
f 3094//3094 3095//3095 3022//3022
f 3096//3096 3024//3024 3023//3023
f 3095//3095 3096//3096 3023//3023
f 3025//3025 2953//2953 3024//3024
f 3096//3096 3025//3025 3024//3024
f 3098//3098 3026//3026 3025//3025
f 3097//3097 3098//3098 3025//3025
f 3099//3099 3027//3027 3026//3026
f 3098//3098 3099//3099 3026//3026
f 3100//3100 3028//3028 3027//3027
f 3099//3099 3100//3100 3027//3027
f 3101//3101 3029//3029 3028//3028
f 3100//3100 3101//3101 3028//3028
f 3102//3102 3030//3030 3029//3029
f 3101//3101 3102//3102 3029//3029
f 3103//3103 3031//3031 3030//3030
f 3102//3102 3103//3103 3030//3030
f 3104//3104 3032//3032 3031//3031
f 3103//3103 3104//3104 3031//3031
f 3105//3105 3033//3033 3032//3032
f 3104//3104 3105//3105 3032//3032
f 3106//3106 3034//3034 3033//3033
f 3105//3105 3106//3106 3033//3033
f 3107//3107 3035//3035 3034//3034
f 3106//3106 3107//3107 3034//3034
f 3108//3108 3036//3036 3035//3035
f 3107//3107 3108//3108 3035//3035
f 3109//3109 3037//3037 3036//3036
f 3108//3108 3109//3109 3036//3036
f 3110//3110 3038//3038 3037//3037
f 3109//3109 3110//3110 3037//3037
f 3111//3111 3039//3039 3038//3038
f 3110//3110 3111//3111 3038//3038
f 3112//3112 3040//3040 3039//3039
f 3111//3111 3112//3112 3039//3039
f 3113//3113 3041//3041 3040//3040
f 3112//3112 3113//3113 3040//3040
f 3114//3114 3042//3042 3041//3041
f 3113//3113 3114//3114 3041//3041
f 3115//3115 3043//3043 3042//3042
f 3114//3114 3115//3115 3042//3042
f 3116//3116 3044//3044 3043//3043
f 3115//3115 3116//3116 3043//3043
f 3117//3117 3045//3045 3044//3044
f 3116//3116 3117//3117 3044//3044
f 3118//3118 3046//3046 3045//3045
f 3117//3117 3118//3118 3045//3045
f 3119//3119 3047//3047 3046//3046
f 3118//3118 3119//3119 3046//3046
f 3120//3120 3048//3048 3047//3047
f 3119//3119 3120//3120 3047//3047
f 3121//3121 3049//3049 3048//3048
f 3120//3120 3121//3121 3048//3048
f 3122//3122 3050//3050 3049//3049
f 3121//3121 3122//3122 3049//3049
f 3123//3123 3051//3051 3050//3050
f 3122//3122 3123//3123 3050//3050
f 3124//3124 3052//3052 3051//3051
f 3123//3123 3124//3124 3051//3051
f 3125//3125 3053//3053 3052//3052
f 3124//3124 3125//3125 3052//3052
f 3126//3126 3054//3054 3053//3053
f 3125//3125 3126//3126 3053//3053
f 3127//3127 3055//3055 3054//3054
f 3126//3126 3127//3127 3054//3054
f 3128//3128 3056//3056 3055//3055
f 3127//3127 3128//3128 3055//3055
f 3129//3129 3057//3057 3056//3056
f 3128//3128 3129//3129 3056//3056
f 3130//3130 3058//3058 3057//3057
f 3129//3129 3130//3130 3057//3057
f 3131//3131 3059//3059 3058//3058
f 3130//3130 3131//3131 3058//3058
f 3132//3132 3060//3060 3059//3059
f 3131//3131 3132//3132 3059//3059
f 3133//3133 3061//3061 3060//3060
f 3132//3132 3133//3133 3060//3060
f 3134//3134 3062//3062 3061//3061
f 3133//3133 3134//3134 3061//3061
f 3135//3135 3063//3063 3062//3062
f 3134//3134 3135//3135 3062//3062
f 3136//3136 3064//3064 3063//3063
f 3135//3135 3136//3136 3063//3063
f 3137//3137 3065//3065 3064//3064
f 3136//3136 3137//3137 3064//3064
f 3138//3138 3066//3066 3065//3065
f 3137//3137 3138//3138 3065//3065
f 3139//3139 3067//3067 3066//3066
f 3138//3138 3139//3139 3066//3066
f 3140//3140 3068//3068 3067//3067
f 3139//3139 3140//3140 3067//3067
f 3141//3141 3069//3069 3068//3068
f 3140//3140 3141//3141 3068//3068
f 3142//3142 3070//3070 3069//3069
f 3141//3141 3142//3142 3069//3069
f 3143//3143 3071//3071 3070//3070
f 3142//3142 3143//3143 3070//3070
f 3144//3144 3072//3072 3071//3071
f 3143//3143 3144//3144 3071//3071
f 3145//3145 3073//3073 3072//3072
f 3144//3144 3145//3145 3072//3072
f 3146//3146 3074//3074 3073//3073
f 3145//3145 3146//3146 3073//3073
f 3147//3147 3075//3075 3074//3074
f 3146//3146 3147//3147 3074//3074
f 3148//3148 3076//3076 3075//3075
f 3147//3147 3148//3148 3075//3075
f 3149//3149 3077//3077 3076//3076
f 3148//3148 3149//3149 3076//3076
f 3150//3150 3078//3078 3077//3077
f 3149//3149 3150//3150 3077//3077
f 3151//3151 3079//3079 3078//3078
f 3150//3150 3151//3151 3078//3078
f 3152//3152 3080//3080 3079//3079
f 3151//3151 3152//3152 3079//3079
f 3153//3153 3081//3081 3080//3080
f 3152//3152 3153//3153 3080//3080
f 3154//3154 3082//3082 3081//3081
f 3153//3153 3154//3154 3081//3081
f 3155//3155 3083//3083 3082//3082
f 3154//3154 3155//3155 3082//3082
f 3156//3156 3084//3084 3083//3083
f 3155//3155 3156//3156 3083//3083
f 3157//3157 3085//3085 3084//3084
f 3156//3156 3157//3157 3084//3084
f 3158//3158 3086//3086 3085//3085
f 3157//3157 3158//3158 3085//3085
f 3159//3159 3087//3087 3086//3086
f 3158//3158 3159//3159 3086//3086
f 3160//3160 3088//3088 3087//3087
f 3159//3159 3160//3160 3087//3087
f 3161//3161 3089//3089 3088//3088
f 3160//3160 3161//3161 3088//3088
f 3162//3162 3090//3090 3089//3089
f 3161//3161 3162//3162 3089//3089
f 3163//3163 3091//3091 3090//3090
f 3162//3162 3163//3163 3090//3090
f 3164//3164 3092//3092 3091//3091
f 3163//3163 3164//3164 3091//3091
f 3165//3165 3093//3093 3092//3092
f 3164//3164 3165//3165 3092//3092
f 3166//3166 3094//3094 3093//3093
f 3165//3165 3166//3166 3093//3093
f 3167//3167 3095//3095 3094//3094
f 3166//3166 3167//3167 3094//3094
f 3168//3168 3096//3096 3095//3095
f 3167//3167 3168//3168 3095//3095
f 3097//3097 3025//3025 3096//3096
f 3168//3168 3097//3097 3096//3096
f 3170//3170 3098//3098 3097//3097
f 3169//3169 3170//3170 3097//3097
f 3171//3171 3099//3099 3098//3098
f 3170//3170 3171//3171 3098//3098
f 3172//3172 3100//3100 3099//3099
f 3171//3171 3172//3172 3099//3099
f 3173//3173 3101//3101 3100//3100
f 3172//3172 3173//3173 3100//3100
f 3174//3174 3102//3102 3101//3101
f 3173//3173 3174//3174 3101//3101
f 3175//3175 3103//3103 3102//3102
f 3174//3174 3175//3175 3102//3102
f 3176//3176 3104//3104 3103//3103
f 3175//3175 3176//3176 3103//3103
f 3177//3177 3105//3105 3104//3104
f 3176//3176 3177//3177 3104//3104
f 3178//3178 3106//3106 3105//3105
f 3177//3177 3178//3178 3105//3105
f 3179//3179 3107//3107 3106//3106
f 3178//3178 3179//3179 3106//3106
f 3180//3180 3108//3108 3107//3107
f 3179//3179 3180//3180 3107//3107
f 3181//3181 3109//3109 3108//3108
f 3180//3180 3181//3181 3108//3108
f 3182//3182 3110//3110 3109//3109
f 3181//3181 3182//3182 3109//3109
f 3183//3183 3111//3111 3110//3110
f 3182//3182 3183//3183 3110//3110
f 3184//3184 3112//3112 3111//3111
f 3183//3183 3184//3184 3111//3111
f 3185//3185 3113//3113 3112//3112
f 3184//3184 3185//3185 3112//3112
f 3186//3186 3114//3114 3113//3113
f 3185//3185 3186//3186 3113//3113
f 3187//3187 3115//3115 3114//3114
f 3186//3186 3187//3187 3114//3114
f 3188//3188 3116//3116 3115//3115
f 3187//3187 3188//3188 3115//3115
f 3189//3189 3117//3117 3116//3116
f 3188//3188 3189//3189 3116//3116
f 3190//3190 3118//3118 3117//3117
f 3189//3189 3190//3190 3117//3117
f 3191//3191 3119//3119 3118//3118
f 3190//3190 3191//3191 3118//3118
f 3192//3192 3120//3120 3119//3119
f 3191//3191 3192//3192 3119//3119
f 3193//3193 3121//3121 3120//3120
f 3192//3192 3193//3193 3120//3120
f 3194//3194 3122//3122 3121//3121
f 3193//3193 3194//3194 3121//3121
f 3195//3195 3123//3123 3122//3122
f 3194//3194 3195//3195 3122//3122
f 3196//3196 3124//3124 3123//3123
f 3195//3195 3196//3196 3123//3123
f 3197//3197 3125//3125 3124//3124
f 3196//3196 3197//3197 3124//3124
f 3198//3198 3126//3126 3125//3125
f 3197//3197 3198//3198 3125//3125
f 3199//3199 3127//3127 3126//3126
f 3198//3198 3199//3199 3126//3126
f 3200//3200 3128//3128 3127//3127
f 3199//3199 3200//3200 3127//3127
f 3201//3201 3129//3129 3128//3128
f 3200//3200 3201//3201 3128//3128
f 3202//3202 3130//3130 3129//3129
f 3201//3201 3202//3202 3129//3129
f 3203//3203 3131//3131 3130//3130
f 3202//3202 3203//3203 3130//3130
f 3204//3204 3132//3132 3131//3131
f 3203//3203 3204//3204 3131//3131
f 3205//3205 3133//3133 3132//3132
f 3204//3204 3205//3205 3132//3132
f 3206//3206 3134//3134 3133//3133
f 3205//3205 3206//3206 3133//3133
f 3207//3207 3135//3135 3134//3134
f 3206//3206 3207//3207 3134//3134
f 3208//3208 3136//3136 3135//3135
f 3207//3207 3208//3208 3135//3135
f 3209//3209 3137//3137 3136//3136
f 3208//3208 3209//3209 3136//3136
f 3210//3210 3138//3138 3137//3137
f 3209//3209 3210//3210 3137//3137
f 3211//3211 3139//3139 3138//3138
f 3210//3210 3211//3211 3138//3138
f 3212//3212 3140//3140 3139//3139
f 3211//3211 3212//3212 3139//3139
f 3213//3213 3141//3141 3140//3140
f 3212//3212 3213//3213 3140//3140
f 3214//3214 3142//3142 3141//3141
f 3213//3213 3214//3214 3141//3141
f 3215//3215 3143//3143 3142//3142
f 3214//3214 3215//3215 3142//3142
f 3216//3216 3144//3144 3143//3143
f 3215//3215 3216//3216 3143//3143
f 3217//3217 3145//3145 3144//3144
f 3216//3216 3217//3217 3144//3144
f 3218//3218 3146//3146 3145//3145
f 3217//3217 3218//3218 3145//3145
f 3219//3219 3147//3147 3146//3146
f 3218//3218 3219//3219 3146//3146
f 3220//3220 3148//3148 3147//3147
f 3219//3219 3220//3220 3147//3147
f 3221//3221 3149//3149 3148//3148
f 3220//3220 3221//3221 3148//3148
f 3222//3222 3150//3150 3149//3149
f 3221//3221 3222//3222 3149//3149
f 3223//3223 3151//3151 3150//3150
f 3222//3222 3223//3223 3150//3150
f 3224//3224 3152//3152 3151//3151
f 3223//3223 3224//3224 3151//3151
f 3225//3225 3153//3153 3152//3152
f 3224//3224 3225//3225 3152//3152
f 3226//3226 3154//3154 3153//3153
f 3225//3225 3226//3226 3153//3153
f 3227//3227 3155//3155 3154//3154
f 3226//3226 3227//3227 3154//3154
f 3228//3228 3156//3156 3155//3155
f 3227//3227 3228//3228 3155//3155
f 3229//3229 3157//3157 3156//3156
f 3228//3228 3229//3229 3156//3156
f 3230//3230 3158//3158 3157//3157
f 3229//3229 3230//3230 3157//3157
f 3231//3231 3159//3159 3158//3158
f 3230//3230 3231//3231 3158//3158
f 3232//3232 3160//3160 3159//3159
f 3231//3231 3232//3232 3159//3159
f 3233//3233 3161//3161 3160//3160
f 3232//3232 3233//3233 3160//3160
f 3234//3234 3162//3162 3161//3161
f 3233//3233 3234//3234 3161//3161
f 3235//3235 3163//3163 3162//3162
f 3234//3234 3235//3235 3162//3162
f 3236//3236 3164//3164 3163//3163
f 3235//3235 3236//3236 3163//3163
f 3237//3237 3165//3165 3164//3164
f 3236//3236 3237//3237 3164//3164
f 3238//3238 3166//3166 3165//3165
f 3237//3237 3238//3238 3165//3165
f 3239//3239 3167//3167 3166//3166
f 3238//3238 3239//3239 3166//3166
f 3240//3240 3168//3168 3167//3167
f 3239//3239 3240//3240 3167//3167
f 3169//3169 3097//3097 3168//3168
f 3240//3240 3169//3169 3168//3168
f 3242//3242 3170//3170 3169//3169
f 3241//3241 3242//3242 3169//3169
f 3243//3243 3171//3171 3170//3170
f 3242//3242 3243//3243 3170//3170
f 3244//3244 3172//3172 3171//3171
f 3243//3243 3244//3244 3171//3171
f 3245//3245 3173//3173 3172//3172
f 3244//3244 3245//3245 3172//3172
f 3246//3246 3174//3174 3173//3173
f 3245//3245 3246//3246 3173//3173
f 3247//3247 3175//3175 3174//3174
f 3246//3246 3247//3247 3174//3174
f 3248//3248 3176//3176 3175//3175
f 3247//3247 3248//3248 3175//3175
f 3249//3249 3177//3177 3176//3176
f 3248//3248 3249//3249 3176//3176
f 3250//3250 3178//3178 3177//3177
f 3249//3249 3250//3250 3177//3177
f 3251//3251 3179//3179 3178//3178
f 3250//3250 3251//3251 3178//3178
f 3252//3252 3180//3180 3179//3179
f 3251//3251 3252//3252 3179//3179
f 3253//3253 3181//3181 3180//3180
f 3252//3252 3253//3253 3180//3180
f 3254//3254 3182//3182 3181//3181
f 3253//3253 3254//3254 3181//3181
f 3255//3255 3183//3183 3182//3182
f 3254//3254 3255//3255 3182//3182
f 3256//3256 3184//3184 3183//3183
f 3255//3255 3256//3256 3183//3183
f 3257//3257 3185//3185 3184//3184
f 3256//3256 3257//3257 3184//3184
f 3258//3258 3186//3186 3185//3185
f 3257//3257 3258//3258 3185//3185
f 3259//3259 3187//3187 3186//3186
f 3258//3258 3259//3259 3186//3186
f 3260//3260 3188//3188 3187//3187
f 3259//3259 3260//3260 3187//3187
f 3261//3261 3189//3189 3188//3188
f 3260//3260 3261//3261 3188//3188
f 3262//3262 3190//3190 3189//3189
f 3261//3261 3262//3262 3189//3189
f 3263//3263 3191//3191 3190//3190
f 3262//3262 3263//3263 3190//3190
f 3264//3264 3192//3192 3191//3191
f 3263//3263 3264//3264 3191//3191
f 3265//3265 3193//3193 3192//3192
f 3264//3264 3265//3265 3192//3192
f 3266//3266 3194//3194 3193//3193
f 3265//3265 3266//3266 3193//3193
f 3267//3267 3195//3195 3194//3194
f 3266//3266 3267//3267 3194//3194
f 3268//3268 3196//3196 3195//3195
f 3267//3267 3268//3268 3195//3195
f 3269//3269 3197//3197 3196//3196
f 3268//3268 3269//3269 3196//3196
f 3270//3270 3198//3198 3197//3197
f 3269//3269 3270//3270 3197//3197
f 3271//3271 3199//3199 3198//3198
f 3270//3270 3271//3271 3198//3198
f 3272//3272 3200//3200 3199//3199
f 3271//3271 3272//3272 3199//3199
f 3273//3273 3201//3201 3200//3200
f 3272//3272 3273//3273 3200//3200
f 3274//3274 3202//3202 3201//3201
f 3273//3273 3274//3274 3201//3201
f 3275//3275 3203//3203 3202//3202
f 3274//3274 3275//3275 3202//3202
f 3276//3276 3204//3204 3203//3203
f 3275//3275 3276//3276 3203//3203
f 3277//3277 3205//3205 3204//3204
f 3276//3276 3277//3277 3204//3204
f 3278//3278 3206//3206 3205//3205
f 3277//3277 3278//3278 3205//3205
f 3279//3279 3207//3207 3206//3206
f 3278//3278 3279//3279 3206//3206
f 3280//3280 3208//3208 3207//3207
f 3279//3279 3280//3280 3207//3207
f 3281//3281 3209//3209 3208//3208
f 3280//3280 3281//3281 3208//3208
f 3282//3282 3210//3210 3209//3209
f 3281//3281 3282//3282 3209//3209
f 3283//3283 3211//3211 3210//3210
f 3282//3282 3283//3283 3210//3210
f 3284//3284 3212//3212 3211//3211
f 3283//3283 3284//3284 3211//3211
f 3285//3285 3213//3213 3212//3212
f 3284//3284 3285//3285 3212//3212
f 3286//3286 3214//3214 3213//3213
f 3285//3285 3286//3286 3213//3213
f 3287//3287 3215//3215 3214//3214
f 3286//3286 3287//3287 3214//3214
f 3288//3288 3216//3216 3215//3215
f 3287//3287 3288//3288 3215//3215
f 3289//3289 3217//3217 3216//3216
f 3288//3288 3289//3289 3216//3216
f 3290//3290 3218//3218 3217//3217
f 3289//3289 3290//3290 3217//3217
f 3291//3291 3219//3219 3218//3218
f 3290//3290 3291//3291 3218//3218
f 3292//3292 3220//3220 3219//3219
f 3291//3291 3292//3292 3219//3219
f 3293//3293 3221//3221 3220//3220
f 3292//3292 3293//3293 3220//3220
f 3294//3294 3222//3222 3221//3221
f 3293//3293 3294//3294 3221//3221
f 3295//3295 3223//3223 3222//3222
f 3294//3294 3295//3295 3222//3222
f 3296//3296 3224//3224 3223//3223
f 3295//3295 3296//3296 3223//3223
f 3297//3297 3225//3225 3224//3224
f 3296//3296 3297//3297 3224//3224
f 3298//3298 3226//3226 3225//3225
f 3297//3297 3298//3298 3225//3225
f 3299//3299 3227//3227 3226//3226
f 3298//3298 3299//3299 3226//3226
f 3300//3300 3228//3228 3227//3227
f 3299//3299 3300//3300 3227//3227
f 3301//3301 3229//3229 3228//3228
f 3300//3300 3301//3301 3228//3228
f 3302//3302 3230//3230 3229//3229
f 3301//3301 3302//3302 3229//3229
f 3303//3303 3231//3231 3230//3230
f 3302//3302 3303//3303 3230//3230
f 3304//3304 3232//3232 3231//3231
f 3303//3303 3304//3304 3231//3231
f 3305//3305 3233//3233 3232//3232
f 3304//3304 3305//3305 3232//3232
f 3306//3306 3234//3234 3233//3233
f 3305//3305 3306//3306 3233//3233
f 3307//3307 3235//3235 3234//3234
f 3306//3306 3307//3307 3234//3234
f 3308//3308 3236//3236 3235//3235
f 3307//3307 3308//3308 3235//3235
f 3309//3309 3237//3237 3236//3236
f 3308//3308 3309//3309 3236//3236
f 3310//3310 3238//3238 3237//3237
f 3309//3309 3310//3310 3237//3237
f 3311//3311 3239//3239 3238//3238
f 3310//3310 3311//3311 3238//3238
f 3312//3312 3240//3240 3239//3239
f 3311//3311 3312//3312 3239//3239
f 3241//3241 3169//3169 3240//3240
f 3312//3312 3241//3241 3240//3240
f 3314//3314 3242//3242 3241//3241
f 3313//3313 3314//3314 3241//3241
f 3315//3315 3243//3243 3242//3242
f 3314//3314 3315//3315 3242//3242
f 3316//3316 3244//3244 3243//3243
f 3315//3315 3316//3316 3243//3243
f 3317//3317 3245//3245 3244//3244
f 3316//3316 3317//3317 3244//3244
f 3318//3318 3246//3246 3245//3245
f 3317//3317 3318//3318 3245//3245
f 3319//3319 3247//3247 3246//3246
f 3318//3318 3319//3319 3246//3246
f 3320//3320 3248//3248 3247//3247
f 3319//3319 3320//3320 3247//3247
f 3321//3321 3249//3249 3248//3248
f 3320//3320 3321//3321 3248//3248
f 3322//3322 3250//3250 3249//3249
f 3321//3321 3322//3322 3249//3249
f 3323//3323 3251//3251 3250//3250
f 3322//3322 3323//3323 3250//3250
f 3324//3324 3252//3252 3251//3251
f 3323//3323 3324//3324 3251//3251
f 3325//3325 3253//3253 3252//3252
f 3324//3324 3325//3325 3252//3252
f 3326//3326 3254//3254 3253//3253
f 3325//3325 3326//3326 3253//3253
f 3327//3327 3255//3255 3254//3254
f 3326//3326 3327//3327 3254//3254
f 3328//3328 3256//3256 3255//3255
f 3327//3327 3328//3328 3255//3255
f 3329//3329 3257//3257 3256//3256
f 3328//3328 3329//3329 3256//3256
f 3330//3330 3258//3258 3257//3257
f 3329//3329 3330//3330 3257//3257
f 3331//3331 3259//3259 3258//3258
f 3330//3330 3331//3331 3258//3258
f 3332//3332 3260//3260 3259//3259
f 3331//3331 3332//3332 3259//3259
f 3333//3333 3261//3261 3260//3260
f 3332//3332 3333//3333 3260//3260
f 3334//3334 3262//3262 3261//3261
f 3333//3333 3334//3334 3261//3261
f 3335//3335 3263//3263 3262//3262
f 3334//3334 3335//3335 3262//3262
f 3336//3336 3264//3264 3263//3263
f 3335//3335 3336//3336 3263//3263
f 3337//3337 3265//3265 3264//3264
f 3336//3336 3337//3337 3264//3264
f 3338//3338 3266//3266 3265//3265
f 3337//3337 3338//3338 3265//3265
f 3339//3339 3267//3267 3266//3266
f 3338//3338 3339//3339 3266//3266
f 3340//3340 3268//3268 3267//3267
f 3339//3339 3340//3340 3267//3267
f 3341//3341 3269//3269 3268//3268
f 3340//3340 3341//3341 3268//3268
f 3342//3342 3270//3270 3269//3269
f 3341//3341 3342//3342 3269//3269
f 3343//3343 3271//3271 3270//3270
f 3342//3342 3343//3343 3270//3270
f 3344//3344 3272//3272 3271//3271
f 3343//3343 3344//3344 3271//3271
f 3345//3345 3273//3273 3272//3272
f 3344//3344 3345//3345 3272//3272
f 3346//3346 3274//3274 3273//3273
f 3345//3345 3346//3346 3273//3273
f 3347//3347 3275//3275 3274//3274
f 3346//3346 3347//3347 3274//3274
f 3348//3348 3276//3276 3275//3275
f 3347//3347 3348//3348 3275//3275
f 3349//3349 3277//3277 3276//3276
f 3348//3348 3349//3349 3276//3276
f 3350//3350 3278//3278 3277//3277
f 3349//3349 3350//3350 3277//3277
f 3351//3351 3279//3279 3278//3278
f 3350//3350 3351//3351 3278//3278
f 3352//3352 3280//3280 3279//3279
f 3351//3351 3352//3352 3279//3279
f 3353//3353 3281//3281 3280//3280
f 3352//3352 3353//3353 3280//3280
f 3354//3354 3282//3282 3281//3281
f 3353//3353 3354//3354 3281//3281
f 3355//3355 3283//3283 3282//3282
f 3354//3354 3355//3355 3282//3282
f 3356//3356 3284//3284 3283//3283
f 3355//3355 3356//3356 3283//3283
f 3357//3357 3285//3285 3284//3284
f 3356//3356 3357//3357 3284//3284
f 3358//3358 3286//3286 3285//3285
f 3357//3357 3358//3358 3285//3285
f 3359//3359 3287//3287 3286//3286
f 3358//3358 3359//3359 3286//3286
f 3360//3360 3288//3288 3287//3287
f 3359//3359 3360//3360 3287//3287
f 3361//3361 3289//3289 3288//3288
f 3360//3360 3361//3361 3288//3288
f 3362//3362 3290//3290 3289//3289
f 3361//3361 3362//3362 3289//3289
f 3363//3363 3291//3291 3290//3290
f 3362//3362 3363//3363 3290//3290
f 3364//3364 3292//3292 3291//3291
f 3363//3363 3364//3364 3291//3291
f 3365//3365 3293//3293 3292//3292
f 3364//3364 3365//3365 3292//3292
f 3366//3366 3294//3294 3293//3293
f 3365//3365 3366//3366 3293//3293
f 3367//3367 3295//3295 3294//3294
f 3366//3366 3367//3367 3294//3294
f 3368//3368 3296//3296 3295//3295
f 3367//3367 3368//3368 3295//3295
f 3369//3369 3297//3297 3296//3296
f 3368//3368 3369//3369 3296//3296
f 3370//3370 3298//3298 3297//3297
f 3369//3369 3370//3370 3297//3297
f 3371//3371 3299//3299 3298//3298
f 3370//3370 3371//3371 3298//3298
f 3372//3372 3300//3300 3299//3299
f 3371//3371 3372//3372 3299//3299
f 3373//3373 3301//3301 3300//3300
f 3372//3372 3373//3373 3300//3300
f 3374//3374 3302//3302 3301//3301
f 3373//3373 3374//3374 3301//3301
f 3375//3375 3303//3303 3302//3302
f 3374//3374 3375//3375 3302//3302
f 3376//3376 3304//3304 3303//3303
f 3375//3375 3376//3376 3303//3303
f 3377//3377 3305//3305 3304//3304
f 3376//3376 3377//3377 3304//3304
f 3378//3378 3306//3306 3305//3305
f 3377//3377 3378//3378 3305//3305
f 3379//3379 3307//3307 3306//3306
f 3378//3378 3379//3379 3306//3306
f 3380//3380 3308//3308 3307//3307
f 3379//3379 3380//3380 3307//3307
f 3381//3381 3309//3309 3308//3308
f 3380//3380 3381//3381 3308//3308
f 3382//3382 3310//3310 3309//3309
f 3381//3381 3382//3382 3309//3309
f 3383//3383 3311//3311 3310//3310
f 3382//3382 3383//3383 3310//3310
f 3384//3384 3312//3312 3311//3311
f 3383//3383 3384//3384 3311//3311
f 3313//3313 3241//3241 3312//3312
f 3384//3384 3313//3313 3312//3312
f 3386//3386 3314//3314 3313//3313
f 3385//3385 3386//3386 3313//3313
f 3387//3387 3315//3315 3314//3314
f 3386//3386 3387//3387 3314//3314
f 3388//3388 3316//3316 3315//3315
f 3387//3387 3388//3388 3315//3315
f 3389//3389 3317//3317 3316//3316
f 3388//3388 3389//3389 3316//3316
f 3390//3390 3318//3318 3317//3317
f 3389//3389 3390//3390 3317//3317
f 3391//3391 3319//3319 3318//3318
f 3390//3390 3391//3391 3318//3318
f 3392//3392 3320//3320 3319//3319
f 3391//3391 3392//3392 3319//3319
f 3393//3393 3321//3321 3320//3320
f 3392//3392 3393//3393 3320//3320
f 3394//3394 3322//3322 3321//3321
f 3393//3393 3394//3394 3321//3321
f 3395//3395 3323//3323 3322//3322
f 3394//3394 3395//3395 3322//3322
f 3396//3396 3324//3324 3323//3323
f 3395//3395 3396//3396 3323//3323
f 3397//3397 3325//3325 3324//3324
f 3396//3396 3397//3397 3324//3324
f 3398//3398 3326//3326 3325//3325
f 3397//3397 3398//3398 3325//3325
f 3399//3399 3327//3327 3326//3326
f 3398//3398 3399//3399 3326//3326
f 3400//3400 3328//3328 3327//3327
f 3399//3399 3400//3400 3327//3327
f 3401//3401 3329//3329 3328//3328
f 3400//3400 3401//3401 3328//3328
f 3402//3402 3330//3330 3329//3329
f 3401//3401 3402//3402 3329//3329
f 3403//3403 3331//3331 3330//3330
f 3402//3402 3403//3403 3330//3330
f 3404//3404 3332//3332 3331//3331
f 3403//3403 3404//3404 3331//3331
f 3405//3405 3333//3333 3332//3332
f 3404//3404 3405//3405 3332//3332
f 3406//3406 3334//3334 3333//3333
f 3405//3405 3406//3406 3333//3333
f 3407//3407 3335//3335 3334//3334
f 3406//3406 3407//3407 3334//3334
f 3408//3408 3336//3336 3335//3335
f 3407//3407 3408//3408 3335//3335
f 3409//3409 3337//3337 3336//3336
f 3408//3408 3409//3409 3336//3336
f 3410//3410 3338//3338 3337//3337
f 3409//3409 3410//3410 3337//3337
f 3411//3411 3339//3339 3338//3338
f 3410//3410 3411//3411 3338//3338
f 3412//3412 3340//3340 3339//3339
f 3411//3411 3412//3412 3339//3339
f 3413//3413 3341//3341 3340//3340
f 3412//3412 3413//3413 3340//3340
f 3414//3414 3342//3342 3341//3341
f 3413//3413 3414//3414 3341//3341
f 3415//3415 3343//3343 3342//3342
f 3414//3414 3415//3415 3342//3342
f 3416//3416 3344//3344 3343//3343
f 3415//3415 3416//3416 3343//3343
f 3417//3417 3345//3345 3344//3344
f 3416//3416 3417//3417 3344//3344
f 3418//3418 3346//3346 3345//3345
f 3417//3417 3418//3418 3345//3345
f 3419//3419 3347//3347 3346//3346
f 3418//3418 3419//3419 3346//3346
f 3420//3420 3348//3348 3347//3347
f 3419//3419 3420//3420 3347//3347
f 3421//3421 3349//3349 3348//3348
f 3420//3420 3421//3421 3348//3348
f 3422//3422 3350//3350 3349//3349
f 3421//3421 3422//3422 3349//3349
f 3423//3423 3351//3351 3350//3350
f 3422//3422 3423//3423 3350//3350
f 3424//3424 3352//3352 3351//3351
f 3423//3423 3424//3424 3351//3351
f 3425//3425 3353//3353 3352//3352
f 3424//3424 3425//3425 3352//3352
f 3426//3426 3354//3354 3353//3353
f 3425//3425 3426//3426 3353//3353
f 3427//3427 3355//3355 3354//3354
f 3426//3426 3427//3427 3354//3354
f 3428//3428 3356//3356 3355//3355
f 3427//3427 3428//3428 3355//3355
f 3429//3429 3357//3357 3356//3356
f 3428//3428 3429//3429 3356//3356
f 3430//3430 3358//3358 3357//3357
f 3429//3429 3430//3430 3357//3357
f 3431//3431 3359//3359 3358//3358
f 3430//3430 3431//3431 3358//3358
f 3432//3432 3360//3360 3359//3359
f 3431//3431 3432//3432 3359//3359
f 3433//3433 3361//3361 3360//3360
f 3432//3432 3433//3433 3360//3360
f 3434//3434 3362//3362 3361//3361
f 3433//3433 3434//3434 3361//3361
f 3435//3435 3363//3363 3362//3362
f 3434//3434 3435//3435 3362//3362
f 3436//3436 3364//3364 3363//3363
f 3435//3435 3436//3436 3363//3363
f 3437//3437 3365//3365 3364//3364
f 3436//3436 3437//3437 3364//3364
f 3438//3438 3366//3366 3365//3365
f 3437//3437 3438//3438 3365//3365
f 3439//3439 3367//3367 3366//3366
f 3438//3438 3439//3439 3366//3366
f 3440//3440 3368//3368 3367//3367
f 3439//3439 3440//3440 3367//3367
f 3441//3441 3369//3369 3368//3368
f 3440//3440 3441//3441 3368//3368
f 3442//3442 3370//3370 3369//3369
f 3441//3441 3442//3442 3369//3369
f 3443//3443 3371//3371 3370//3370
f 3442//3442 3443//3443 3370//3370
f 3444//3444 3372//3372 3371//3371
f 3443//3443 3444//3444 3371//3371
f 3445//3445 3373//3373 3372//3372
f 3444//3444 3445//3445 3372//3372
f 3446//3446 3374//3374 3373//3373
f 3445//3445 3446//3446 3373//3373
f 3447//3447 3375//3375 3374//3374
f 3446//3446 3447//3447 3374//3374
f 3448//3448 3376//3376 3375//3375
f 3447//3447 3448//3448 3375//3375
f 3449//3449 3377//3377 3376//3376
f 3448//3448 3449//3449 3376//3376
f 3450//3450 3378//3378 3377//3377
f 3449//3449 3450//3450 3377//3377
f 3451//3451 3379//3379 3378//3378
f 3450//3450 3451//3451 3378//3378
f 3452//3452 3380//3380 3379//3379
f 3451//3451 3452//3452 3379//3379
f 3453//3453 3381//3381 3380//3380
f 3452//3452 3453//3453 3380//3380
f 3454//3454 3382//3382 3381//3381
f 3453//3453 3454//3454 3381//3381
f 3455//3455 3383//3383 3382//3382
f 3454//3454 3455//3455 3382//3382
f 3456//3456 3384//3384 3383//3383
f 3455//3455 3456//3456 3383//3383
f 3385//3385 3313//3313 3384//3384
f 3456//3456 3385//3385 3384//3384
f 3458//3458 3386//3386 3385//3385
f 3457//3457 3458//3458 3385//3385
f 3459//3459 3387//3387 3386//3386
f 3458//3458 3459//3459 3386//3386
f 3460//3460 3388//3388 3387//3387
f 3459//3459 3460//3460 3387//3387
f 3461//3461 3389//3389 3388//3388
f 3460//3460 3461//3461 3388//3388
f 3462//3462 3390//3390 3389//3389
f 3461//3461 3462//3462 3389//3389
f 3463//3463 3391//3391 3390//3390
f 3462//3462 3463//3463 3390//3390
f 3464//3464 3392//3392 3391//3391
f 3463//3463 3464//3464 3391//3391
f 3465//3465 3393//3393 3392//3392
f 3464//3464 3465//3465 3392//3392
f 3466//3466 3394//3394 3393//3393
f 3465//3465 3466//3466 3393//3393
f 3467//3467 3395//3395 3394//3394
f 3466//3466 3467//3467 3394//3394
f 3468//3468 3396//3396 3395//3395
f 3467//3467 3468//3468 3395//3395
f 3469//3469 3397//3397 3396//3396
f 3468//3468 3469//3469 3396//3396
f 3470//3470 3398//3398 3397//3397
f 3469//3469 3470//3470 3397//3397
f 3471//3471 3399//3399 3398//3398
f 3470//3470 3471//3471 3398//3398
f 3472//3472 3400//3400 3399//3399
f 3471//3471 3472//3472 3399//3399
f 3473//3473 3401//3401 3400//3400
f 3472//3472 3473//3473 3400//3400
f 3474//3474 3402//3402 3401//3401
f 3473//3473 3474//3474 3401//3401
f 3475//3475 3403//3403 3402//3402
f 3474//3474 3475//3475 3402//3402
f 3476//3476 3404//3404 3403//3403
f 3475//3475 3476//3476 3403//3403
f 3477//3477 3405//3405 3404//3404
f 3476//3476 3477//3477 3404//3404
f 3478//3478 3406//3406 3405//3405
f 3477//3477 3478//3478 3405//3405
f 3479//3479 3407//3407 3406//3406
f 3478//3478 3479//3479 3406//3406
f 3480//3480 3408//3408 3407//3407
f 3479//3479 3480//3480 3407//3407
f 3481//3481 3409//3409 3408//3408
f 3480//3480 3481//3481 3408//3408
f 3482//3482 3410//3410 3409//3409
f 3481//3481 3482//3482 3409//3409
f 3483//3483 3411//3411 3410//3410
f 3482//3482 3483//3483 3410//3410
f 3484//3484 3412//3412 3411//3411
f 3483//3483 3484//3484 3411//3411
f 3485//3485 3413//3413 3412//3412
f 3484//3484 3485//3485 3412//3412
f 3486//3486 3414//3414 3413//3413
f 3485//3485 3486//3486 3413//3413
f 3487//3487 3415//3415 3414//3414
f 3486//3486 3487//3487 3414//3414
f 3488//3488 3416//3416 3415//3415
f 3487//3487 3488//3488 3415//3415
f 3489//3489 3417//3417 3416//3416
f 3488//3488 3489//3489 3416//3416
f 3490//3490 3418//3418 3417//3417
f 3489//3489 3490//3490 3417//3417
f 3491//3491 3419//3419 3418//3418
f 3490//3490 3491//3491 3418//3418
f 3492//3492 3420//3420 3419//3419
f 3491//3491 3492//3492 3419//3419
f 3493//3493 3421//3421 3420//3420
f 3492//3492 3493//3493 3420//3420
f 3494//3494 3422//3422 3421//3421
f 3493//3493 3494//3494 3421//3421
f 3495//3495 3423//3423 3422//3422
f 3494//3494 3495//3495 3422//3422
f 3496//3496 3424//3424 3423//3423
f 3495//3495 3496//3496 3423//3423
f 3497//3497 3425//3425 3424//3424
f 3496//3496 3497//3497 3424//3424
f 3498//3498 3426//3426 3425//3425
f 3497//3497 3498//3498 3425//3425
f 3499//3499 3427//3427 3426//3426
f 3498//3498 3499//3499 3426//3426
f 3500//3500 3428//3428 3427//3427
f 3499//3499 3500//3500 3427//3427
f 3501//3501 3429//3429 3428//3428
f 3500//3500 3501//3501 3428//3428
f 3502//3502 3430//3430 3429//3429
f 3501//3501 3502//3502 3429//3429
f 3503//3503 3431//3431 3430//3430
f 3502//3502 3503//3503 3430//3430
f 3504//3504 3432//3432 3431//3431
f 3503//3503 3504//3504 3431//3431
f 3505//3505 3433//3433 3432//3432
f 3504//3504 3505//3505 3432//3432
f 3506//3506 3434//3434 3433//3433
f 3505//3505 3506//3506 3433//3433
f 3507//3507 3435//3435 3434//3434
f 3506//3506 3507//3507 3434//3434
f 3508//3508 3436//3436 3435//3435
f 3507//3507 3508//3508 3435//3435
f 3509//3509 3437//3437 3436//3436
f 3508//3508 3509//3509 3436//3436
f 3510//3510 3438//3438 3437//3437
f 3509//3509 3510//3510 3437//3437
f 3511//3511 3439//3439 3438//3438
f 3510//3510 3511//3511 3438//3438
f 3512//3512 3440//3440 3439//3439
f 3511//3511 3512//3512 3439//3439
f 3513//3513 3441//3441 3440//3440
f 3512//3512 3513//3513 3440//3440
f 3514//3514 3442//3442 3441//3441
f 3513//3513 3514//3514 3441//3441
f 3515//3515 3443//3443 3442//3442
f 3514//3514 3515//3515 3442//3442
f 3516//3516 3444//3444 3443//3443
f 3515//3515 3516//3516 3443//3443
f 3517//3517 3445//3445 3444//3444
f 3516//3516 3517//3517 3444//3444
f 3518//3518 3446//3446 3445//3445
f 3517//3517 3518//3518 3445//3445
f 3519//3519 3447//3447 3446//3446
f 3518//3518 3519//3519 3446//3446
f 3520//3520 3448//3448 3447//3447
f 3519//3519 3520//3520 3447//3447
f 3521//3521 3449//3449 3448//3448
f 3520//3520 3521//3521 3448//3448
f 3522//3522 3450//3450 3449//3449
f 3521//3521 3522//3522 3449//3449
f 3523//3523 3451//3451 3450//3450
f 3522//3522 3523//3523 3450//3450
f 3524//3524 3452//3452 3451//3451
f 3523//3523 3524//3524 3451//3451
f 3525//3525 3453//3453 3452//3452
f 3524//3524 3525//3525 3452//3452
f 3526//3526 3454//3454 3453//3453
f 3525//3525 3526//3526 3453//3453
f 3527//3527 3455//3455 3454//3454
f 3526//3526 3527//3527 3454//3454
f 3528//3528 3456//3456 3455//3455
f 3527//3527 3528//3528 3455//3455
f 3457//3457 3385//3385 3456//3456
f 3528//3528 3457//3457 3456//3456
f 3530//3530 3458//3458 3457//3457
f 3529//3529 3530//3530 3457//3457
f 3531//3531 3459//3459 3458//3458
f 3530//3530 3531//3531 3458//3458
f 3532//3532 3460//3460 3459//3459
f 3531//3531 3532//3532 3459//3459
f 3533//3533 3461//3461 3460//3460
f 3532//3532 3533//3533 3460//3460
f 3534//3534 3462//3462 3461//3461
f 3533//3533 3534//3534 3461//3461
f 3535//3535 3463//3463 3462//3462
f 3534//3534 3535//3535 3462//3462
f 3536//3536 3464//3464 3463//3463
f 3535//3535 3536//3536 3463//3463
f 3537//3537 3465//3465 3464//3464
f 3536//3536 3537//3537 3464//3464
f 3538//3538 3466//3466 3465//3465
f 3537//3537 3538//3538 3465//3465
f 3539//3539 3467//3467 3466//3466
f 3538//3538 3539//3539 3466//3466
f 3540//3540 3468//3468 3467//3467
f 3539//3539 3540//3540 3467//3467
f 3541//3541 3469//3469 3468//3468
f 3540//3540 3541//3541 3468//3468
f 3542//3542 3470//3470 3469//3469
f 3541//3541 3542//3542 3469//3469
f 3543//3543 3471//3471 3470//3470
f 3542//3542 3543//3543 3470//3470
f 3544//3544 3472//3472 3471//3471
f 3543//3543 3544//3544 3471//3471
f 3545//3545 3473//3473 3472//3472
f 3544//3544 3545//3545 3472//3472
f 3546//3546 3474//3474 3473//3473
f 3545//3545 3546//3546 3473//3473
f 3547//3547 3475//3475 3474//3474
f 3546//3546 3547//3547 3474//3474
f 3548//3548 3476//3476 3475//3475
f 3547//3547 3548//3548 3475//3475
f 3549//3549 3477//3477 3476//3476
f 3548//3548 3549//3549 3476//3476
f 3550//3550 3478//3478 3477//3477
f 3549//3549 3550//3550 3477//3477
f 3551//3551 3479//3479 3478//3478
f 3550//3550 3551//3551 3478//3478
f 3552//3552 3480//3480 3479//3479
f 3551//3551 3552//3552 3479//3479
f 3553//3553 3481//3481 3480//3480
f 3552//3552 3553//3553 3480//3480
f 3554//3554 3482//3482 3481//3481
f 3553//3553 3554//3554 3481//3481
f 3555//3555 3483//3483 3482//3482
f 3554//3554 3555//3555 3482//3482
f 3556//3556 3484//3484 3483//3483
f 3555//3555 3556//3556 3483//3483
f 3557//3557 3485//3485 3484//3484
f 3556//3556 3557//3557 3484//3484
f 3558//3558 3486//3486 3485//3485
f 3557//3557 3558//3558 3485//3485
f 3559//3559 3487//3487 3486//3486
f 3558//3558 3559//3559 3486//3486
f 3560//3560 3488//3488 3487//3487
f 3559//3559 3560//3560 3487//3487
f 3561//3561 3489//3489 3488//3488
f 3560//3560 3561//3561 3488//3488
f 3562//3562 3490//3490 3489//3489
f 3561//3561 3562//3562 3489//3489
f 3563//3563 3491//3491 3490//3490
f 3562//3562 3563//3563 3490//3490
f 3564//3564 3492//3492 3491//3491
f 3563//3563 3564//3564 3491//3491
f 3565//3565 3493//3493 3492//3492
f 3564//3564 3565//3565 3492//3492
f 3566//3566 3494//3494 3493//3493
f 3565//3565 3566//3566 3493//3493
f 3567//3567 3495//3495 3494//3494
f 3566//3566 3567//3567 3494//3494
f 3568//3568 3496//3496 3495//3495
f 3567//3567 3568//3568 3495//3495
f 3569//3569 3497//3497 3496//3496
f 3568//3568 3569//3569 3496//3496
f 3570//3570 3498//3498 3497//3497
f 3569//3569 3570//3570 3497//3497
f 3571//3571 3499//3499 3498//3498
f 3570//3570 3571//3571 3498//3498
f 3572//3572 3500//3500 3499//3499
f 3571//3571 3572//3572 3499//3499
f 3573//3573 3501//3501 3500//3500
f 3572//3572 3573//3573 3500//3500
f 3574//3574 3502//3502 3501//3501
f 3573//3573 3574//3574 3501//3501
f 3575//3575 3503//3503 3502//3502
f 3574//3574 3575//3575 3502//3502
f 3576//3576 3504//3504 3503//3503
f 3575//3575 3576//3576 3503//3503
f 3577//3577 3505//3505 3504//3504
f 3576//3576 3577//3577 3504//3504
f 3578//3578 3506//3506 3505//3505
f 3577//3577 3578//3578 3505//3505
f 3579//3579 3507//3507 3506//3506
f 3578//3578 3579//3579 3506//3506
f 3580//3580 3508//3508 3507//3507
f 3579//3579 3580//3580 3507//3507
f 3581//3581 3509//3509 3508//3508
f 3580//3580 3581//3581 3508//3508
f 3582//3582 3510//3510 3509//3509
f 3581//3581 3582//3582 3509//3509
f 3583//3583 3511//3511 3510//3510
f 3582//3582 3583//3583 3510//3510
f 3584//3584 3512//3512 3511//3511
f 3583//3583 3584//3584 3511//3511
f 3585//3585 3513//3513 3512//3512
f 3584//3584 3585//3585 3512//3512
f 3586//3586 3514//3514 3513//3513
f 3585//3585 3586//3586 3513//3513
f 3587//3587 3515//3515 3514//3514
f 3586//3586 3587//3587 3514//3514
f 3588//3588 3516//3516 3515//3515
f 3587//3587 3588//3588 3515//3515
f 3589//3589 3517//3517 3516//3516
f 3588//3588 3589//3589 3516//3516
f 3590//3590 3518//3518 3517//3517
f 3589//3589 3590//3590 3517//3517
f 3591//3591 3519//3519 3518//3518
f 3590//3590 3591//3591 3518//3518
f 3592//3592 3520//3520 3519//3519
f 3591//3591 3592//3592 3519//3519
f 3593//3593 3521//3521 3520//3520
f 3592//3592 3593//3593 3520//3520
f 3594//3594 3522//3522 3521//3521
f 3593//3593 3594//3594 3521//3521
f 3595//3595 3523//3523 3522//3522
f 3594//3594 3595//3595 3522//3522
f 3596//3596 3524//3524 3523//3523
f 3595//3595 3596//3596 3523//3523
f 3597//3597 3525//3525 3524//3524
f 3596//3596 3597//3597 3524//3524
f 3598//3598 3526//3526 3525//3525
f 3597//3597 3598//3598 3525//3525
f 3599//3599 3527//3527 3526//3526
f 3598//3598 3599//3599 3526//3526
f 3600//3600 3528//3528 3527//3527
f 3599//3599 3600//3600 3527//3527
f 3529//3529 3457//3457 3528//3528
f 3600//3600 3529//3529 3528//3528
f 3602//3602 3530//3530 3529//3529
f 3601//3601 3602//3602 3529//3529
f 3603//3603 3531//3531 3530//3530
f 3602//3602 3603//3603 3530//3530
f 3604//3604 3532//3532 3531//3531
f 3603//3603 3604//3604 3531//3531
f 3605//3605 3533//3533 3532//3532
f 3604//3604 3605//3605 3532//3532
f 3606//3606 3534//3534 3533//3533
f 3605//3605 3606//3606 3533//3533
f 3607//3607 3535//3535 3534//3534
f 3606//3606 3607//3607 3534//3534
f 3608//3608 3536//3536 3535//3535
f 3607//3607 3608//3608 3535//3535
f 3609//3609 3537//3537 3536//3536
f 3608//3608 3609//3609 3536//3536
f 3610//3610 3538//3538 3537//3537
f 3609//3609 3610//3610 3537//3537
f 3611//3611 3539//3539 3538//3538
f 3610//3610 3611//3611 3538//3538
f 3612//3612 3540//3540 3539//3539
f 3611//3611 3612//3612 3539//3539
f 3613//3613 3541//3541 3540//3540
f 3612//3612 3613//3613 3540//3540
f 3614//3614 3542//3542 3541//3541
f 3613//3613 3614//3614 3541//3541
f 3615//3615 3543//3543 3542//3542
f 3614//3614 3615//3615 3542//3542
f 3616//3616 3544//3544 3543//3543
f 3615//3615 3616//3616 3543//3543
f 3617//3617 3545//3545 3544//3544
f 3616//3616 3617//3617 3544//3544
f 3618//3618 3546//3546 3545//3545
f 3617//3617 3618//3618 3545//3545
f 3619//3619 3547//3547 3546//3546
f 3618//3618 3619//3619 3546//3546
f 3620//3620 3548//3548 3547//3547
f 3619//3619 3620//3620 3547//3547
f 3621//3621 3549//3549 3548//3548
f 3620//3620 3621//3621 3548//3548
f 3622//3622 3550//3550 3549//3549
f 3621//3621 3622//3622 3549//3549
f 3623//3623 3551//3551 3550//3550
f 3622//3622 3623//3623 3550//3550
f 3624//3624 3552//3552 3551//3551
f 3623//3623 3624//3624 3551//3551
f 3625//3625 3553//3553 3552//3552
f 3624//3624 3625//3625 3552//3552
f 3626//3626 3554//3554 3553//3553
f 3625//3625 3626//3626 3553//3553
f 3627//3627 3555//3555 3554//3554
f 3626//3626 3627//3627 3554//3554
f 3628//3628 3556//3556 3555//3555
f 3627//3627 3628//3628 3555//3555
f 3629//3629 3557//3557 3556//3556
f 3628//3628 3629//3629 3556//3556
f 3630//3630 3558//3558 3557//3557
f 3629//3629 3630//3630 3557//3557
f 3631//3631 3559//3559 3558//3558
f 3630//3630 3631//3631 3558//3558
f 3632//3632 3560//3560 3559//3559
f 3631//3631 3632//3632 3559//3559
f 3633//3633 3561//3561 3560//3560
f 3632//3632 3633//3633 3560//3560
f 3634//3634 3562//3562 3561//3561
f 3633//3633 3634//3634 3561//3561
f 3635//3635 3563//3563 3562//3562
f 3634//3634 3635//3635 3562//3562
f 3636//3636 3564//3564 3563//3563
f 3635//3635 3636//3636 3563//3563
f 3637//3637 3565//3565 3564//3564
f 3636//3636 3637//3637 3564//3564
f 3638//3638 3566//3566 3565//3565
f 3637//3637 3638//3638 3565//3565
f 3639//3639 3567//3567 3566//3566
f 3638//3638 3639//3639 3566//3566
f 3640//3640 3568//3568 3567//3567
f 3639//3639 3640//3640 3567//3567
f 3641//3641 3569//3569 3568//3568
f 3640//3640 3641//3641 3568//3568
f 3642//3642 3570//3570 3569//3569
f 3641//3641 3642//3642 3569//3569
f 3643//3643 3571//3571 3570//3570
f 3642//3642 3643//3643 3570//3570
f 3644//3644 3572//3572 3571//3571
f 3643//3643 3644//3644 3571//3571
f 3645//3645 3573//3573 3572//3572
f 3644//3644 3645//3645 3572//3572
f 3646//3646 3574//3574 3573//3573
f 3645//3645 3646//3646 3573//3573
f 3647//3647 3575//3575 3574//3574
f 3646//3646 3647//3647 3574//3574
f 3648//3648 3576//3576 3575//3575
f 3647//3647 3648//3648 3575//3575
f 3649//3649 3577//3577 3576//3576
f 3648//3648 3649//3649 3576//3576
f 3650//3650 3578//3578 3577//3577
f 3649//3649 3650//3650 3577//3577
f 3651//3651 3579//3579 3578//3578
f 3650//3650 3651//3651 3578//3578
f 3652//3652 3580//3580 3579//3579
f 3651//3651 3652//3652 3579//3579
f 3653//3653 3581//3581 3580//3580
f 3652//3652 3653//3653 3580//3580
f 3654//3654 3582//3582 3581//3581
f 3653//3653 3654//3654 3581//3581
f 3655//3655 3583//3583 3582//3582
f 3654//3654 3655//3655 3582//3582
f 3656//3656 3584//3584 3583//3583
f 3655//3655 3656//3656 3583//3583
f 3657//3657 3585//3585 3584//3584
f 3656//3656 3657//3657 3584//3584
f 3658//3658 3586//3586 3585//3585
f 3657//3657 3658//3658 3585//3585
f 3659//3659 3587//3587 3586//3586
f 3658//3658 3659//3659 3586//3586
f 3660//3660 3588//3588 3587//3587
f 3659//3659 3660//3660 3587//3587
f 3661//3661 3589//3589 3588//3588
f 3660//3660 3661//3661 3588//3588
f 3662//3662 3590//3590 3589//3589
f 3661//3661 3662//3662 3589//3589
f 3663//3663 3591//3591 3590//3590
f 3662//3662 3663//3663 3590//3590
f 3664//3664 3592//3592 3591//3591
f 3663//3663 3664//3664 3591//3591
f 3665//3665 3593//3593 3592//3592
f 3664//3664 3665//3665 3592//3592
f 3666//3666 3594//3594 3593//3593
f 3665//3665 3666//3666 3593//3593
f 3667//3667 3595//3595 3594//3594
f 3666//3666 3667//3667 3594//3594
f 3668//3668 3596//3596 3595//3595
f 3667//3667 3668//3668 3595//3595
f 3669//3669 3597//3597 3596//3596
f 3668//3668 3669//3669 3596//3596
f 3670//3670 3598//3598 3597//3597
f 3669//3669 3670//3670 3597//3597
f 3671//3671 3599//3599 3598//3598
f 3670//3670 3671//3671 3598//3598
f 3672//3672 3600//3600 3599//3599
f 3671//3671 3672//3672 3599//3599
f 3601//3601 3529//3529 3600//3600
f 3672//3672 3601//3601 3600//3600
f 3674//3674 3602//3602 3601//3601
f 3673//3673 3674//3674 3601//3601
f 3675//3675 3603//3603 3602//3602
f 3674//3674 3675//3675 3602//3602
f 3676//3676 3604//3604 3603//3603
f 3675//3675 3676//3676 3603//3603
f 3677//3677 3605//3605 3604//3604
f 3676//3676 3677//3677 3604//3604
f 3678//3678 3606//3606 3605//3605
f 3677//3677 3678//3678 3605//3605
f 3679//3679 3607//3607 3606//3606
f 3678//3678 3679//3679 3606//3606
f 3680//3680 3608//3608 3607//3607
f 3679//3679 3680//3680 3607//3607
f 3681//3681 3609//3609 3608//3608
f 3680//3680 3681//3681 3608//3608
f 3682//3682 3610//3610 3609//3609
f 3681//3681 3682//3682 3609//3609
f 3683//3683 3611//3611 3610//3610
f 3682//3682 3683//3683 3610//3610
f 3684//3684 3612//3612 3611//3611
f 3683//3683 3684//3684 3611//3611
f 3685//3685 3613//3613 3612//3612
f 3684//3684 3685//3685 3612//3612
f 3686//3686 3614//3614 3613//3613
f 3685//3685 3686//3686 3613//3613
f 3687//3687 3615//3615 3614//3614
f 3686//3686 3687//3687 3614//3614
f 3688//3688 3616//3616 3615//3615
f 3687//3687 3688//3688 3615//3615
f 3689//3689 3617//3617 3616//3616
f 3688//3688 3689//3689 3616//3616
f 3690//3690 3618//3618 3617//3617
f 3689//3689 3690//3690 3617//3617
f 3691//3691 3619//3619 3618//3618
f 3690//3690 3691//3691 3618//3618
f 3692//3692 3620//3620 3619//3619
f 3691//3691 3692//3692 3619//3619
f 3693//3693 3621//3621 3620//3620
f 3692//3692 3693//3693 3620//3620
f 3694//3694 3622//3622 3621//3621
f 3693//3693 3694//3694 3621//3621
f 3695//3695 3623//3623 3622//3622
f 3694//3694 3695//3695 3622//3622
f 3696//3696 3624//3624 3623//3623
f 3695//3695 3696//3696 3623//3623
f 3697//3697 3625//3625 3624//3624
f 3696//3696 3697//3697 3624//3624
f 3698//3698 3626//3626 3625//3625
f 3697//3697 3698//3698 3625//3625
f 3699//3699 3627//3627 3626//3626
f 3698//3698 3699//3699 3626//3626
f 3700//3700 3628//3628 3627//3627
f 3699//3699 3700//3700 3627//3627
f 3701//3701 3629//3629 3628//3628
f 3700//3700 3701//3701 3628//3628
f 3702//3702 3630//3630 3629//3629
f 3701//3701 3702//3702 3629//3629
f 3703//3703 3631//3631 3630//3630
f 3702//3702 3703//3703 3630//3630
f 3704//3704 3632//3632 3631//3631
f 3703//3703 3704//3704 3631//3631
f 3705//3705 3633//3633 3632//3632
f 3704//3704 3705//3705 3632//3632
f 3706//3706 3634//3634 3633//3633
f 3705//3705 3706//3706 3633//3633
f 3707//3707 3635//3635 3634//3634
f 3706//3706 3707//3707 3634//3634
f 3708//3708 3636//3636 3635//3635
f 3707//3707 3708//3708 3635//3635
f 3709//3709 3637//3637 3636//3636
f 3708//3708 3709//3709 3636//3636
f 3710//3710 3638//3638 3637//3637
f 3709//3709 3710//3710 3637//3637
f 3711//3711 3639//3639 3638//3638
f 3710//3710 3711//3711 3638//3638
f 3712//3712 3640//3640 3639//3639
f 3711//3711 3712//3712 3639//3639
f 3713//3713 3641//3641 3640//3640
f 3712//3712 3713//3713 3640//3640
f 3714//3714 3642//3642 3641//3641
f 3713//3713 3714//3714 3641//3641
f 3715//3715 3643//3643 3642//3642
f 3714//3714 3715//3715 3642//3642
f 3716//3716 3644//3644 3643//3643
f 3715//3715 3716//3716 3643//3643
f 3717//3717 3645//3645 3644//3644
f 3716//3716 3717//3717 3644//3644
f 3718//3718 3646//3646 3645//3645
f 3717//3717 3718//3718 3645//3645
f 3719//3719 3647//3647 3646//3646
f 3718//3718 3719//3719 3646//3646
f 3720//3720 3648//3648 3647//3647
f 3719//3719 3720//3720 3647//3647
f 3721//3721 3649//3649 3648//3648
f 3720//3720 3721//3721 3648//3648
f 3722//3722 3650//3650 3649//3649
f 3721//3721 3722//3722 3649//3649
f 3723//3723 3651//3651 3650//3650
f 3722//3722 3723//3723 3650//3650
f 3724//3724 3652//3652 3651//3651
f 3723//3723 3724//3724 3651//3651
f 3725//3725 3653//3653 3652//3652
f 3724//3724 3725//3725 3652//3652
f 3726//3726 3654//3654 3653//3653
f 3725//3725 3726//3726 3653//3653
f 3727//3727 3655//3655 3654//3654
f 3726//3726 3727//3727 3654//3654
f 3728//3728 3656//3656 3655//3655
f 3727//3727 3728//3728 3655//3655
f 3729//3729 3657//3657 3656//3656
f 3728//3728 3729//3729 3656//3656
f 3730//3730 3658//3658 3657//3657
f 3729//3729 3730//3730 3657//3657
f 3731//3731 3659//3659 3658//3658
f 3730//3730 3731//3731 3658//3658
f 3732//3732 3660//3660 3659//3659
f 3731//3731 3732//3732 3659//3659
f 3733//3733 3661//3661 3660//3660
f 3732//3732 3733//3733 3660//3660
f 3734//3734 3662//3662 3661//3661
f 3733//3733 3734//3734 3661//3661
f 3735//3735 3663//3663 3662//3662
f 3734//3734 3735//3735 3662//3662
f 3736//3736 3664//3664 3663//3663
f 3735//3735 3736//3736 3663//3663
f 3737//3737 3665//3665 3664//3664
f 3736//3736 3737//3737 3664//3664
f 3738//3738 3666//3666 3665//3665
f 3737//3737 3738//3738 3665//3665
f 3739//3739 3667//3667 3666//3666
f 3738//3738 3739//3739 3666//3666
f 3740//3740 3668//3668 3667//3667
f 3739//3739 3740//3740 3667//3667
f 3741//3741 3669//3669 3668//3668
f 3740//3740 3741//3741 3668//3668
f 3742//3742 3670//3670 3669//3669
f 3741//3741 3742//3742 3669//3669
f 3743//3743 3671//3671 3670//3670
f 3742//3742 3743//3743 3670//3670
f 3744//3744 3672//3672 3671//3671
f 3743//3743 3744//3744 3671//3671
f 3673//3673 3601//3601 3672//3672
f 3744//3744 3673//3673 3672//3672
f 3746//3746 3674//3674 3673//3673
f 3745//3745 3746//3746 3673//3673
f 3747//3747 3675//3675 3674//3674
f 3746//3746 3747//3747 3674//3674
f 3748//3748 3676//3676 3675//3675
f 3747//3747 3748//3748 3675//3675
f 3749//3749 3677//3677 3676//3676
f 3748//3748 3749//3749 3676//3676
f 3750//3750 3678//3678 3677//3677
f 3749//3749 3750//3750 3677//3677
f 3751//3751 3679//3679 3678//3678
f 3750//3750 3751//3751 3678//3678
f 3752//3752 3680//3680 3679//3679
f 3751//3751 3752//3752 3679//3679
f 3753//3753 3681//3681 3680//3680
f 3752//3752 3753//3753 3680//3680
f 3754//3754 3682//3682 3681//3681
f 3753//3753 3754//3754 3681//3681
f 3755//3755 3683//3683 3682//3682
f 3754//3754 3755//3755 3682//3682
f 3756//3756 3684//3684 3683//3683
f 3755//3755 3756//3756 3683//3683
f 3757//3757 3685//3685 3684//3684
f 3756//3756 3757//3757 3684//3684
f 3758//3758 3686//3686 3685//3685
f 3757//3757 3758//3758 3685//3685
f 3759//3759 3687//3687 3686//3686
f 3758//3758 3759//3759 3686//3686
f 3760//3760 3688//3688 3687//3687
f 3759//3759 3760//3760 3687//3687
f 3761//3761 3689//3689 3688//3688
f 3760//3760 3761//3761 3688//3688
f 3762//3762 3690//3690 3689//3689
f 3761//3761 3762//3762 3689//3689
f 3763//3763 3691//3691 3690//3690
f 3762//3762 3763//3763 3690//3690
f 3764//3764 3692//3692 3691//3691
f 3763//3763 3764//3764 3691//3691
f 3765//3765 3693//3693 3692//3692
f 3764//3764 3765//3765 3692//3692
f 3766//3766 3694//3694 3693//3693
f 3765//3765 3766//3766 3693//3693
f 3767//3767 3695//3695 3694//3694
f 3766//3766 3767//3767 3694//3694
f 3768//3768 3696//3696 3695//3695
f 3767//3767 3768//3768 3695//3695
f 3769//3769 3697//3697 3696//3696
f 3768//3768 3769//3769 3696//3696
f 3770//3770 3698//3698 3697//3697
f 3769//3769 3770//3770 3697//3697
f 3771//3771 3699//3699 3698//3698
f 3770//3770 3771//3771 3698//3698
f 3772//3772 3700//3700 3699//3699
f 3771//3771 3772//3772 3699//3699
f 3773//3773 3701//3701 3700//3700
f 3772//3772 3773//3773 3700//3700
f 3774//3774 3702//3702 3701//3701
f 3773//3773 3774//3774 3701//3701
f 3775//3775 3703//3703 3702//3702
f 3774//3774 3775//3775 3702//3702
f 3776//3776 3704//3704 3703//3703
f 3775//3775 3776//3776 3703//3703
f 3777//3777 3705//3705 3704//3704
f 3776//3776 3777//3777 3704//3704
f 3778//3778 3706//3706 3705//3705
f 3777//3777 3778//3778 3705//3705
f 3779//3779 3707//3707 3706//3706
f 3778//3778 3779//3779 3706//3706
f 3780//3780 3708//3708 3707//3707
f 3779//3779 3780//3780 3707//3707
f 3781//3781 3709//3709 3708//3708
f 3780//3780 3781//3781 3708//3708
f 3782//3782 3710//3710 3709//3709
f 3781//3781 3782//3782 3709//3709
f 3783//3783 3711//3711 3710//3710
f 3782//3782 3783//3783 3710//3710
f 3784//3784 3712//3712 3711//3711
f 3783//3783 3784//3784 3711//3711
f 3785//3785 3713//3713 3712//3712
f 3784//3784 3785//3785 3712//3712
f 3786//3786 3714//3714 3713//3713
f 3785//3785 3786//3786 3713//3713
f 3787//3787 3715//3715 3714//3714
f 3786//3786 3787//3787 3714//3714
f 3788//3788 3716//3716 3715//3715
f 3787//3787 3788//3788 3715//3715
f 3789//3789 3717//3717 3716//3716
f 3788//3788 3789//3789 3716//3716
f 3790//3790 3718//3718 3717//3717
f 3789//3789 3790//3790 3717//3717
f 3791//3791 3719//3719 3718//3718
f 3790//3790 3791//3791 3718//3718
f 3792//3792 3720//3720 3719//3719
f 3791//3791 3792//3792 3719//3719
f 3793//3793 3721//3721 3720//3720
f 3792//3792 3793//3793 3720//3720
f 3794//3794 3722//3722 3721//3721
f 3793//3793 3794//3794 3721//3721
f 3795//3795 3723//3723 3722//3722
f 3794//3794 3795//3795 3722//3722
f 3796//3796 3724//3724 3723//3723
f 3795//3795 3796//3796 3723//3723
f 3797//3797 3725//3725 3724//3724
f 3796//3796 3797//3797 3724//3724
f 3798//3798 3726//3726 3725//3725
f 3797//3797 3798//3798 3725//3725
f 3799//3799 3727//3727 3726//3726
f 3798//3798 3799//3799 3726//3726
f 3800//3800 3728//3728 3727//3727
f 3799//3799 3800//3800 3727//3727
f 3801//3801 3729//3729 3728//3728
f 3800//3800 3801//3801 3728//3728
f 3802//3802 3730//3730 3729//3729
f 3801//3801 3802//3802 3729//3729
f 3803//3803 3731//3731 3730//3730
f 3802//3802 3803//3803 3730//3730
f 3804//3804 3732//3732 3731//3731
f 3803//3803 3804//3804 3731//3731
f 3805//3805 3733//3733 3732//3732
f 3804//3804 3805//3805 3732//3732
f 3806//3806 3734//3734 3733//3733
f 3805//3805 3806//3806 3733//3733
f 3807//3807 3735//3735 3734//3734
f 3806//3806 3807//3807 3734//3734
f 3808//3808 3736//3736 3735//3735
f 3807//3807 3808//3808 3735//3735
f 3809//3809 3737//3737 3736//3736
f 3808//3808 3809//3809 3736//3736
f 3810//3810 3738//3738 3737//3737
f 3809//3809 3810//3810 3737//3737
f 3811//3811 3739//3739 3738//3738
f 3810//3810 3811//3811 3738//3738
f 3812//3812 3740//3740 3739//3739
f 3811//3811 3812//3812 3739//3739
f 3813//3813 3741//3741 3740//3740
f 3812//3812 3813//3813 3740//3740
f 3814//3814 3742//3742 3741//3741
f 3813//3813 3814//3814 3741//3741
f 3815//3815 3743//3743 3742//3742
f 3814//3814 3815//3815 3742//3742
f 3816//3816 3744//3744 3743//3743
f 3815//3815 3816//3816 3743//3743
f 3745//3745 3673//3673 3744//3744
f 3816//3816 3745//3745 3744//3744
f 3818//3818 3746//3746 3745//3745
f 3817//3817 3818//3818 3745//3745
f 3819//3819 3747//3747 3746//3746
f 3818//3818 3819//3819 3746//3746
f 3820//3820 3748//3748 3747//3747
f 3819//3819 3820//3820 3747//3747
f 3821//3821 3749//3749 3748//3748
f 3820//3820 3821//3821 3748//3748
f 3822//3822 3750//3750 3749//3749
f 3821//3821 3822//3822 3749//3749
f 3823//3823 3751//3751 3750//3750
f 3822//3822 3823//3823 3750//3750
f 3824//3824 3752//3752 3751//3751
f 3823//3823 3824//3824 3751//3751
f 3825//3825 3753//3753 3752//3752
f 3824//3824 3825//3825 3752//3752
f 3826//3826 3754//3754 3753//3753
f 3825//3825 3826//3826 3753//3753
f 3827//3827 3755//3755 3754//3754
f 3826//3826 3827//3827 3754//3754
f 3828//3828 3756//3756 3755//3755
f 3827//3827 3828//3828 3755//3755
f 3829//3829 3757//3757 3756//3756
f 3828//3828 3829//3829 3756//3756
f 3830//3830 3758//3758 3757//3757
f 3829//3829 3830//3830 3757//3757
f 3831//3831 3759//3759 3758//3758
f 3830//3830 3831//3831 3758//3758
f 3832//3832 3760//3760 3759//3759
f 3831//3831 3832//3832 3759//3759
f 3833//3833 3761//3761 3760//3760
f 3832//3832 3833//3833 3760//3760
f 3834//3834 3762//3762 3761//3761
f 3833//3833 3834//3834 3761//3761
f 3835//3835 3763//3763 3762//3762
f 3834//3834 3835//3835 3762//3762
f 3836//3836 3764//3764 3763//3763
f 3835//3835 3836//3836 3763//3763
f 3837//3837 3765//3765 3764//3764
f 3836//3836 3837//3837 3764//3764
f 3838//3838 3766//3766 3765//3765
f 3837//3837 3838//3838 3765//3765
f 3839//3839 3767//3767 3766//3766
f 3838//3838 3839//3839 3766//3766
f 3840//3840 3768//3768 3767//3767
f 3839//3839 3840//3840 3767//3767
f 3841//3841 3769//3769 3768//3768
f 3840//3840 3841//3841 3768//3768
f 3842//3842 3770//3770 3769//3769
f 3841//3841 3842//3842 3769//3769
f 3843//3843 3771//3771 3770//3770
f 3842//3842 3843//3843 3770//3770
f 3844//3844 3772//3772 3771//3771
f 3843//3843 3844//3844 3771//3771
f 3845//3845 3773//3773 3772//3772
f 3844//3844 3845//3845 3772//3772
f 3846//3846 3774//3774 3773//3773
f 3845//3845 3846//3846 3773//3773
f 3847//3847 3775//3775 3774//3774
f 3846//3846 3847//3847 3774//3774
f 3848//3848 3776//3776 3775//3775
f 3847//3847 3848//3848 3775//3775
f 3849//3849 3777//3777 3776//3776
f 3848//3848 3849//3849 3776//3776
f 3850//3850 3778//3778 3777//3777
f 3849//3849 3850//3850 3777//3777
f 3851//3851 3779//3779 3778//3778
f 3850//3850 3851//3851 3778//3778
f 3852//3852 3780//3780 3779//3779
f 3851//3851 3852//3852 3779//3779
f 3853//3853 3781//3781 3780//3780
f 3852//3852 3853//3853 3780//3780
f 3854//3854 3782//3782 3781//3781
f 3853//3853 3854//3854 3781//3781
f 3855//3855 3783//3783 3782//3782
f 3854//3854 3855//3855 3782//3782
f 3856//3856 3784//3784 3783//3783
f 3855//3855 3856//3856 3783//3783
f 3857//3857 3785//3785 3784//3784
f 3856//3856 3857//3857 3784//3784
f 3858//3858 3786//3786 3785//3785
f 3857//3857 3858//3858 3785//3785
f 3859//3859 3787//3787 3786//3786
f 3858//3858 3859//3859 3786//3786
f 3860//3860 3788//3788 3787//3787
f 3859//3859 3860//3860 3787//3787
f 3861//3861 3789//3789 3788//3788
f 3860//3860 3861//3861 3788//3788
f 3862//3862 3790//3790 3789//3789
f 3861//3861 3862//3862 3789//3789
f 3863//3863 3791//3791 3790//3790
f 3862//3862 3863//3863 3790//3790
f 3864//3864 3792//3792 3791//3791
f 3863//3863 3864//3864 3791//3791
f 3865//3865 3793//3793 3792//3792
f 3864//3864 3865//3865 3792//3792
f 3866//3866 3794//3794 3793//3793
f 3865//3865 3866//3866 3793//3793
f 3867//3867 3795//3795 3794//3794
f 3866//3866 3867//3867 3794//3794
f 3868//3868 3796//3796 3795//3795
f 3867//3867 3868//3868 3795//3795
f 3869//3869 3797//3797 3796//3796
f 3868//3868 3869//3869 3796//3796
f 3870//3870 3798//3798 3797//3797
f 3869//3869 3870//3870 3797//3797
f 3871//3871 3799//3799 3798//3798
f 3870//3870 3871//3871 3798//3798
f 3872//3872 3800//3800 3799//3799
f 3871//3871 3872//3872 3799//3799
f 3873//3873 3801//3801 3800//3800
f 3872//3872 3873//3873 3800//3800
f 3874//3874 3802//3802 3801//3801
f 3873//3873 3874//3874 3801//3801
f 3875//3875 3803//3803 3802//3802
f 3874//3874 3875//3875 3802//3802
f 3876//3876 3804//3804 3803//3803
f 3875//3875 3876//3876 3803//3803
f 3877//3877 3805//3805 3804//3804
f 3876//3876 3877//3877 3804//3804
f 3878//3878 3806//3806 3805//3805
f 3877//3877 3878//3878 3805//3805
f 3879//3879 3807//3807 3806//3806
f 3878//3878 3879//3879 3806//3806
f 3880//3880 3808//3808 3807//3807
f 3879//3879 3880//3880 3807//3807
f 3881//3881 3809//3809 3808//3808
f 3880//3880 3881//3881 3808//3808
f 3882//3882 3810//3810 3809//3809
f 3881//3881 3882//3882 3809//3809
f 3883//3883 3811//3811 3810//3810
f 3882//3882 3883//3883 3810//3810
f 3884//3884 3812//3812 3811//3811
f 3883//3883 3884//3884 3811//3811
f 3885//3885 3813//3813 3812//3812
f 3884//3884 3885//3885 3812//3812
f 3886//3886 3814//3814 3813//3813
f 3885//3885 3886//3886 3813//3813
f 3887//3887 3815//3815 3814//3814
f 3886//3886 3887//3887 3814//3814
f 3888//3888 3816//3816 3815//3815
f 3887//3887 3888//3888 3815//3815
f 3817//3817 3745//3745 3816//3816
f 3888//3888 3817//3817 3816//3816
f 3890//3890 3818//3818 3817//3817
f 3889//3889 3890//3890 3817//3817
f 3891//3891 3819//3819 3818//3818
f 3890//3890 3891//3891 3818//3818
f 3892//3892 3820//3820 3819//3819
f 3891//3891 3892//3892 3819//3819
f 3893//3893 3821//3821 3820//3820
f 3892//3892 3893//3893 3820//3820
f 3894//3894 3822//3822 3821//3821
f 3893//3893 3894//3894 3821//3821
f 3895//3895 3823//3823 3822//3822
f 3894//3894 3895//3895 3822//3822
f 3896//3896 3824//3824 3823//3823
f 3895//3895 3896//3896 3823//3823
f 3897//3897 3825//3825 3824//3824
f 3896//3896 3897//3897 3824//3824
f 3898//3898 3826//3826 3825//3825
f 3897//3897 3898//3898 3825//3825
f 3899//3899 3827//3827 3826//3826
f 3898//3898 3899//3899 3826//3826
f 3900//3900 3828//3828 3827//3827
f 3899//3899 3900//3900 3827//3827
f 3901//3901 3829//3829 3828//3828
f 3900//3900 3901//3901 3828//3828
f 3902//3902 3830//3830 3829//3829
f 3901//3901 3902//3902 3829//3829
f 3903//3903 3831//3831 3830//3830
f 3902//3902 3903//3903 3830//3830
f 3904//3904 3832//3832 3831//3831
f 3903//3903 3904//3904 3831//3831
f 3905//3905 3833//3833 3832//3832
f 3904//3904 3905//3905 3832//3832
f 3906//3906 3834//3834 3833//3833
f 3905//3905 3906//3906 3833//3833
f 3907//3907 3835//3835 3834//3834
f 3906//3906 3907//3907 3834//3834
f 3908//3908 3836//3836 3835//3835
f 3907//3907 3908//3908 3835//3835
f 3909//3909 3837//3837 3836//3836
f 3908//3908 3909//3909 3836//3836
f 3910//3910 3838//3838 3837//3837
f 3909//3909 3910//3910 3837//3837
f 3911//3911 3839//3839 3838//3838
f 3910//3910 3911//3911 3838//3838
f 3912//3912 3840//3840 3839//3839
f 3911//3911 3912//3912 3839//3839
f 3913//3913 3841//3841 3840//3840
f 3912//3912 3913//3913 3840//3840
f 3914//3914 3842//3842 3841//3841
f 3913//3913 3914//3914 3841//3841
f 3915//3915 3843//3843 3842//3842
f 3914//3914 3915//3915 3842//3842
f 3916//3916 3844//3844 3843//3843
f 3915//3915 3916//3916 3843//3843
f 3917//3917 3845//3845 3844//3844
f 3916//3916 3917//3917 3844//3844
f 3918//3918 3846//3846 3845//3845
f 3917//3917 3918//3918 3845//3845
f 3919//3919 3847//3847 3846//3846
f 3918//3918 3919//3919 3846//3846
f 3920//3920 3848//3848 3847//3847
f 3919//3919 3920//3920 3847//3847
f 3921//3921 3849//3849 3848//3848
f 3920//3920 3921//3921 3848//3848
f 3922//3922 3850//3850 3849//3849
f 3921//3921 3922//3922 3849//3849
f 3923//3923 3851//3851 3850//3850
f 3922//3922 3923//3923 3850//3850
f 3924//3924 3852//3852 3851//3851
f 3923//3923 3924//3924 3851//3851
f 3925//3925 3853//3853 3852//3852
f 3924//3924 3925//3925 3852//3852
f 3926//3926 3854//3854 3853//3853
f 3925//3925 3926//3926 3853//3853
f 3927//3927 3855//3855 3854//3854
f 3926//3926 3927//3927 3854//3854
f 3928//3928 3856//3856 3855//3855
f 3927//3927 3928//3928 3855//3855
f 3929//3929 3857//3857 3856//3856
f 3928//3928 3929//3929 3856//3856
f 3930//3930 3858//3858 3857//3857
f 3929//3929 3930//3930 3857//3857
f 3931//3931 3859//3859 3858//3858
f 3930//3930 3931//3931 3858//3858
f 3932//3932 3860//3860 3859//3859
f 3931//3931 3932//3932 3859//3859
f 3933//3933 3861//3861 3860//3860
f 3932//3932 3933//3933 3860//3860
f 3934//3934 3862//3862 3861//3861
f 3933//3933 3934//3934 3861//3861
f 3935//3935 3863//3863 3862//3862
f 3934//3934 3935//3935 3862//3862
f 3936//3936 3864//3864 3863//3863
f 3935//3935 3936//3936 3863//3863
f 3937//3937 3865//3865 3864//3864
f 3936//3936 3937//3937 3864//3864
f 3938//3938 3866//3866 3865//3865
f 3937//3937 3938//3938 3865//3865
f 3939//3939 3867//3867 3866//3866
f 3938//3938 3939//3939 3866//3866
f 3940//3940 3868//3868 3867//3867
f 3939//3939 3940//3940 3867//3867
f 3941//3941 3869//3869 3868//3868
f 3940//3940 3941//3941 3868//3868
f 3942//3942 3870//3870 3869//3869
f 3941//3941 3942//3942 3869//3869
f 3943//3943 3871//3871 3870//3870
f 3942//3942 3943//3943 3870//3870
f 3944//3944 3872//3872 3871//3871
f 3943//3943 3944//3944 3871//3871
f 3945//3945 3873//3873 3872//3872
f 3944//3944 3945//3945 3872//3872
f 3946//3946 3874//3874 3873//3873
f 3945//3945 3946//3946 3873//3873
f 3947//3947 3875//3875 3874//3874
f 3946//3946 3947//3947 3874//3874
f 3948//3948 3876//3876 3875//3875
f 3947//3947 3948//3948 3875//3875
f 3949//3949 3877//3877 3876//3876
f 3948//3948 3949//3949 3876//3876
f 3950//3950 3878//3878 3877//3877
f 3949//3949 3950//3950 3877//3877
f 3951//3951 3879//3879 3878//3878
f 3950//3950 3951//3951 3878//3878
f 3952//3952 3880//3880 3879//3879
f 3951//3951 3952//3952 3879//3879
f 3953//3953 3881//3881 3880//3880
f 3952//3952 3953//3953 3880//3880
f 3954//3954 3882//3882 3881//3881
f 3953//3953 3954//3954 3881//3881
f 3955//3955 3883//3883 3882//3882
f 3954//3954 3955//3955 3882//3882
f 3956//3956 3884//3884 3883//3883
f 3955//3955 3956//3956 3883//3883
f 3957//3957 3885//3885 3884//3884
f 3956//3956 3957//3957 3884//3884
f 3958//3958 3886//3886 3885//3885
f 3957//3957 3958//3958 3885//3885
f 3959//3959 3887//3887 3886//3886
f 3958//3958 3959//3959 3886//3886
f 3960//3960 3888//3888 3887//3887
f 3959//3959 3960//3960 3887//3887
f 3889//3889 3817//3817 3888//3888
f 3960//3960 3889//3889 3888//3888
f 3962//3962 3890//3890 3889//3889
f 3961//3961 3962//3962 3889//3889
f 3963//3963 3891//3891 3890//3890
f 3962//3962 3963//3963 3890//3890
f 3964//3964 3892//3892 3891//3891
f 3963//3963 3964//3964 3891//3891
f 3965//3965 3893//3893 3892//3892
f 3964//3964 3965//3965 3892//3892
f 3966//3966 3894//3894 3893//3893
f 3965//3965 3966//3966 3893//3893
f 3967//3967 3895//3895 3894//3894
f 3966//3966 3967//3967 3894//3894
f 3968//3968 3896//3896 3895//3895
f 3967//3967 3968//3968 3895//3895
f 3969//3969 3897//3897 3896//3896
f 3968//3968 3969//3969 3896//3896
f 3970//3970 3898//3898 3897//3897
f 3969//3969 3970//3970 3897//3897
f 3971//3971 3899//3899 3898//3898
f 3970//3970 3971//3971 3898//3898
f 3972//3972 3900//3900 3899//3899
f 3971//3971 3972//3972 3899//3899
f 3973//3973 3901//3901 3900//3900
f 3972//3972 3973//3973 3900//3900
f 3974//3974 3902//3902 3901//3901
f 3973//3973 3974//3974 3901//3901
f 3975//3975 3903//3903 3902//3902
f 3974//3974 3975//3975 3902//3902
f 3976//3976 3904//3904 3903//3903
f 3975//3975 3976//3976 3903//3903
f 3977//3977 3905//3905 3904//3904
f 3976//3976 3977//3977 3904//3904
f 3978//3978 3906//3906 3905//3905
f 3977//3977 3978//3978 3905//3905
f 3979//3979 3907//3907 3906//3906
f 3978//3978 3979//3979 3906//3906
f 3980//3980 3908//3908 3907//3907
f 3979//3979 3980//3980 3907//3907
f 3981//3981 3909//3909 3908//3908
f 3980//3980 3981//3981 3908//3908
f 3982//3982 3910//3910 3909//3909
f 3981//3981 3982//3982 3909//3909
f 3983//3983 3911//3911 3910//3910
f 3982//3982 3983//3983 3910//3910
f 3984//3984 3912//3912 3911//3911
f 3983//3983 3984//3984 3911//3911
f 3985//3985 3913//3913 3912//3912
f 3984//3984 3985//3985 3912//3912
f 3986//3986 3914//3914 3913//3913
f 3985//3985 3986//3986 3913//3913
f 3987//3987 3915//3915 3914//3914
f 3986//3986 3987//3987 3914//3914
f 3988//3988 3916//3916 3915//3915
f 3987//3987 3988//3988 3915//3915
f 3989//3989 3917//3917 3916//3916
f 3988//3988 3989//3989 3916//3916
f 3990//3990 3918//3918 3917//3917
f 3989//3989 3990//3990 3917//3917
f 3991//3991 3919//3919 3918//3918
f 3990//3990 3991//3991 3918//3918
f 3992//3992 3920//3920 3919//3919
f 3991//3991 3992//3992 3919//3919
f 3993//3993 3921//3921 3920//3920
f 3992//3992 3993//3993 3920//3920
f 3994//3994 3922//3922 3921//3921
f 3993//3993 3994//3994 3921//3921
f 3995//3995 3923//3923 3922//3922
f 3994//3994 3995//3995 3922//3922
f 3996//3996 3924//3924 3923//3923
f 3995//3995 3996//3996 3923//3923
f 3997//3997 3925//3925 3924//3924
f 3996//3996 3997//3997 3924//3924
f 3998//3998 3926//3926 3925//3925
f 3997//3997 3998//3998 3925//3925
f 3999//3999 3927//3927 3926//3926
f 3998//3998 3999//3999 3926//3926
f 4000//4000 3928//3928 3927//3927
f 3999//3999 4000//4000 3927//3927
f 4001//4001 3929//3929 3928//3928
f 4000//4000 4001//4001 3928//3928
f 4002//4002 3930//3930 3929//3929
f 4001//4001 4002//4002 3929//3929
f 4003//4003 3931//3931 3930//3930
f 4002//4002 4003//4003 3930//3930
f 4004//4004 3932//3932 3931//3931
f 4003//4003 4004//4004 3931//3931
f 4005//4005 3933//3933 3932//3932
f 4004//4004 4005//4005 3932//3932
f 4006//4006 3934//3934 3933//3933
f 4005//4005 4006//4006 3933//3933
f 4007//4007 3935//3935 3934//3934
f 4006//4006 4007//4007 3934//3934
f 4008//4008 3936//3936 3935//3935
f 4007//4007 4008//4008 3935//3935
f 4009//4009 3937//3937 3936//3936
f 4008//4008 4009//4009 3936//3936
f 4010//4010 3938//3938 3937//3937
f 4009//4009 4010//4010 3937//3937
f 4011//4011 3939//3939 3938//3938
f 4010//4010 4011//4011 3938//3938
f 4012//4012 3940//3940 3939//3939
f 4011//4011 4012//4012 3939//3939
f 4013//4013 3941//3941 3940//3940
f 4012//4012 4013//4013 3940//3940
f 4014//4014 3942//3942 3941//3941
f 4013//4013 4014//4014 3941//3941
f 4015//4015 3943//3943 3942//3942
f 4014//4014 4015//4015 3942//3942
f 4016//4016 3944//3944 3943//3943
f 4015//4015 4016//4016 3943//3943
f 4017//4017 3945//3945 3944//3944
f 4016//4016 4017//4017 3944//3944
f 4018//4018 3946//3946 3945//3945
f 4017//4017 4018//4018 3945//3945
f 4019//4019 3947//3947 3946//3946
f 4018//4018 4019//4019 3946//3946
f 4020//4020 3948//3948 3947//3947
f 4019//4019 4020//4020 3947//3947
f 4021//4021 3949//3949 3948//3948
f 4020//4020 4021//4021 3948//3948
f 4022//4022 3950//3950 3949//3949
f 4021//4021 4022//4022 3949//3949
f 4023//4023 3951//3951 3950//3950
f 4022//4022 4023//4023 3950//3950
f 4024//4024 3952//3952 3951//3951
f 4023//4023 4024//4024 3951//3951
f 4025//4025 3953//3953 3952//3952
f 4024//4024 4025//4025 3952//3952
f 4026//4026 3954//3954 3953//3953
f 4025//4025 4026//4026 3953//3953
f 4027//4027 3955//3955 3954//3954
f 4026//4026 4027//4027 3954//3954
f 4028//4028 3956//3956 3955//3955
f 4027//4027 4028//4028 3955//3955
f 4029//4029 3957//3957 3956//3956
f 4028//4028 4029//4029 3956//3956
f 4030//4030 3958//3958 3957//3957
f 4029//4029 4030//4030 3957//3957
f 4031//4031 3959//3959 3958//3958
f 4030//4030 4031//4031 3958//3958
f 4032//4032 3960//3960 3959//3959
f 4031//4031 4032//4032 3959//3959
f 3961//3961 3889//3889 3960//3960
f 4032//4032 3961//3961 3960//3960
f 4033//4033 4034//4034 4106//4106
f 4033//4033 4106//4106 4105//4105
f 4034//4034 4035//4035 4107//4107
f 4034//4034 4107//4107 4106//4106
f 4035//4035 4036//4036 4108//4108
f 4035//4035 4108//4108 4107//4107
f 4036//4036 4037//4037 4109//4109
f 4036//4036 4109//4109 4108//4108
f 4037//4037 4038//4038 4110//4110
f 4037//4037 4110//4110 4109//4109
f 4038//4038 4039//4039 4111//4111
f 4038//4038 4111//4111 4110//4110
f 4039//4039 4040//4040 4112//4112
f 4039//4039 4112//4112 4111//4111
f 4040//4040 4041//4041 4113//4113
f 4040//4040 4113//4113 4112//4112
f 4041//4041 4042//4042 4114//4114
f 4041//4041 4114//4114 4113//4113
f 4042//4042 4043//4043 4115//4115
f 4042//4042 4115//4115 4114//4114
f 4043//4043 4044//4044 4116//4116
f 4043//4043 4116//4116 4115//4115
f 4044//4044 4045//4045 4117//4117
f 4044//4044 4117//4117 4116//4116
f 4045//4045 4046//4046 4118//4118
f 4045//4045 4118//4118 4117//4117
f 4046//4046 4047//4047 4119//4119
f 4046//4046 4119//4119 4118//4118
f 4047//4047 4048//4048 4120//4120
f 4047//4047 4120//4120 4119//4119
f 4048//4048 4049//4049 4121//4121
f 4048//4048 4121//4121 4120//4120
f 4049//4049 4050//4050 4122//4122
f 4049//4049 4122//4122 4121//4121
f 4050//4050 4051//4051 4123//4123
f 4050//4050 4123//4123 4122//4122
f 4051//4051 4052//4052 4124//4124
f 4051//4051 4124//4124 4123//4123
f 4052//4052 4053//4053 4125//4125
f 4052//4052 4125//4125 4124//4124
f 4053//4053 4054//4054 4126//4126
f 4053//4053 4126//4126 4125//4125
f 4054//4054 4055//4055 4127//4127
f 4054//4054 4127//4127 4126//4126
f 4055//4055 4056//4056 4128//4128
f 4055//4055 4128//4128 4127//4127
f 4056//4056 4057//4057 4129//4129
f 4056//4056 4129//4129 4128//4128
f 4057//4057 4058//4058 4130//4130
f 4057//4057 4130//4130 4129//4129
f 4058//4058 4059//4059 4131//4131
f 4058//4058 4131//4131 4130//4130
f 4059//4059 4060//4060 4132//4132
f 4059//4059 4132//4132 4131//4131
f 4060//4060 4061//4061 4133//4133
f 4060//4060 4133//4133 4132//4132
f 4061//4061 4062//4062 4134//4134
f 4061//4061 4134//4134 4133//4133
f 4062//4062 4063//4063 4135//4135
f 4062//4062 4135//4135 4134//4134
f 4063//4063 4064//4064 4136//4136
f 4063//4063 4136//4136 4135//4135
f 4064//4064 4065//4065 4137//4137
f 4064//4064 4137//4137 4136//4136
f 4065//4065 4066//4066 4138//4138
f 4065//4065 4138//4138 4137//4137
f 4066//4066 4067//4067 4139//4139
f 4066//4066 4139//4139 4138//4138
f 4067//4067 4068//4068 4140//4140
f 4067//4067 4140//4140 4139//4139
f 4068//4068 4069//4069 4141//4141
f 4068//4068 4141//4141 4140//4140
f 4069//4069 4070//4070 4142//4142
f 4069//4069 4142//4142 4141//4141
f 4070//4070 4071//4071 4143//4143
f 4070//4070 4143//4143 4142//4142
f 4071//4071 4072//4072 4144//4144
f 4071//4071 4144//4144 4143//4143
f 4072//4072 4073//4073 4145//4145
f 4072//4072 4145//4145 4144//4144
f 4073//4073 4074//4074 4146//4146
f 4073//4073 4146//4146 4145//4145
f 4074//4074 4075//4075 4147//4147
f 4074//4074 4147//4147 4146//4146
f 4075//4075 4076//4076 4148//4148
f 4075//4075 4148//4148 4147//4147
f 4076//4076 4077//4077 4149//4149
f 4076//4076 4149//4149 4148//4148
f 4077//4077 4078//4078 4150//4150
f 4077//4077 4150//4150 4149//4149
f 4078//4078 4079//4079 4151//4151
f 4078//4078 4151//4151 4150//4150
f 4079//4079 4080//4080 4152//4152
f 4079//4079 4152//4152 4151//4151
f 4080//4080 4081//4081 4153//4153
f 4080//4080 4153//4153 4152//4152
f 4081//4081 4082//4082 4154//4154
f 4081//4081 4154//4154 4153//4153
f 4082//4082 4083//4083 4155//4155
f 4082//4082 4155//4155 4154//4154
f 4083//4083 4084//4084 4156//4156
f 4083//4083 4156//4156 4155//4155
f 4084//4084 4085//4085 4157//4157
f 4084//4084 4157//4157 4156//4156
f 4085//4085 4086//4086 4158//4158
f 4085//4085 4158//4158 4157//4157
f 4086//4086 4087//4087 4159//4159
f 4086//4086 4159//4159 4158//4158
f 4087//4087 4088//4088 4160//4160
f 4087//4087 4160//4160 4159//4159
f 4088//4088 4089//4089 4161//4161
f 4088//4088 4161//4161 4160//4160
f 4089//4089 4090//4090 4162//4162
f 4089//4089 4162//4162 4161//4161
f 4090//4090 4091//4091 4163//4163
f 4090//4090 4163//4163 4162//4162
f 4091//4091 4092//4092 4164//4164
f 4091//4091 4164//4164 4163//4163
f 4092//4092 4093//4093 4165//4165
f 4092//4092 4165//4165 4164//4164
f 4093//4093 4094//4094 4166//4166
f 4093//4093 4166//4166 4165//4165
f 4094//4094 4095//4095 4167//4167
f 4094//4094 4167//4167 4166//4166
f 4095//4095 4096//4096 4168//4168
f 4095//4095 4168//4168 4167//4167
f 4096//4096 4097//4097 4169//4169
f 4096//4096 4169//4169 4168//4168
f 4097//4097 4098//4098 4170//4170
f 4097//4097 4170//4170 4169//4169
f 4098//4098 4099//4099 4171//4171
f 4098//4098 4171//4171 4170//4170
f 4099//4099 4100//4100 4172//4172
f 4099//4099 4172//4172 4171//4171
f 4100//4100 4101//4101 4173//4173
f 4100//4100 4173//4173 4172//4172
f 4101//4101 4102//4102 4174//4174
f 4101//4101 4174//4174 4173//4173
f 4102//4102 4103//4103 4175//4175
f 4102//4102 4175//4175 4174//4174
f 4103//4103 4104//4104 4176//4176
f 4103//4103 4176//4176 4175//4175
f 4104//4104 4033//4033 4105//4105
f 4104//4104 4105//4105 4176//4176
f 4219//4219 4178//4178 4177//4177
f 4218//4218 4219//4219 4177//4177
f 4220//4220 4179//4179 4178//4178
f 4219//4219 4220//4220 4178//4178
f 4221//4221 4180//4180 4179//4179
f 4220//4220 4221//4221 4179//4179
f 4222//4222 4181//4181 4180//4180
f 4221//4221 4222//4222 4180//4180
f 4223//4223 4182//4182 4181//4181
f 4222//4222 4223//4223 4181//4181
f 4224//4224 4183//4183 4182//4182
f 4223//4223 4224//4224 4182//4182
f 4225//4225 4184//4184 4183//4183
f 4224//4224 4225//4225 4183//4183
f 4226//4226 4185//4185 4184//4184
f 4225//4225 4226//4226 4184//4184
f 4227//4227 4186//4186 4185//4185
f 4226//4226 4227//4227 4185//4185
f 4228//4228 4187//4187 4186//4186
f 4227//4227 4228//4228 4186//4186
f 4229//4229 4188//4188 4187//4187
f 4228//4228 4229//4229 4187//4187
f 4230//4230 4189//4189 4188//4188
f 4229//4229 4230//4230 4188//4188
f 4231//4231 4190//4190 4189//4189
f 4230//4230 4231//4231 4189//4189
f 4232//4232 4191//4191 4190//4190
f 4231//4231 4232//4232 4190//4190
f 4233//4233 4192//4192 4191//4191
f 4232//4232 4233//4233 4191//4191
f 4234//4234 4193//4193 4192//4192
f 4233//4233 4234//4234 4192//4192
f 4235//4235 4194//4194 4193//4193
f 4234//4234 4235//4235 4193//4193
f 4236//4236 4195//4195 4194//4194
f 4235//4235 4236//4236 4194//4194
f 4237//4237 4196//4196 4195//4195
f 4236//4236 4237//4237 4195//4195
f 4238//4238 4197//4197 4196//4196
f 4237//4237 4238//4238 4196//4196
f 4239//4239 4198//4198 4197//4197
f 4238//4238 4239//4239 4197//4197
f 4240//4240 4199//4199 4198//4198
f 4239//4239 4240//4240 4198//4198
f 4241//4241 4200//4200 4199//4199
f 4240//4240 4241//4241 4199//4199
f 4242//4242 4201//4201 4200//4200
f 4241//4241 4242//4242 4200//4200
f 4243//4243 4202//4202 4201//4201
f 4242//4242 4243//4243 4201//4201
f 4244//4244 4203//4203 4202//4202
f 4243//4243 4244//4244 4202//4202
f 4245//4245 4204//4204 4203//4203
f 4244//4244 4245//4245 4203//4203
f 4246//4246 4205//4205 4204//4204
f 4245//4245 4246//4246 4204//4204
f 4247//4247 4206//4206 4205//4205
f 4246//4246 4247//4247 4205//4205
f 4248//4248 4207//4207 4206//4206
f 4247//4247 4248//4248 4206//4206
f 4249//4249 4208//4208 4207//4207
f 4248//4248 4249//4249 4207//4207
f 4250//4250 4209//4209 4208//4208
f 4249//4249 4250//4250 4208//4208
f 4251//4251 4210//4210 4209//4209
f 4250//4250 4251//4251 4209//4209
f 4252//4252 4211//4211 4210//4210
f 4251//4251 4252//4252 4210//4210
f 4253//4253 4212//4212 4211//4211
f 4252//4252 4253//4253 4211//4211
f 4254//4254 4213//4213 4212//4212
f 4253//4253 4254//4254 4212//4212
f 4255//4255 4214//4214 4213//4213
f 4254//4254 4255//4255 4213//4213
f 4256//4256 4215//4215 4214//4214
f 4255//4255 4256//4256 4214//4214
f 4257//4257 4216//4216 4215//4215
f 4256//4256 4257//4257 4215//4215
f 4258//4258 4217//4217 4216//4216
f 4257//4257 4258//4258 4216//4216
f 4260//4260 4219//4219 4218//4218
f 4259//4259 4260//4260 4218//4218
f 4261//4261 4220//4220 4219//4219
f 4260//4260 4261//4261 4219//4219
f 4262//4262 4221//4221 4220//4220
f 4261//4261 4262//4262 4220//4220
f 4263//4263 4222//4222 4221//4221
f 4262//4262 4263//4263 4221//4221
f 4264//4264 4223//4223 4222//4222
f 4263//4263 4264//4264 4222//4222
f 4265//4265 4224//4224 4223//4223
f 4264//4264 4265//4265 4223//4223
f 4266//4266 4225//4225 4224//4224
f 4265//4265 4266//4266 4224//4224
f 4267//4267 4226//4226 4225//4225
f 4266//4266 4267//4267 4225//4225
f 4268//4268 4227//4227 4226//4226
f 4267//4267 4268//4268 4226//4226
f 4269//4269 4228//4228 4227//4227
f 4268//4268 4269//4269 4227//4227
f 4270//4270 4229//4229 4228//4228
f 4269//4269 4270//4270 4228//4228
f 4271//4271 4230//4230 4229//4229
f 4270//4270 4271//4271 4229//4229
f 4272//4272 4231//4231 4230//4230
f 4271//4271 4272//4272 4230//4230
f 4273//4273 4232//4232 4231//4231
f 4272//4272 4273//4273 4231//4231
f 4274//4274 4233//4233 4232//4232
f 4273//4273 4274//4274 4232//4232
f 4275//4275 4234//4234 4233//4233
f 4274//4274 4275//4275 4233//4233
f 4276//4276 4235//4235 4234//4234
f 4275//4275 4276//4276 4234//4234
f 4277//4277 4236//4236 4235//4235
f 4276//4276 4277//4277 4235//4235
f 4278//4278 4237//4237 4236//4236
f 4277//4277 4278//4278 4236//4236
f 4279//4279 4238//4238 4237//4237
f 4278//4278 4279//4279 4237//4237
f 4280//4280 4239//4239 4238//4238
f 4279//4279 4280//4280 4238//4238
f 4281//4281 4240//4240 4239//4239
f 4280//4280 4281//4281 4239//4239
f 4282//4282 4241//4241 4240//4240
f 4281//4281 4282//4282 4240//4240
f 4283//4283 4242//4242 4241//4241
f 4282//4282 4283//4283 4241//4241
f 4284//4284 4243//4243 4242//4242
f 4283//4283 4284//4284 4242//4242
f 4285//4285 4244//4244 4243//4243
f 4284//4284 4285//4285 4243//4243
f 4286//4286 4245//4245 4244//4244
f 4285//4285 4286//4286 4244//4244
f 4287//4287 4246//4246 4245//4245
f 4286//4286 4287//4287 4245//4245
f 4288//4288 4247//4247 4246//4246
f 4287//4287 4288//4288 4246//4246
f 4289//4289 4248//4248 4247//4247
f 4288//4288 4289//4289 4247//4247
f 4290//4290 4249//4249 4248//4248
f 4289//4289 4290//4290 4248//4248
f 4291//4291 4250//4250 4249//4249
f 4290//4290 4291//4291 4249//4249
f 4292//4292 4251//4251 4250//4250
f 4291//4291 4292//4292 4250//4250
f 4293//4293 4252//4252 4251//4251
f 4292//4292 4293//4293 4251//4251
f 4294//4294 4253//4253 4252//4252
f 4293//4293 4294//4294 4252//4252
f 4295//4295 4254//4254 4253//4253
f 4294//4294 4295//4295 4253//4253
f 4296//4296 4255//4255 4254//4254
f 4295//4295 4296//4296 4254//4254
f 4297//4297 4256//4256 4255//4255
f 4296//4296 4297//4297 4255//4255
f 4298//4298 4257//4257 4256//4256
f 4297//4297 4298//4298 4256//4256
f 4299//4299 4258//4258 4257//4257
f 4298//4298 4299//4299 4257//4257
f 4301//4301 4260//4260 4259//4259
f 4300//4300 4301//4301 4259//4259
f 4302//4302 4261//4261 4260//4260
f 4301//4301 4302//4302 4260//4260
f 4303//4303 4262//4262 4261//4261
f 4302//4302 4303//4303 4261//4261
f 4304//4304 4263//4263 4262//4262
f 4303//4303 4304//4304 4262//4262
f 4305//4305 4264//4264 4263//4263
f 4304//4304 4305//4305 4263//4263
f 4306//4306 4265//4265 4264//4264
f 4305//4305 4306//4306 4264//4264
f 4307//4307 4266//4266 4265//4265
f 4306//4306 4307//4307 4265//4265
f 4308//4308 4267//4267 4266//4266
f 4307//4307 4308//4308 4266//4266
f 4309//4309 4268//4268 4267//4267
f 4308//4308 4309//4309 4267//4267
f 4310//4310 4269//4269 4268//4268
f 4309//4309 4310//4310 4268//4268
f 4311//4311 4270//4270 4269//4269
f 4310//4310 4311//4311 4269//4269
f 4312//4312 4271//4271 4270//4270
f 4311//4311 4312//4312 4270//4270
f 4313//4313 4272//4272 4271//4271
f 4312//4312 4313//4313 4271//4271
f 4314//4314 4273//4273 4272//4272
f 4313//4313 4314//4314 4272//4272
f 4315//4315 4274//4274 4273//4273
f 4314//4314 4315//4315 4273//4273
f 4316//4316 4275//4275 4274//4274
f 4315//4315 4316//4316 4274//4274
f 4317//4317 4276//4276 4275//4275
f 4316//4316 4317//4317 4275//4275
f 4318//4318 4277//4277 4276//4276
f 4317//4317 4318//4318 4276//4276
f 4319//4319 4278//4278 4277//4277
f 4318//4318 4319//4319 4277//4277
f 4320//4320 4279//4279 4278//4278
f 4319//4319 4320//4320 4278//4278
f 4321//4321 4280//4280 4279//4279
f 4320//4320 4321//4321 4279//4279
f 4322//4322 4281//4281 4280//4280
f 4321//4321 4322//4322 4280//4280
f 4323//4323 4282//4282 4281//4281
f 4322//4322 4323//4323 4281//4281
f 4324//4324 4283//4283 4282//4282
f 4323//4323 4324//4324 4282//4282
f 4325//4325 4284//4284 4283//4283
f 4324//4324 4325//4325 4283//4283
f 4326//4326 4285//4285 4284//4284
f 4325//4325 4326//4326 4284//4284
f 4327//4327 4286//4286 4285//4285
f 4326//4326 4327//4327 4285//4285
f 4328//4328 4287//4287 4286//4286
f 4327//4327 4328//4328 4286//4286
f 4329//4329 4288//4288 4287//4287
f 4328//4328 4329//4329 4287//4287
f 4330//4330 4289//4289 4288//4288
f 4329//4329 4330//4330 4288//4288
f 4331//4331 4290//4290 4289//4289
f 4330//4330 4331//4331 4289//4289
f 4332//4332 4291//4291 4290//4290
f 4331//4331 4332//4332 4290//4290
f 4333//4333 4292//4292 4291//4291
f 4332//4332 4333//4333 4291//4291
f 4334//4334 4293//4293 4292//4292
f 4333//4333 4334//4334 4292//4292
f 4335//4335 4294//4294 4293//4293
f 4334//4334 4335//4335 4293//4293
f 4336//4336 4295//4295 4294//4294
f 4335//4335 4336//4336 4294//4294
f 4337//4337 4296//4296 4295//4295
f 4336//4336 4337//4337 4295//4295
f 4338//4338 4297//4297 4296//4296
f 4337//4337 4338//4338 4296//4296
f 4339//4339 4298//4298 4297//4297
f 4338//4338 4339//4339 4297//4297
f 4340//4340 4299//4299 4298//4298
f 4339//4339 4340//4340 4298//4298
f 4342//4342 4301//4301 4300//4300
f 4341//4341 4342//4342 4300//4300
f 4343//4343 4302//4302 4301//4301
f 4342//4342 4343//4343 4301//4301
f 4344//4344 4303//4303 4302//4302
f 4343//4343 4344//4344 4302//4302
f 4345//4345 4304//4304 4303//4303
f 4344//4344 4345//4345 4303//4303
f 4346//4346 4305//4305 4304//4304
f 4345//4345 4346//4346 4304//4304
f 4347//4347 4306//4306 4305//4305
f 4346//4346 4347//4347 4305//4305
f 4348//4348 4307//4307 4306//4306
f 4347//4347 4348//4348 4306//4306
f 4349//4349 4308//4308 4307//4307
f 4348//4348 4349//4349 4307//4307
f 4350//4350 4309//4309 4308//4308
f 4349//4349 4350//4350 4308//4308
f 4351//4351 4310//4310 4309//4309
f 4350//4350 4351//4351 4309//4309
f 4352//4352 4311//4311 4310//4310
f 4351//4351 4352//4352 4310//4310
f 4353//4353 4312//4312 4311//4311
f 4352//4352 4353//4353 4311//4311
f 4354//4354 4313//4313 4312//4312
f 4353//4353 4354//4354 4312//4312
f 4355//4355 4314//4314 4313//4313
f 4354//4354 4355//4355 4313//4313
f 4356//4356 4315//4315 4314//4314
f 4355//4355 4356//4356 4314//4314
f 4357//4357 4316//4316 4315//4315
f 4356//4356 4357//4357 4315//4315
f 4358//4358 4317//4317 4316//4316
f 4357//4357 4358//4358 4316//4316
f 4359//4359 4318//4318 4317//4317
f 4358//4358 4359//4359 4317//4317
f 4360//4360 4319//4319 4318//4318
f 4359//4359 4360//4360 4318//4318
f 4361//4361 4320//4320 4319//4319
f 4360//4360 4361//4361 4319//4319
f 4362//4362 4321//4321 4320//4320
f 4361//4361 4362//4362 4320//4320
f 4363//4363 4322//4322 4321//4321
f 4362//4362 4363//4363 4321//4321
f 4364//4364 4323//4323 4322//4322
f 4363//4363 4364//4364 4322//4322
f 4365//4365 4324//4324 4323//4323
f 4364//4364 4365//4365 4323//4323
f 4366//4366 4325//4325 4324//4324
f 4365//4365 4366//4366 4324//4324
f 4367//4367 4326//4326 4325//4325
f 4366//4366 4367//4367 4325//4325
f 4368//4368 4327//4327 4326//4326
f 4367//4367 4368//4368 4326//4326
f 4369//4369 4328//4328 4327//4327
f 4368//4368 4369//4369 4327//4327
f 4370//4370 4329//4329 4328//4328
f 4369//4369 4370//4370 4328//4328
f 4371//4371 4330//4330 4329//4329
f 4370//4370 4371//4371 4329//4329
f 4372//4372 4331//4331 4330//4330
f 4371//4371 4372//4372 4330//4330
f 4373//4373 4332//4332 4331//4331
f 4372//4372 4373//4373 4331//4331
f 4374//4374 4333//4333 4332//4332
f 4373//4373 4374//4374 4332//4332
f 4375//4375 4334//4334 4333//4333
f 4374//4374 4375//4375 4333//4333
f 4376//4376 4335//4335 4334//4334
f 4375//4375 4376//4376 4334//4334
f 4377//4377 4336//4336 4335//4335
f 4376//4376 4377//4377 4335//4335
f 4378//4378 4337//4337 4336//4336
f 4377//4377 4378//4378 4336//4336
f 4379//4379 4338//4338 4337//4337
f 4378//4378 4379//4379 4337//4337
f 4380//4380 4339//4339 4338//4338
f 4379//4379 4380//4380 4338//4338
f 4381//4381 4340//4340 4339//4339
f 4380//4380 4381//4381 4339//4339
f 4383//4383 4342//4342 4341//4341
f 4382//4382 4383//4383 4341//4341
f 4384//4384 4343//4343 4342//4342
f 4383//4383 4384//4384 4342//4342
f 4385//4385 4344//4344 4343//4343
f 4384//4384 4385//4385 4343//4343
f 4386//4386 4345//4345 4344//4344
f 4385//4385 4386//4386 4344//4344
f 4387//4387 4346//4346 4345//4345
f 4386//4386 4387//4387 4345//4345
f 4388//4388 4347//4347 4346//4346
f 4387//4387 4388//4388 4346//4346
f 4389//4389 4348//4348 4347//4347
f 4388//4388 4389//4389 4347//4347
f 4390//4390 4349//4349 4348//4348
f 4389//4389 4390//4390 4348//4348
f 4391//4391 4350//4350 4349//4349
f 4390//4390 4391//4391 4349//4349
f 4392//4392 4351//4351 4350//4350
f 4391//4391 4392//4392 4350//4350
f 4393//4393 4352//4352 4351//4351
f 4392//4392 4393//4393 4351//4351
f 4394//4394 4353//4353 4352//4352
f 4393//4393 4394//4394 4352//4352
f 4395//4395 4354//4354 4353//4353
f 4394//4394 4395//4395 4353//4353
f 4396//4396 4355//4355 4354//4354
f 4395//4395 4396//4396 4354//4354
f 4397//4397 4356//4356 4355//4355
f 4396//4396 4397//4397 4355//4355
f 4398//4398 4357//4357 4356//4356
f 4397//4397 4398//4398 4356//4356
f 4399//4399 4358//4358 4357//4357
f 4398//4398 4399//4399 4357//4357
f 4400//4400 4359//4359 4358//4358
f 4399//4399 4400//4400 4358//4358
f 4401//4401 4360//4360 4359//4359
f 4400//4400 4401//4401 4359//4359
f 4402//4402 4361//4361 4360//4360
f 4401//4401 4402//4402 4360//4360
f 4403//4403 4362//4362 4361//4361
f 4402//4402 4403//4403 4361//4361
f 4404//4404 4363//4363 4362//4362
f 4403//4403 4404//4404 4362//4362
f 4405//4405 4364//4364 4363//4363
f 4404//4404 4405//4405 4363//4363
f 4406//4406 4365//4365 4364//4364
f 4405//4405 4406//4406 4364//4364
f 4407//4407 4366//4366 4365//4365
f 4406//4406 4407//4407 4365//4365
f 4408//4408 4367//4367 4366//4366
f 4407//4407 4408//4408 4366//4366
f 4409//4409 4368//4368 4367//4367
f 4408//4408 4409//4409 4367//4367
f 4410//4410 4369//4369 4368//4368
f 4409//4409 4410//4410 4368//4368
f 4411//4411 4370//4370 4369//4369
f 4410//4410 4411//4411 4369//4369
f 4412//4412 4371//4371 4370//4370
f 4411//4411 4412//4412 4370//4370
f 4413//4413 4372//4372 4371//4371
f 4412//4412 4413//4413 4371//4371
f 4414//4414 4373//4373 4372//4372
f 4413//4413 4414//4414 4372//4372
f 4415//4415 4374//4374 4373//4373
f 4414//4414 4415//4415 4373//4373
f 4416//4416 4375//4375 4374//4374
f 4415//4415 4416//4416 4374//4374
f 4417//4417 4376//4376 4375//4375
f 4416//4416 4417//4417 4375//4375
f 4418//4418 4377//4377 4376//4376
f 4417//4417 4418//4418 4376//4376
f 4419//4419 4378//4378 4377//4377
f 4418//4418 4419//4419 4377//4377
f 4420//4420 4379//4379 4378//4378
f 4419//4419 4420//4420 4378//4378
f 4421//4421 4380//4380 4379//4379
f 4420//4420 4421//4421 4379//4379
f 4422//4422 4381//4381 4380//4380
f 4421//4421 4422//4422 4380//4380
f 4424//4424 4383//4383 4382//4382
f 4423//4423 4424//4424 4382//4382
f 4425//4425 4384//4384 4383//4383
f 4424//4424 4425//4425 4383//4383
f 4426//4426 4385//4385 4384//4384
f 4425//4425 4426//4426 4384//4384
f 4427//4427 4386//4386 4385//4385
f 4426//4426 4427//4427 4385//4385
f 4428//4428 4387//4387 4386//4386
f 4427//4427 4428//4428 4386//4386
f 4429//4429 4388//4388 4387//4387
f 4428//4428 4429//4429 4387//4387
f 4430//4430 4389//4389 4388//4388
f 4429//4429 4430//4430 4388//4388
f 4431//4431 4390//4390 4389//4389
f 4430//4430 4431//4431 4389//4389
f 4432//4432 4391//4391 4390//4390
f 4431//4431 4432//4432 4390//4390
f 4433//4433 4392//4392 4391//4391
f 4432//4432 4433//4433 4391//4391
f 4434//4434 4393//4393 4392//4392
f 4433//4433 4434//4434 4392//4392
f 4435//4435 4394//4394 4393//4393
f 4434//4434 4435//4435 4393//4393
f 4436//4436 4395//4395 4394//4394
f 4435//4435 4436//4436 4394//4394
f 4437//4437 4396//4396 4395//4395
f 4436//4436 4437//4437 4395//4395
f 4438//4438 4397//4397 4396//4396
f 4437//4437 4438//4438 4396//4396
f 4439//4439 4398//4398 4397//4397
f 4438//4438 4439//4439 4397//4397
f 4440//4440 4399//4399 4398//4398
f 4439//4439 4440//4440 4398//4398
f 4441//4441 4400//4400 4399//4399
f 4440//4440 4441//4441 4399//4399
f 4442//4442 4401//4401 4400//4400
f 4441//4441 4442//4442 4400//4400
f 4443//4443 4402//4402 4401//4401
f 4442//4442 4443//4443 4401//4401
f 4444//4444 4403//4403 4402//4402
f 4443//4443 4444//4444 4402//4402
f 4445//4445 4404//4404 4403//4403
f 4444//4444 4445//4445 4403//4403
f 4446//4446 4405//4405 4404//4404
f 4445//4445 4446//4446 4404//4404
f 4447//4447 4406//4406 4405//4405
f 4446//4446 4447//4447 4405//4405
f 4448//4448 4407//4407 4406//4406
f 4447//4447 4448//4448 4406//4406
f 4449//4449 4408//4408 4407//4407
f 4448//4448 4449//4449 4407//4407
f 4450//4450 4409//4409 4408//4408
f 4449//4449 4450//4450 4408//4408
f 4451//4451 4410//4410 4409//4409
f 4450//4450 4451//4451 4409//4409
f 4452//4452 4411//4411 4410//4410
f 4451//4451 4452//4452 4410//4410
f 4453//4453 4412//4412 4411//4411
f 4452//4452 4453//4453 4411//4411
f 4454//4454 4413//4413 4412//4412
f 4453//4453 4454//4454 4412//4412
f 4455//4455 4414//4414 4413//4413
f 4454//4454 4455//4455 4413//4413
f 4456//4456 4415//4415 4414//4414
f 4455//4455 4456//4456 4414//4414
f 4457//4457 4416//4416 4415//4415
f 4456//4456 4457//4457 4415//4415
f 4458//4458 4417//4417 4416//4416
f 4457//4457 4458//4458 4416//4416
f 4459//4459 4418//4418 4417//4417
f 4458//4458 4459//4459 4417//4417
f 4460//4460 4419//4419 4418//4418
f 4459//4459 4460//4460 4418//4418
f 4461//4461 4420//4420 4419//4419
f 4460//4460 4461//4461 4419//4419
f 4462//4462 4421//4421 4420//4420
f 4461//4461 4462//4462 4420//4420
f 4463//4463 4422//4422 4421//4421
f 4462//4462 4463//4463 4421//4421
f 4465//4465 4424//4424 4423//4423
f 4464//4464 4465//4465 4423//4423
f 4466//4466 4425//4425 4424//4424
f 4465//4465 4466//4466 4424//4424
f 4467//4467 4426//4426 4425//4425
f 4466//4466 4467//4467 4425//4425
f 4468//4468 4427//4427 4426//4426
f 4467//4467 4468//4468 4426//4426
f 4469//4469 4428//4428 4427//4427
f 4468//4468 4469//4469 4427//4427
f 4470//4470 4429//4429 4428//4428
f 4469//4469 4470//4470 4428//4428
f 4471//4471 4430//4430 4429//4429
f 4470//4470 4471//4471 4429//4429
f 4472//4472 4431//4431 4430//4430
f 4471//4471 4472//4472 4430//4430
f 4473//4473 4432//4432 4431//4431
f 4472//4472 4473//4473 4431//4431
f 4474//4474 4433//4433 4432//4432
f 4473//4473 4474//4474 4432//4432
f 4475//4475 4434//4434 4433//4433
f 4474//4474 4475//4475 4433//4433
f 4476//4476 4435//4435 4434//4434
f 4475//4475 4476//4476 4434//4434
f 4477//4477 4436//4436 4435//4435
f 4476//4476 4477//4477 4435//4435
f 4478//4478 4437//4437 4436//4436
f 4477//4477 4478//4478 4436//4436
f 4479//4479 4438//4438 4437//4437
f 4478//4478 4479//4479 4437//4437
f 4480//4480 4439//4439 4438//4438
f 4479//4479 4480//4480 4438//4438
f 4481//4481 4440//4440 4439//4439
f 4480//4480 4481//4481 4439//4439
f 4482//4482 4441//4441 4440//4440
f 4481//4481 4482//4482 4440//4440
f 4483//4483 4442//4442 4441//4441
f 4482//4482 4483//4483 4441//4441
f 4484//4484 4443//4443 4442//4442
f 4483//4483 4484//4484 4442//4442
f 4485//4485 4444//4444 4443//4443
f 4484//4484 4485//4485 4443//4443
f 4486//4486 4445//4445 4444//4444
f 4485//4485 4486//4486 4444//4444
f 4487//4487 4446//4446 4445//4445
f 4486//4486 4487//4487 4445//4445
f 4488//4488 4447//4447 4446//4446
f 4487//4487 4488//4488 4446//4446
f 4489//4489 4448//4448 4447//4447
f 4488//4488 4489//4489 4447//4447
f 4490//4490 4449//4449 4448//4448
f 4489//4489 4490//4490 4448//4448
f 4491//4491 4450//4450 4449//4449
f 4490//4490 4491//4491 4449//4449
f 4492//4492 4451//4451 4450//4450
f 4491//4491 4492//4492 4450//4450
f 4493//4493 4452//4452 4451//4451
f 4492//4492 4493//4493 4451//4451
f 4494//4494 4453//4453 4452//4452
f 4493//4493 4494//4494 4452//4452
f 4495//4495 4454//4454 4453//4453
f 4494//4494 4495//4495 4453//4453
f 4496//4496 4455//4455 4454//4454
f 4495//4495 4496//4496 4454//4454
f 4497//4497 4456//4456 4455//4455
f 4496//4496 4497//4497 4455//4455
f 4498//4498 4457//4457 4456//4456
f 4497//4497 4498//4498 4456//4456
f 4499//4499 4458//4458 4457//4457
f 4498//4498 4499//4499 4457//4457
f 4500//4500 4459//4459 4458//4458
f 4499//4499 4500//4500 4458//4458
f 4501//4501 4460//4460 4459//4459
f 4500//4500 4501//4501 4459//4459
f 4502//4502 4461//4461 4460//4460
f 4501//4501 4502//4502 4460//4460
f 4503//4503 4462//4462 4461//4461
f 4502//4502 4503//4503 4461//4461
f 4504//4504 4463//4463 4462//4462
f 4503//4503 4504//4504 4462//4462
f 4506//4506 4465//4465 4464//4464
f 4505//4505 4506//4506 4464//4464
f 4507//4507 4466//4466 4465//4465
f 4506//4506 4507//4507 4465//4465
f 4508//4508 4467//4467 4466//4466
f 4507//4507 4508//4508 4466//4466
f 4509//4509 4468//4468 4467//4467
f 4508//4508 4509//4509 4467//4467
f 4510//4510 4469//4469 4468//4468
f 4509//4509 4510//4510 4468//4468
f 4511//4511 4470//4470 4469//4469
f 4510//4510 4511//4511 4469//4469
f 4512//4512 4471//4471 4470//4470
f 4511//4511 4512//4512 4470//4470
f 4513//4513 4472//4472 4471//4471
f 4512//4512 4513//4513 4471//4471
f 4514//4514 4473//4473 4472//4472
f 4513//4513 4514//4514 4472//4472
f 4515//4515 4474//4474 4473//4473
f 4514//4514 4515//4515 4473//4473
f 4516//4516 4475//4475 4474//4474
f 4515//4515 4516//4516 4474//4474
f 4517//4517 4476//4476 4475//4475
f 4516//4516 4517//4517 4475//4475
f 4518//4518 4477//4477 4476//4476
f 4517//4517 4518//4518 4476//4476
f 4519//4519 4478//4478 4477//4477
f 4518//4518 4519//4519 4477//4477
f 4520//4520 4479//4479 4478//4478
f 4519//4519 4520//4520 4478//4478
f 4521//4521 4480//4480 4479//4479
f 4520//4520 4521//4521 4479//4479
f 4522//4522 4481//4481 4480//4480
f 4521//4521 4522//4522 4480//4480
f 4523//4523 4482//4482 4481//4481
f 4522//4522 4523//4523 4481//4481
f 4524//4524 4483//4483 4482//4482
f 4523//4523 4524//4524 4482//4482
f 4525//4525 4484//4484 4483//4483
f 4524//4524 4525//4525 4483//4483
f 4526//4526 4485//4485 4484//4484
f 4525//4525 4526//4526 4484//4484
f 4527//4527 4486//4486 4485//4485
f 4526//4526 4527//4527 4485//4485
f 4528//4528 4487//4487 4486//4486
f 4527//4527 4528//4528 4486//4486
f 4529//4529 4488//4488 4487//4487
f 4528//4528 4529//4529 4487//4487
f 4530//4530 4489//4489 4488//4488
f 4529//4529 4530//4530 4488//4488
f 4531//4531 4490//4490 4489//4489
f 4530//4530 4531//4531 4489//4489
f 4532//4532 4491//4491 4490//4490
f 4531//4531 4532//4532 4490//4490
f 4533//4533 4492//4492 4491//4491
f 4532//4532 4533//4533 4491//4491
f 4534//4534 4493//4493 4492//4492
f 4533//4533 4534//4534 4492//4492
f 4535//4535 4494//4494 4493//4493
f 4534//4534 4535//4535 4493//4493
f 4536//4536 4495//4495 4494//4494
f 4535//4535 4536//4536 4494//4494
f 4537//4537 4496//4496 4495//4495
f 4536//4536 4537//4537 4495//4495
f 4538//4538 4497//4497 4496//4496
f 4537//4537 4538//4538 4496//4496
f 4539//4539 4498//4498 4497//4497
f 4538//4538 4539//4539 4497//4497
f 4540//4540 4499//4499 4498//4498
f 4539//4539 4540//4540 4498//4498
f 4541//4541 4500//4500 4499//4499
f 4540//4540 4541//4541 4499//4499
f 4542//4542 4501//4501 4500//4500
f 4541//4541 4542//4542 4500//4500
f 4543//4543 4502//4502 4501//4501
f 4542//4542 4543//4543 4501//4501
f 4544//4544 4503//4503 4502//4502
f 4543//4543 4544//4544 4502//4502
f 4545//4545 4504//4504 4503//4503
f 4544//4544 4545//4545 4503//4503
f 4546//4546 4547//4547 4588//4588
f 4546//4546 4588//4588 4587//4587
f 4547//4547 4548//4548 4589//4589
f 4547//4547 4589//4589 4588//4588
f 4548//4548 4549//4549 4590//4590
f 4548//4548 4590//4590 4589//4589
f 4549//4549 4550//4550 4591//4591
f 4549//4549 4591//4591 4590//4590
f 4550//4550 4551//4551 4592//4592
f 4550//4550 4592//4592 4591//4591
f 4551//4551 4552//4552 4593//4593
f 4551//4551 4593//4593 4592//4592
f 4552//4552 4553//4553 4594//4594
f 4552//4552 4594//4594 4593//4593
f 4553//4553 4554//4554 4595//4595
f 4553//4553 4595//4595 4594//4594
f 4554//4554 4555//4555 4596//4596
f 4554//4554 4596//4596 4595//4595
f 4555//4555 4556//4556 4597//4597
f 4555//4555 4597//4597 4596//4596
f 4556//4556 4557//4557 4598//4598
f 4556//4556 4598//4598 4597//4597
f 4557//4557 4558//4558 4599//4599
f 4557//4557 4599//4599 4598//4598
f 4558//4558 4559//4559 4600//4600
f 4558//4558 4600//4600 4599//4599
f 4559//4559 4560//4560 4601//4601
f 4559//4559 4601//4601 4600//4600
f 4560//4560 4561//4561 4602//4602
f 4560//4560 4602//4602 4601//4601
f 4561//4561 4562//4562 4603//4603
f 4561//4561 4603//4603 4602//4602
f 4562//4562 4563//4563 4604//4604
f 4562//4562 4604//4604 4603//4603
f 4563//4563 4564//4564 4605//4605
f 4563//4563 4605//4605 4604//4604
f 4564//4564 4565//4565 4606//4606
f 4564//4564 4606//4606 4605//4605
f 4565//4565 4566//4566 4607//4607
f 4565//4565 4607//4607 4606//4606
f 4566//4566 4567//4567 4608//4608
f 4566//4566 4608//4608 4607//4607
f 4567//4567 4568//4568 4609//4609
f 4567//4567 4609//4609 4608//4608
f 4568//4568 4569//4569 4610//4610
f 4568//4568 4610//4610 4609//4609
f 4569//4569 4570//4570 4611//4611
f 4569//4569 4611//4611 4610//4610
f 4570//4570 4571//4571 4612//4612
f 4570//4570 4612//4612 4611//4611
f 4571//4571 4572//4572 4613//4613
f 4571//4571 4613//4613 4612//4612
f 4572//4572 4573//4573 4614//4614
f 4572//4572 4614//4614 4613//4613
f 4573//4573 4574//4574 4615//4615
f 4573//4573 4615//4615 4614//4614
f 4574//4574 4575//4575 4616//4616
f 4574//4574 4616//4616 4615//4615
f 4575//4575 4576//4576 4617//4617
f 4575//4575 4617//4617 4616//4616
f 4576//4576 4577//4577 4618//4618
f 4576//4576 4618//4618 4617//4617
f 4577//4577 4578//4578 4619//4619
f 4577//4577 4619//4619 4618//4618
f 4578//4578 4579//4579 4620//4620
f 4578//4578 4620//4620 4619//4619
f 4579//4579 4580//4580 4621//4621
f 4579//4579 4621//4621 4620//4620
f 4580//4580 4581//4581 4622//4622
f 4580//4580 4622//4622 4621//4621
f 4581//4581 4582//4582 4623//4623
f 4581//4581 4623//4623 4622//4622
f 4582//4582 4583//4583 4624//4624
f 4582//4582 4624//4624 4623//4623
f 4583//4583 4584//4584 4625//4625
f 4583//4583 4625//4625 4624//4624
f 4584//4584 4585//4585 4626//4626
f 4584//4584 4626//4626 4625//4625
f 4585//4585 4586//4586 4627//4627
f 4585//4585 4627//4627 4626//4626
f 4587//4587 4588//4588 4629//4629
f 4587//4587 4629//4629 4628//4628
f 4588//4588 4589//4589 4630//4630
f 4588//4588 4630//4630 4629//4629
f 4589//4589 4590//4590 4631//4631
f 4589//4589 4631//4631 4630//4630
f 4590//4590 4591//4591 4632//4632
f 4590//4590 4632//4632 4631//4631
f 4591//4591 4592//4592 4633//4633
f 4591//4591 4633//4633 4632//4632
f 4592//4592 4593//4593 4634//4634
f 4592//4592 4634//4634 4633//4633
f 4593//4593 4594//4594 4635//4635
f 4593//4593 4635//4635 4634//4634
f 4594//4594 4595//4595 4636//4636
f 4594//4594 4636//4636 4635//4635
f 4595//4595 4596//4596 4637//4637
f 4595//4595 4637//4637 4636//4636
f 4596//4596 4597//4597 4638//4638
f 4596//4596 4638//4638 4637//4637
f 4597//4597 4598//4598 4639//4639
f 4597//4597 4639//4639 4638//4638
f 4598//4598 4599//4599 4640//4640
f 4598//4598 4640//4640 4639//4639
f 4599//4599 4600//4600 4641//4641
f 4599//4599 4641//4641 4640//4640
f 4600//4600 4601//4601 4642//4642
f 4600//4600 4642//4642 4641//4641
f 4601//4601 4602//4602 4643//4643
f 4601//4601 4643//4643 4642//4642
f 4602//4602 4603//4603 4644//4644
f 4602//4602 4644//4644 4643//4643
f 4603//4603 4604//4604 4645//4645
f 4603//4603 4645//4645 4644//4644
f 4604//4604 4605//4605 4646//4646
f 4604//4604 4646//4646 4645//4645
f 4605//4605 4606//4606 4647//4647
f 4605//4605 4647//4647 4646//4646
f 4606//4606 4607//4607 4648//4648
f 4606//4606 4648//4648 4647//4647
f 4607//4607 4608//4608 4649//4649
f 4607//4607 4649//4649 4648//4648
f 4608//4608 4609//4609 4650//4650
f 4608//4608 4650//4650 4649//4649
f 4609//4609 4610//4610 4651//4651
f 4609//4609 4651//4651 4650//4650
f 4610//4610 4611//4611 4652//4652
f 4610//4610 4652//4652 4651//4651
f 4611//4611 4612//4612 4653//4653
f 4611//4611 4653//4653 4652//4652
f 4612//4612 4613//4613 4654//4654
f 4612//4612 4654//4654 4653//4653
f 4613//4613 4614//4614 4655//4655
f 4613//4613 4655//4655 4654//4654
f 4614//4614 4615//4615 4656//4656
f 4614//4614 4656//4656 4655//4655
f 4615//4615 4616//4616 4657//4657
f 4615//4615 4657//4657 4656//4656
f 4616//4616 4617//4617 4658//4658
f 4616//4616 4658//4658 4657//4657
f 4617//4617 4618//4618 4659//4659
f 4617//4617 4659//4659 4658//4658
f 4618//4618 4619//4619 4660//4660
f 4618//4618 4660//4660 4659//4659
f 4619//4619 4620//4620 4661//4661
f 4619//4619 4661//4661 4660//4660
f 4620//4620 4621//4621 4662//4662
f 4620//4620 4662//4662 4661//4661
f 4621//4621 4622//4622 4663//4663
f 4621//4621 4663//4663 4662//4662
f 4622//4622 4623//4623 4664//4664
f 4622//4622 4664//4664 4663//4663
f 4623//4623 4624//4624 4665//4665
f 4623//4623 4665//4665 4664//4664
f 4624//4624 4625//4625 4666//4666
f 4624//4624 4666//4666 4665//4665
f 4625//4625 4626//4626 4667//4667
f 4625//4625 4667//4667 4666//4666
f 4626//4626 4627//4627 4668//4668
f 4626//4626 4668//4668 4667//4667
f 4628//4628 4629//4629 4670//4670
f 4628//4628 4670//4670 4669//4669
f 4629//4629 4630//4630 4671//4671
f 4629//4629 4671//4671 4670//4670
f 4630//4630 4631//4631 4672//4672
f 4630//4630 4672//4672 4671//4671
f 4631//4631 4632//4632 4673//4673
f 4631//4631 4673//4673 4672//4672
f 4632//4632 4633//4633 4674//4674
f 4632//4632 4674//4674 4673//4673
f 4633//4633 4634//4634 4675//4675
f 4633//4633 4675//4675 4674//4674
f 4634//4634 4635//4635 4676//4676
f 4634//4634 4676//4676 4675//4675
f 4635//4635 4636//4636 4677//4677
f 4635//4635 4677//4677 4676//4676
f 4636//4636 4637//4637 4678//4678
f 4636//4636 4678//4678 4677//4677
f 4637//4637 4638//4638 4679//4679
f 4637//4637 4679//4679 4678//4678
f 4638//4638 4639//4639 4680//4680
f 4638//4638 4680//4680 4679//4679
f 4639//4639 4640//4640 4681//4681
f 4639//4639 4681//4681 4680//4680
f 4640//4640 4641//4641 4682//4682
f 4640//4640 4682//4682 4681//4681
f 4641//4641 4642//4642 4683//4683
f 4641//4641 4683//4683 4682//4682
f 4642//4642 4643//4643 4684//4684
f 4642//4642 4684//4684 4683//4683
f 4643//4643 4644//4644 4685//4685
f 4643//4643 4685//4685 4684//4684
f 4644//4644 4645//4645 4686//4686
f 4644//4644 4686//4686 4685//4685
f 4645//4645 4646//4646 4687//4687
f 4645//4645 4687//4687 4686//4686
f 4646//4646 4647//4647 4688//4688
f 4646//4646 4688//4688 4687//4687
f 4647//4647 4648//4648 4689//4689
f 4647//4647 4689//4689 4688//4688
f 4648//4648 4649//4649 4690//4690
f 4648//4648 4690//4690 4689//4689
f 4649//4649 4650//4650 4691//4691
f 4649//4649 4691//4691 4690//4690
f 4650//4650 4651//4651 4692//4692
f 4650//4650 4692//4692 4691//4691
f 4651//4651 4652//4652 4693//4693
f 4651//4651 4693//4693 4692//4692
f 4652//4652 4653//4653 4694//4694
f 4652//4652 4694//4694 4693//4693
f 4653//4653 4654//4654 4695//4695
f 4653//4653 4695//4695 4694//4694
f 4654//4654 4655//4655 4696//4696
f 4654//4654 4696//4696 4695//4695
f 4655//4655 4656//4656 4697//4697
f 4655//4655 4697//4697 4696//4696
f 4656//4656 4657//4657 4698//4698
f 4656//4656 4698//4698 4697//4697
f 4657//4657 4658//4658 4699//4699
f 4657//4657 4699//4699 4698//4698
f 4658//4658 4659//4659 4700//4700
f 4658//4658 4700//4700 4699//4699
f 4659//4659 4660//4660 4701//4701
f 4659//4659 4701//4701 4700//4700
f 4660//4660 4661//4661 4702//4702
f 4660//4660 4702//4702 4701//4701
f 4661//4661 4662//4662 4703//4703
f 4661//4661 4703//4703 4702//4702
f 4662//4662 4663//4663 4704//4704
f 4662//4662 4704//4704 4703//4703
f 4663//4663 4664//4664 4705//4705
f 4663//4663 4705//4705 4704//4704
f 4664//4664 4665//4665 4706//4706
f 4664//4664 4706//4706 4705//4705
f 4665//4665 4666//4666 4707//4707
f 4665//4665 4707//4707 4706//4706
f 4666//4666 4667//4667 4708//4708
f 4666//4666 4708//4708 4707//4707
f 4667//4667 4668//4668 4709//4709
f 4667//4667 4709//4709 4708//4708
f 4669//4669 4670//4670 4711//4711
f 4669//4669 4711//4711 4710//4710
f 4670//4670 4671//4671 4712//4712
f 4670//4670 4712//4712 4711//4711
f 4671//4671 4672//4672 4713//4713
f 4671//4671 4713//4713 4712//4712
f 4672//4672 4673//4673 4714//4714
f 4672//4672 4714//4714 4713//4713
f 4673//4673 4674//4674 4715//4715
f 4673//4673 4715//4715 4714//4714
f 4674//4674 4675//4675 4716//4716
f 4674//4674 4716//4716 4715//4715
f 4675//4675 4676//4676 4717//4717
f 4675//4675 4717//4717 4716//4716
f 4676//4676 4677//4677 4718//4718
f 4676//4676 4718//4718 4717//4717
f 4677//4677 4678//4678 4719//4719
f 4677//4677 4719//4719 4718//4718
f 4678//4678 4679//4679 4720//4720
f 4678//4678 4720//4720 4719//4719
f 4679//4679 4680//4680 4721//4721
f 4679//4679 4721//4721 4720//4720
f 4680//4680 4681//4681 4722//4722
f 4680//4680 4722//4722 4721//4721
f 4681//4681 4682//4682 4723//4723
f 4681//4681 4723//4723 4722//4722
f 4682//4682 4683//4683 4724//4724
f 4682//4682 4724//4724 4723//4723
f 4683//4683 4684//4684 4725//4725
f 4683//4683 4725//4725 4724//4724
f 4684//4684 4685//4685 4726//4726
f 4684//4684 4726//4726 4725//4725
f 4685//4685 4686//4686 4727//4727
f 4685//4685 4727//4727 4726//4726
f 4686//4686 4687//4687 4728//4728
f 4686//4686 4728//4728 4727//4727
f 4687//4687 4688//4688 4729//4729
f 4687//4687 4729//4729 4728//4728
f 4688//4688 4689//4689 4730//4730
f 4688//4688 4730//4730 4729//4729
f 4689//4689 4690//4690 4731//4731
f 4689//4689 4731//4731 4730//4730
f 4690//4690 4691//4691 4732//4732
f 4690//4690 4732//4732 4731//4731
f 4691//4691 4692//4692 4733//4733
f 4691//4691 4733//4733 4732//4732
f 4692//4692 4693//4693 4734//4734
f 4692//4692 4734//4734 4733//4733
f 4693//4693 4694//4694 4735//4735
f 4693//4693 4735//4735 4734//4734
f 4694//4694 4695//4695 4736//4736
f 4694//4694 4736//4736 4735//4735
f 4695//4695 4696//4696 4737//4737
f 4695//4695 4737//4737 4736//4736
f 4696//4696 4697//4697 4738//4738
f 4696//4696 4738//4738 4737//4737
f 4697//4697 4698//4698 4739//4739
f 4697//4697 4739//4739 4738//4738
f 4698//4698 4699//4699 4740//4740
f 4698//4698 4740//4740 4739//4739
f 4699//4699 4700//4700 4741//4741
f 4699//4699 4741//4741 4740//4740
f 4700//4700 4701//4701 4742//4742
f 4700//4700 4742//4742 4741//4741
f 4701//4701 4702//4702 4743//4743
f 4701//4701 4743//4743 4742//4742
f 4702//4702 4703//4703 4744//4744
f 4702//4702 4744//4744 4743//4743
f 4703//4703 4704//4704 4745//4745
f 4703//4703 4745//4745 4744//4744
f 4704//4704 4705//4705 4746//4746
f 4704//4704 4746//4746 4745//4745
f 4705//4705 4706//4706 4747//4747
f 4705//4705 4747//4747 4746//4746
f 4706//4706 4707//4707 4748//4748
f 4706//4706 4748//4748 4747//4747
f 4707//4707 4708//4708 4749//4749
f 4707//4707 4749//4749 4748//4748
f 4708//4708 4709//4709 4750//4750
f 4708//4708 4750//4750 4749//4749
f 4710//4710 4711//4711 4752//4752
f 4710//4710 4752//4752 4751//4751
f 4711//4711 4712//4712 4753//4753
f 4711//4711 4753//4753 4752//4752
f 4712//4712 4713//4713 4754//4754
f 4712//4712 4754//4754 4753//4753
f 4713//4713 4714//4714 4755//4755
f 4713//4713 4755//4755 4754//4754
f 4714//4714 4715//4715 4756//4756
f 4714//4714 4756//4756 4755//4755
f 4715//4715 4716//4716 4757//4757
f 4715//4715 4757//4757 4756//4756
f 4716//4716 4717//4717 4758//4758
f 4716//4716 4758//4758 4757//4757
f 4717//4717 4718//4718 4759//4759
f 4717//4717 4759//4759 4758//4758
f 4718//4718 4719//4719 4760//4760
f 4718//4718 4760//4760 4759//4759
f 4719//4719 4720//4720 4761//4761
f 4719//4719 4761//4761 4760//4760
f 4720//4720 4721//4721 4762//4762
f 4720//4720 4762//4762 4761//4761
f 4721//4721 4722//4722 4763//4763
f 4721//4721 4763//4763 4762//4762
f 4722//4722 4723//4723 4764//4764
f 4722//4722 4764//4764 4763//4763
f 4723//4723 4724//4724 4765//4765
f 4723//4723 4765//4765 4764//4764
f 4724//4724 4725//4725 4766//4766
f 4724//4724 4766//4766 4765//4765
f 4725//4725 4726//4726 4767//4767
f 4725//4725 4767//4767 4766//4766
f 4726//4726 4727//4727 4768//4768
f 4726//4726 4768//4768 4767//4767
f 4727//4727 4728//4728 4769//4769
f 4727//4727 4769//4769 4768//4768
f 4728//4728 4729//4729 4770//4770
f 4728//4728 4770//4770 4769//4769
f 4729//4729 4730//4730 4771//4771
f 4729//4729 4771//4771 4770//4770
f 4730//4730 4731//4731 4772//4772
f 4730//4730 4772//4772 4771//4771
f 4731//4731 4732//4732 4773//4773
f 4731//4731 4773//4773 4772//4772
f 4732//4732 4733//4733 4774//4774
f 4732//4732 4774//4774 4773//4773
f 4733//4733 4734//4734 4775//4775
f 4733//4733 4775//4775 4774//4774
f 4734//4734 4735//4735 4776//4776
f 4734//4734 4776//4776 4775//4775
f 4735//4735 4736//4736 4777//4777
f 4735//4735 4777//4777 4776//4776
f 4736//4736 4737//4737 4778//4778
f 4736//4736 4778//4778 4777//4777
f 4737//4737 4738//4738 4779//4779
f 4737//4737 4779//4779 4778//4778
f 4738//4738 4739//4739 4780//4780
f 4738//4738 4780//4780 4779//4779
f 4739//4739 4740//4740 4781//4781
f 4739//4739 4781//4781 4780//4780
f 4740//4740 4741//4741 4782//4782
f 4740//4740 4782//4782 4781//4781
f 4741//4741 4742//4742 4783//4783
f 4741//4741 4783//4783 4782//4782
f 4742//4742 4743//4743 4784//4784
f 4742//4742 4784//4784 4783//4783
f 4743//4743 4744//4744 4785//4785
f 4743//4743 4785//4785 4784//4784
f 4744//4744 4745//4745 4786//4786
f 4744//4744 4786//4786 4785//4785
f 4745//4745 4746//4746 4787//4787
f 4745//4745 4787//4787 4786//4786
f 4746//4746 4747//4747 4788//4788
f 4746//4746 4788//4788 4787//4787
f 4747//4747 4748//4748 4789//4789
f 4747//4747 4789//4789 4788//4788
f 4748//4748 4749//4749 4790//4790
f 4748//4748 4790//4790 4789//4789
f 4749//4749 4750//4750 4791//4791
f 4749//4749 4791//4791 4790//4790
f 4751//4751 4752//4752 4793//4793
f 4751//4751 4793//4793 4792//4792
f 4752//4752 4753//4753 4794//4794
f 4752//4752 4794//4794 4793//4793
f 4753//4753 4754//4754 4795//4795
f 4753//4753 4795//4795 4794//4794
f 4754//4754 4755//4755 4796//4796
f 4754//4754 4796//4796 4795//4795
f 4755//4755 4756//4756 4797//4797
f 4755//4755 4797//4797 4796//4796
f 4756//4756 4757//4757 4798//4798
f 4756//4756 4798//4798 4797//4797
f 4757//4757 4758//4758 4799//4799
f 4757//4757 4799//4799 4798//4798
f 4758//4758 4759//4759 4800//4800
f 4758//4758 4800//4800 4799//4799
f 4759//4759 4760//4760 4801//4801
f 4759//4759 4801//4801 4800//4800
f 4760//4760 4761//4761 4802//4802
f 4760//4760 4802//4802 4801//4801
f 4761//4761 4762//4762 4803//4803
f 4761//4761 4803//4803 4802//4802
f 4762//4762 4763//4763 4804//4804
f 4762//4762 4804//4804 4803//4803
f 4763//4763 4764//4764 4805//4805
f 4763//4763 4805//4805 4804//4804
f 4764//4764 4765//4765 4806//4806
f 4764//4764 4806//4806 4805//4805
f 4765//4765 4766//4766 4807//4807
f 4765//4765 4807//4807 4806//4806
f 4766//4766 4767//4767 4808//4808
f 4766//4766 4808//4808 4807//4807
f 4767//4767 4768//4768 4809//4809
f 4767//4767 4809//4809 4808//4808
f 4768//4768 4769//4769 4810//4810
f 4768//4768 4810//4810 4809//4809
f 4769//4769 4770//4770 4811//4811
f 4769//4769 4811//4811 4810//4810
f 4770//4770 4771//4771 4812//4812
f 4770//4770 4812//4812 4811//4811
f 4771//4771 4772//4772 4813//4813
f 4771//4771 4813//4813 4812//4812
f 4772//4772 4773//4773 4814//4814
f 4772//4772 4814//4814 4813//4813
f 4773//4773 4774//4774 4815//4815
f 4773//4773 4815//4815 4814//4814
f 4774//4774 4775//4775 4816//4816
f 4774//4774 4816//4816 4815//4815
f 4775//4775 4776//4776 4817//4817
f 4775//4775 4817//4817 4816//4816
f 4776//4776 4777//4777 4818//4818
f 4776//4776 4818//4818 4817//4817
f 4777//4777 4778//4778 4819//4819
f 4777//4777 4819//4819 4818//4818
f 4778//4778 4779//4779 4820//4820
f 4778//4778 4820//4820 4819//4819
f 4779//4779 4780//4780 4821//4821
f 4779//4779 4821//4821 4820//4820
f 4780//4780 4781//4781 4822//4822
f 4780//4780 4822//4822 4821//4821
f 4781//4781 4782//4782 4823//4823
f 4781//4781 4823//4823 4822//4822
f 4782//4782 4783//4783 4824//4824
f 4782//4782 4824//4824 4823//4823
f 4783//4783 4784//4784 4825//4825
f 4783//4783 4825//4825 4824//4824
f 4784//4784 4785//4785 4826//4826
f 4784//4784 4826//4826 4825//4825
f 4785//4785 4786//4786 4827//4827
f 4785//4785 4827//4827 4826//4826
f 4786//4786 4787//4787 4828//4828
f 4786//4786 4828//4828 4827//4827
f 4787//4787 4788//4788 4829//4829
f 4787//4787 4829//4829 4828//4828
f 4788//4788 4789//4789 4830//4830
f 4788//4788 4830//4830 4829//4829
f 4789//4789 4790//4790 4831//4831
f 4789//4789 4831//4831 4830//4830
f 4790//4790 4791//4791 4832//4832
f 4790//4790 4832//4832 4831//4831
f 4792//4792 4793//4793 4834//4834
f 4792//4792 4834//4834 4833//4833
f 4793//4793 4794//4794 4835//4835
f 4793//4793 4835//4835 4834//4834
f 4794//4794 4795//4795 4836//4836
f 4794//4794 4836//4836 4835//4835
f 4795//4795 4796//4796 4837//4837
f 4795//4795 4837//4837 4836//4836
f 4796//4796 4797//4797 4838//4838
f 4796//4796 4838//4838 4837//4837
f 4797//4797 4798//4798 4839//4839
f 4797//4797 4839//4839 4838//4838
f 4798//4798 4799//4799 4840//4840
f 4798//4798 4840//4840 4839//4839
f 4799//4799 4800//4800 4841//4841
f 4799//4799 4841//4841 4840//4840
f 4800//4800 4801//4801 4842//4842
f 4800//4800 4842//4842 4841//4841
f 4801//4801 4802//4802 4843//4843
f 4801//4801 4843//4843 4842//4842
f 4802//4802 4803//4803 4844//4844
f 4802//4802 4844//4844 4843//4843
f 4803//4803 4804//4804 4845//4845
f 4803//4803 4845//4845 4844//4844
f 4804//4804 4805//4805 4846//4846
f 4804//4804 4846//4846 4845//4845
f 4805//4805 4806//4806 4847//4847
f 4805//4805 4847//4847 4846//4846
f 4806//4806 4807//4807 4848//4848
f 4806//4806 4848//4848 4847//4847
f 4807//4807 4808//4808 4849//4849
f 4807//4807 4849//4849 4848//4848
f 4808//4808 4809//4809 4850//4850
f 4808//4808 4850//4850 4849//4849
f 4809//4809 4810//4810 4851//4851
f 4809//4809 4851//4851 4850//4850
f 4810//4810 4811//4811 4852//4852
f 4810//4810 4852//4852 4851//4851
f 4811//4811 4812//4812 4853//4853
f 4811//4811 4853//4853 4852//4852
f 4812//4812 4813//4813 4854//4854
f 4812//4812 4854//4854 4853//4853
f 4813//4813 4814//4814 4855//4855
f 4813//4813 4855//4855 4854//4854
f 4814//4814 4815//4815 4856//4856
f 4814//4814 4856//4856 4855//4855
f 4815//4815 4816//4816 4857//4857
f 4815//4815 4857//4857 4856//4856
f 4816//4816 4817//4817 4858//4858
f 4816//4816 4858//4858 4857//4857
f 4817//4817 4818//4818 4859//4859
f 4817//4817 4859//4859 4858//4858
f 4818//4818 4819//4819 4860//4860
f 4818//4818 4860//4860 4859//4859
f 4819//4819 4820//4820 4861//4861
f 4819//4819 4861//4861 4860//4860
f 4820//4820 4821//4821 4862//4862
f 4820//4820 4862//4862 4861//4861
f 4821//4821 4822//4822 4863//4863
f 4821//4821 4863//4863 4862//4862
f 4822//4822 4823//4823 4864//4864
f 4822//4822 4864//4864 4863//4863
f 4823//4823 4824//4824 4865//4865
f 4823//4823 4865//4865 4864//4864
f 4824//4824 4825//4825 4866//4866
f 4824//4824 4866//4866 4865//4865
f 4825//4825 4826//4826 4867//4867
f 4825//4825 4867//4867 4866//4866
f 4826//4826 4827//4827 4868//4868
f 4826//4826 4868//4868 4867//4867
f 4827//4827 4828//4828 4869//4869
f 4827//4827 4869//4869 4868//4868
f 4828//4828 4829//4829 4870//4870
f 4828//4828 4870//4870 4869//4869
f 4829//4829 4830//4830 4871//4871
f 4829//4829 4871//4871 4870//4870
f 4830//4830 4831//4831 4872//4872
f 4830//4830 4872//4872 4871//4871
f 4831//4831 4832//4832 4873//4873
f 4831//4831 4873//4873 4872//4872
f 4833//4833 4834//4834 4875//4875
f 4833//4833 4875//4875 4874//4874
f 4834//4834 4835//4835 4876//4876
f 4834//4834 4876//4876 4875//4875
f 4835//4835 4836//4836 4877//4877
f 4835//4835 4877//4877 4876//4876
f 4836//4836 4837//4837 4878//4878
f 4836//4836 4878//4878 4877//4877
f 4837//4837 4838//4838 4879//4879
f 4837//4837 4879//4879 4878//4878
f 4838//4838 4839//4839 4880//4880
f 4838//4838 4880//4880 4879//4879
f 4839//4839 4840//4840 4881//4881
f 4839//4839 4881//4881 4880//4880
f 4840//4840 4841//4841 4882//4882
f 4840//4840 4882//4882 4881//4881
f 4841//4841 4842//4842 4883//4883
f 4841//4841 4883//4883 4882//4882
f 4842//4842 4843//4843 4884//4884
f 4842//4842 4884//4884 4883//4883
f 4843//4843 4844//4844 4885//4885
f 4843//4843 4885//4885 4884//4884
f 4844//4844 4845//4845 4886//4886
f 4844//4844 4886//4886 4885//4885
f 4845//4845 4846//4846 4887//4887
f 4845//4845 4887//4887 4886//4886
f 4846//4846 4847//4847 4888//4888
f 4846//4846 4888//4888 4887//4887
f 4847//4847 4848//4848 4889//4889
f 4847//4847 4889//4889 4888//4888
f 4848//4848 4849//4849 4890//4890
f 4848//4848 4890//4890 4889//4889
f 4849//4849 4850//4850 4891//4891
f 4849//4849 4891//4891 4890//4890
f 4850//4850 4851//4851 4892//4892
f 4850//4850 4892//4892 4891//4891
f 4851//4851 4852//4852 4893//4893
f 4851//4851 4893//4893 4892//4892
f 4852//4852 4853//4853 4894//4894
f 4852//4852 4894//4894 4893//4893
f 4853//4853 4854//4854 4895//4895
f 4853//4853 4895//4895 4894//4894
f 4854//4854 4855//4855 4896//4896
f 4854//4854 4896//4896 4895//4895
f 4855//4855 4856//4856 4897//4897
f 4855//4855 4897//4897 4896//4896
f 4856//4856 4857//4857 4898//4898
f 4856//4856 4898//4898 4897//4897
f 4857//4857 4858//4858 4899//4899
f 4857//4857 4899//4899 4898//4898
f 4858//4858 4859//4859 4900//4900
f 4858//4858 4900//4900 4899//4899
f 4859//4859 4860//4860 4901//4901
f 4859//4859 4901//4901 4900//4900
f 4860//4860 4861//4861 4902//4902
f 4860//4860 4902//4902 4901//4901
f 4861//4861 4862//4862 4903//4903
f 4861//4861 4903//4903 4902//4902
f 4862//4862 4863//4863 4904//4904
f 4862//4862 4904//4904 4903//4903
f 4863//4863 4864//4864 4905//4905
f 4863//4863 4905//4905 4904//4904
f 4864//4864 4865//4865 4906//4906
f 4864//4864 4906//4906 4905//4905
f 4865//4865 4866//4866 4907//4907
f 4865//4865 4907//4907 4906//4906
f 4866//4866 4867//4867 4908//4908
f 4866//4866 4908//4908 4907//4907
f 4867//4867 4868//4868 4909//4909
f 4867//4867 4909//4909 4908//4908
f 4868//4868 4869//4869 4910//4910
f 4868//4868 4910//4910 4909//4909
f 4869//4869 4870//4870 4911//4911
f 4869//4869 4911//4911 4910//4910
f 4870//4870 4871//4871 4912//4912
f 4870//4870 4912//4912 4911//4911
f 4871//4871 4872//4872 4913//4913
f 4871//4871 4913//4913 4912//4912
f 4872//4872 4873//4873 4914//4914
f 4872//4872 4914//4914 4913//4913
f 4957//4957 4916//4916 4915//4915
f 4956//4956 4957//4957 4915//4915
f 4958//4958 4917//4917 4916//4916
f 4957//4957 4958//4958 4916//4916
f 4959//4959 4918//4918 4917//4917
f 4958//4958 4959//4959 4917//4917
f 4960//4960 4919//4919 4918//4918
f 4959//4959 4960//4960 4918//4918
f 4961//4961 4920//4920 4919//4919
f 4960//4960 4961//4961 4919//4919
f 4962//4962 4921//4921 4920//4920
f 4961//4961 4962//4962 4920//4920
f 4963//4963 4922//4922 4921//4921
f 4962//4962 4963//4963 4921//4921
f 4964//4964 4923//4923 4922//4922
f 4963//4963 4964//4964 4922//4922
f 4965//4965 4924//4924 4923//4923
f 4964//4964 4965//4965 4923//4923
f 4966//4966 4925//4925 4924//4924
f 4965//4965 4966//4966 4924//4924
f 4967//4967 4926//4926 4925//4925
f 4966//4966 4967//4967 4925//4925
f 4968//4968 4927//4927 4926//4926
f 4967//4967 4968//4968 4926//4926
f 4969//4969 4928//4928 4927//4927
f 4968//4968 4969//4969 4927//4927
f 4970//4970 4929//4929 4928//4928
f 4969//4969 4970//4970 4928//4928
f 4971//4971 4930//4930 4929//4929
f 4970//4970 4971//4971 4929//4929
f 4972//4972 4931//4931 4930//4930
f 4971//4971 4972//4972 4930//4930
f 4973//4973 4932//4932 4931//4931
f 4972//4972 4973//4973 4931//4931
f 4974//4974 4933//4933 4932//4932
f 4973//4973 4974//4974 4932//4932
f 4975//4975 4934//4934 4933//4933
f 4974//4974 4975//4975 4933//4933
f 4976//4976 4935//4935 4934//4934
f 4975//4975 4976//4976 4934//4934
f 4977//4977 4936//4936 4935//4935
f 4976//4976 4977//4977 4935//4935
f 4978//4978 4937//4937 4936//4936
f 4977//4977 4978//4978 4936//4936
f 4979//4979 4938//4938 4937//4937
f 4978//4978 4979//4979 4937//4937
f 4980//4980 4939//4939 4938//4938
f 4979//4979 4980//4980 4938//4938
f 4981//4981 4940//4940 4939//4939
f 4980//4980 4981//4981 4939//4939
f 4982//4982 4941//4941 4940//4940
f 4981//4981 4982//4982 4940//4940
f 4983//4983 4942//4942 4941//4941
f 4982//4982 4983//4983 4941//4941
f 4984//4984 4943//4943 4942//4942
f 4983//4983 4984//4984 4942//4942
f 4985//4985 4944//4944 4943//4943
f 4984//4984 4985//4985 4943//4943
f 4986//4986 4945//4945 4944//4944
f 4985//4985 4986//4986 4944//4944
f 4987//4987 4946//4946 4945//4945
f 4986//4986 4987//4987 4945//4945
f 4988//4988 4947//4947 4946//4946
f 4987//4987 4988//4988 4946//4946
f 4989//4989 4948//4948 4947//4947
f 4988//4988 4989//4989 4947//4947
f 4990//4990 4949//4949 4948//4948
f 4989//4989 4990//4990 4948//4948
f 4991//4991 4950//4950 4949//4949
f 4990//4990 4991//4991 4949//4949
f 4992//4992 4951//4951 4950//4950
f 4991//4991 4992//4992 4950//4950
f 4993//4993 4952//4952 4951//4951
f 4992//4992 4993//4993 4951//4951
f 4994//4994 4953//4953 4952//4952
f 4993//4993 4994//4994 4952//4952
f 4995//4995 4954//4954 4953//4953
f 4994//4994 4995//4995 4953//4953
f 4996//4996 4955//4955 4954//4954
f 4995//4995 4996//4996 4954//4954
f 4998//4998 4997//4997 5008//5008
f 4999//4999 4998//4998 5008//5008
f 5000//5000 4999//4999 5008//5008
f 5003//5003 5002//5002 5001//5001
f 5004//5004 5003//5003 5001//5001
f 5004//5004 5001//5001 5000//5000
f 5005//5005 5004//5004 5000//5000
f 5006//5006 5005//5005 5000//5000
f 5006//5006 5000//5000 5008//5008
f 5008//5008 5007//5007 5006//5006
f 5022//5022 5010//5010 5009//5009
f 5021//5021 5022//5022 5009//5009
f 5023//5023 5011//5011 5010//5010
f 5022//5022 5023//5023 5010//5010
f 5024//5024 5012//5012 5011//5011
f 5023//5023 5024//5024 5011//5011
f 5025//5025 5013//5013 5012//5012
f 5024//5024 5025//5025 5012//5012
f 5026//5026 5014//5014 5013//5013
f 5025//5025 5026//5026 5013//5013
f 5027//5027 5015//5015 5014//5014
f 5026//5026 5027//5027 5014//5014
f 5028//5028 5016//5016 5015//5015
f 5027//5027 5028//5028 5015//5015
f 5029//5029 5017//5017 5016//5016
f 5028//5028 5029//5029 5016//5016
f 5030//5030 5018//5018 5017//5017
f 5029//5029 5030//5030 5017//5017
f 5031//5031 5019//5019 5018//5018
f 5030//5030 5031//5031 5018//5018
f 5032//5032 5020//5020 5019//5019
f 5031//5031 5032//5032 5019//5019
f 5021//5021 5009//5009 5020//5020
f 5032//5032 5021//5021 5020//5020
